study_id,source_doi,source_sha256,plant_id,sampling_day,analyte,value_source,source_header,source_value_label,source_time_cell,source_value_cell,qc_flags,model_admission
heitkamp_2021,10.1186/s13068-021-02034-5,c60a45ab498d3fbbb25ece27d6cd338b348742f8f03ca8bd126d4a5ffd0ded00,BGP1,0,pH,8.1,pH,pH,pH!C4,pH!C5,,False
heitkamp_2021,10.1186/s13068-021-02034-5,c60a45ab498d3fbbb25ece27d6cd338b348742f8f03ca8bd126d4a5ffd0ded00,BGP1,6,pH,8.2,pH,pH,pH!D4,pH!D5,,False
heitkamp_2021,10.1186/s13068-021-02034-5,c60a45ab498d3fbbb25ece27d6cd338b348742f8f03ca8bd126d4a5ffd0ded00,BGP1,14,pH,8.2,pH,pH,pH!E4,pH!E5,,False
heitkamp_2021,10.1186/s13068-021-02034-5,c60a45ab498d3fbbb25ece27d6cd338b348742f8f03ca8bd126d4a5ffd0ded00,BGP1,34,pH,8.3,pH,pH,pH!F4,pH!F5,,False
heitkamp_2021,10.1186/s13068-021-02034-5,c60a45ab498d3fbbb25ece27d6cd338b348742f8f03ca8bd126d4a5ffd0ded00,BGP1,41,pH,7.95,pH,pH,pH!G4,pH!G5,,False
heitkamp_2021,10.1186/s13068-021-02034-5,c60a45ab498d3fbbb25ece27d6cd338b348742f8f03ca8bd126d4a5ffd0ded00,BGP1,55,pH,8.1,pH,pH,pH!H4,pH!H5,,False
heitkamp_2021,10.1186/s13068-021-02034-5,c60a45ab498d3fbbb25ece27d6cd338b348742f8f03ca8bd126d4a5ffd0ded00,BGP1,69,pH,8.149999999999999,pH,pH,pH!I4,pH!I5,,False
heitkamp_2021,10.1186/s13068-021-02034-5,c60a45ab498d3fbbb25ece27d6cd338b348742f8f03ca8bd126d4a5ffd0ded00,BGP1,83,pH,8.05,pH,pH,pH!J4,pH!J5,,False
heitkamp_2021,10.1186/s13068-021-02034-5,c60a45ab498d3fbbb25ece27d6cd338b348742f8f03ca8bd126d4a5ffd0ded00,BGP1,90,pH,8.05,pH,pH,pH!K4,pH!K5,,False
heitkamp_2021,10.1186/s13068-021-02034-5,c60a45ab498d3fbbb25ece27d6cd338b348742f8f03ca8bd126d4a5ffd0ded00,BGP1,97,pH,8.2,pH,pH,pH!L4,pH!L5,,False
heitkamp_2021,10.1186/s13068-021-02034-5,c60a45ab498d3fbbb25ece27d6cd338b348742f8f03ca8bd126d4a5ffd0ded00,BGP1,104,pH,8.1,pH,pH,pH!M4,pH!M5,,False
heitkamp_2021,10.1186/s13068-021-02034-5,c60a45ab498d3fbbb25ece27d6cd338b348742f8f03ca8bd126d4a5ffd0ded00,BGP1,111,pH,8.05,pH,pH,pH!N4,pH!N5,,False
heitkamp_2021,10.1186/s13068-021-02034-5,c60a45ab498d3fbbb25ece27d6cd338b348742f8f03ca8bd126d4a5ffd0ded00,BGP1,118,pH,8.05,pH,pH,pH!O4,pH!O5,,False
heitkamp_2021,10.1186/s13068-021-02034-5,c60a45ab498d3fbbb25ece27d6cd338b348742f8f03ca8bd126d4a5ffd0ded00,BGP1,132,pH,8.1,pH,pH,pH!P4,pH!P5,,False
heitkamp_2021,10.1186/s13068-021-02034-5,c60a45ab498d3fbbb25ece27d6cd338b348742f8f03ca8bd126d4a5ffd0ded00,BGP1,146,pH,8,pH,pH,pH!Q4,pH!Q5,,False
heitkamp_2021,10.1186/s13068-021-02034-5,c60a45ab498d3fbbb25ece27d6cd338b348742f8f03ca8bd126d4a5ffd0ded00,BGP1,153,pH,8.05,pH,pH,pH!R4,pH!R5,,False
heitkamp_2021,10.1186/s13068-021-02034-5,c60a45ab498d3fbbb25ece27d6cd338b348742f8f03ca8bd126d4a5ffd0ded00,BGP1,174,pH,8.1,pH,pH,pH!S4,pH!S5,,False
heitkamp_2021,10.1186/s13068-021-02034-5,c60a45ab498d3fbbb25ece27d6cd338b348742f8f03ca8bd126d4a5ffd0ded00,BGP1,188,pH,8.2,pH,pH,pH!T4,pH!T5,,False
heitkamp_2021,10.1186/s13068-021-02034-5,c60a45ab498d3fbbb25ece27d6cd338b348742f8f03ca8bd126d4a5ffd0ded00,BGP1,209,pH,8,pH,pH,pH!U4,pH!U5,,False
heitkamp_2021,10.1186/s13068-021-02034-5,c60a45ab498d3fbbb25ece27d6cd338b348742f8f03ca8bd126d4a5ffd0ded00,BGP1,223,pH,8,pH,pH,pH!V4,pH!V5,,False
heitkamp_2021,10.1186/s13068-021-02034-5,c60a45ab498d3fbbb25ece27d6cd338b348742f8f03ca8bd126d4a5ffd0ded00,BGP1,237,pH,8.149999999999999,pH,pH,pH!W4,pH!W5,,False
heitkamp_2021,10.1186/s13068-021-02034-5,c60a45ab498d3fbbb25ece27d6cd338b348742f8f03ca8bd126d4a5ffd0ded00,BGP1,272,pH,8.1,pH,pH,pH!X4,pH!X5,,False
heitkamp_2021,10.1186/s13068-021-02034-5,c60a45ab498d3fbbb25ece27d6cd338b348742f8f03ca8bd126d4a5ffd0ded00,BGP1,280,pH,8.2,pH,pH,pH!Y4,pH!Y5,,False
heitkamp_2021,10.1186/s13068-021-02034-5,c60a45ab498d3fbbb25ece27d6cd338b348742f8f03ca8bd126d4a5ffd0ded00,BGP1,300,pH,8,pH,pH,pH!Z4,pH!Z5,,False
heitkamp_2021,10.1186/s13068-021-02034-5,c60a45ab498d3fbbb25ece27d6cd338b348742f8f03ca8bd126d4a5ffd0ded00,BGP1,328,pH,8.1,pH,pH,pH!AA4,pH!AA5,,False
heitkamp_2021,10.1186/s13068-021-02034-5,c60a45ab498d3fbbb25ece27d6cd338b348742f8f03ca8bd126d4a5ffd0ded00,BGP1,359,pH,8.05,pH,pH,pH!AB4,pH!AB5,,False
heitkamp_2021,10.1186/s13068-021-02034-5,c60a45ab498d3fbbb25ece27d6cd338b348742f8f03ca8bd126d4a5ffd0ded00,BGP2,0,pH,7.8,pH,pH,pH!C8,pH!C9,,False
heitkamp_2021,10.1186/s13068-021-02034-5,c60a45ab498d3fbbb25ece27d6cd338b348742f8f03ca8bd126d4a5ffd0ded00,BGP2,16,pH,8.1,pH,pH,pH!D8,pH!D9,,False
heitkamp_2021,10.1186/s13068-021-02034-5,c60a45ab498d3fbbb25ece27d6cd338b348742f8f03ca8bd126d4a5ffd0ded00,BGP2,17,pH,8.2,pH,pH,pH!E8,pH!E9,,False
heitkamp_2021,10.1186/s13068-021-02034-5,c60a45ab498d3fbbb25ece27d6cd338b348742f8f03ca8bd126d4a5ffd0ded00,BGP2,19,pH,8.2,pH,pH,pH!F8,pH!F9,,False
heitkamp_2021,10.1186/s13068-021-02034-5,c60a45ab498d3fbbb25ece27d6cd338b348742f8f03ca8bd126d4a5ffd0ded00,BGP2,21,pH,7.8,pH,pH,pH!G8,pH!G9,,False
heitkamp_2021,10.1186/s13068-021-02034-5,c60a45ab498d3fbbb25ece27d6cd338b348742f8f03ca8bd126d4a5ffd0ded00,BGP2,28,pH,8.1,pH,pH,pH!H8,pH!H9,,False
heitkamp_2021,10.1186/s13068-021-02034-5,c60a45ab498d3fbbb25ece27d6cd338b348742f8f03ca8bd126d4a5ffd0ded00,BGP2,32,pH,8.2,pH,pH,pH!I8,pH!I9,,False
heitkamp_2021,10.1186/s13068-021-02034-5,c60a45ab498d3fbbb25ece27d6cd338b348742f8f03ca8bd126d4a5ffd0ded00,BGP2,42,pH,8.2,pH,pH,pH!J8,pH!J9,,False
heitkamp_2021,10.1186/s13068-021-02034-5,c60a45ab498d3fbbb25ece27d6cd338b348742f8f03ca8bd126d4a5ffd0ded00,BGP2,44,pH,8.1,pH,pH,pH!K8,pH!K9,,False
heitkamp_2021,10.1186/s13068-021-02034-5,c60a45ab498d3fbbb25ece27d6cd338b348742f8f03ca8bd126d4a5ffd0ded00,BGP2,50,pH,8.2,pH,pH,pH!L8,pH!L9,,False
heitkamp_2021,10.1186/s13068-021-02034-5,c60a45ab498d3fbbb25ece27d6cd338b348742f8f03ca8bd126d4a5ffd0ded00,BGP2,70,pH,8.2,pH,pH,pH!M8,pH!M9,,False
heitkamp_2021,10.1186/s13068-021-02034-5,c60a45ab498d3fbbb25ece27d6cd338b348742f8f03ca8bd126d4a5ffd0ded00,BGP2,87,pH,7.9,pH,pH,pH!N8,pH!N9,,False
heitkamp_2021,10.1186/s13068-021-02034-5,c60a45ab498d3fbbb25ece27d6cd338b348742f8f03ca8bd126d4a5ffd0ded00,BGP2,127,pH,7.9,pH,pH,pH!O8,pH!O9,,False
heitkamp_2021,10.1186/s13068-021-02034-5,c60a45ab498d3fbbb25ece27d6cd338b348742f8f03ca8bd126d4a5ffd0ded00,BGP2,140,pH,8.2,pH,pH,pH!P8,pH!P9,,False
heitkamp_2021,10.1186/s13068-021-02034-5,c60a45ab498d3fbbb25ece27d6cd338b348742f8f03ca8bd126d4a5ffd0ded00,BGP2,190,pH,8.1,pH,pH,pH!Q8,pH!Q9,,False
heitkamp_2021,10.1186/s13068-021-02034-5,c60a45ab498d3fbbb25ece27d6cd338b348742f8f03ca8bd126d4a5ffd0ded00,BGP2,273,pH,8.2,pH,pH,pH!R8,pH!R9,,False
heitkamp_2021,10.1186/s13068-021-02034-5,c60a45ab498d3fbbb25ece27d6cd338b348742f8f03ca8bd126d4a5ffd0ded00,BGP2,315,pH,8.2,pH,pH,pH!S8,pH!S9,,False
heitkamp_2021,10.1186/s13068-021-02034-5,c60a45ab498d3fbbb25ece27d6cd338b348742f8f03ca8bd126d4a5ffd0ded00,BGP3,0,pH,8,pH,pH,pH!C12,pH!C13,,False
heitkamp_2021,10.1186/s13068-021-02034-5,c60a45ab498d3fbbb25ece27d6cd338b348742f8f03ca8bd126d4a5ffd0ded00,BGP3,178,pH,8.1,pH,pH,pH!D12,pH!D13,,False
heitkamp_2021,10.1186/s13068-021-02034-5,c60a45ab498d3fbbb25ece27d6cd338b348742f8f03ca8bd126d4a5ffd0ded00,BGP3,367,pH,8.2,pH,pH,pH!E12,pH!E13,,False
heitkamp_2021,10.1186/s13068-021-02034-5,c60a45ab498d3fbbb25ece27d6cd338b348742f8f03ca8bd126d4a5ffd0ded00,BGP4,0,pH,7.81,pH,pH,pH!C16,pH!C17,,False
heitkamp_2021,10.1186/s13068-021-02034-5,c60a45ab498d3fbbb25ece27d6cd338b348742f8f03ca8bd126d4a5ffd0ded00,BGP4,29,pH,7.59,pH,pH,pH!D16,pH!D17,,False
heitkamp_2021,10.1186/s13068-021-02034-5,c60a45ab498d3fbbb25ece27d6cd338b348742f8f03ca8bd126d4a5ffd0ded00,BGP4,42,pH,8.05,pH,pH,pH!E16,pH!E17,,False
heitkamp_2021,10.1186/s13068-021-02034-5,c60a45ab498d3fbbb25ece27d6cd338b348742f8f03ca8bd126d4a5ffd0ded00,BGP4,73,pH,7.69,pH,pH,pH!F16,pH!F17,,False
heitkamp_2021,10.1186/s13068-021-02034-5,c60a45ab498d3fbbb25ece27d6cd338b348742f8f03ca8bd126d4a5ffd0ded00,BGP4,114,pH,7.79,pH,pH,pH!G16,pH!G17,,False
heitkamp_2021,10.1186/s13068-021-02034-5,c60a45ab498d3fbbb25ece27d6cd338b348742f8f03ca8bd126d4a5ffd0ded00,BGP4,140,pH,8.01,pH,pH,pH!H16,pH!H17,,False
heitkamp_2021,10.1186/s13068-021-02034-5,c60a45ab498d3fbbb25ece27d6cd338b348742f8f03ca8bd126d4a5ffd0ded00,BGP4,169,pH,7.98,pH,pH,pH!I16,pH!I17,,False
heitkamp_2021,10.1186/s13068-021-02034-5,c60a45ab498d3fbbb25ece27d6cd338b348742f8f03ca8bd126d4a5ffd0ded00,BGP4,204,pH,7.63,pH,pH,pH!J16,pH!J17,,False
heitkamp_2021,10.1186/s13068-021-02034-5,c60a45ab498d3fbbb25ece27d6cd338b348742f8f03ca8bd126d4a5ffd0ded00,BGP4,238,pH,7.61,pH,pH,pH!K16,pH!K17,,False
heitkamp_2021,10.1186/s13068-021-02034-5,c60a45ab498d3fbbb25ece27d6cd338b348742f8f03ca8bd126d4a5ffd0ded00,BGP4,259,pH,7.82,pH,pH,pH!L16,pH!L17,,False
heitkamp_2021,10.1186/s13068-021-02034-5,c60a45ab498d3fbbb25ece27d6cd338b348742f8f03ca8bd126d4a5ffd0ded00,BGP4,288,pH,7.56,pH,pH,pH!M16,pH!M17,,False
heitkamp_2021,10.1186/s13068-021-02034-5,c60a45ab498d3fbbb25ece27d6cd338b348742f8f03ca8bd126d4a5ffd0ded00,BGP4,319,pH,7.51,pH,pH,pH!N16,pH!N17,,False
heitkamp_2021,10.1186/s13068-021-02034-5,c60a45ab498d3fbbb25ece27d6cd338b348742f8f03ca8bd126d4a5ffd0ded00,BGP4,354,pH,7.63,pH,pH,pH!O16,pH!O17,,False
heitkamp_2021,10.1186/s13068-021-02034-5,c60a45ab498d3fbbb25ece27d6cd338b348742f8f03ca8bd126d4a5ffd0ded00,BGP5,0,pH,8.3,pH,pH,pH!C20,pH!C21,,False
heitkamp_2021,10.1186/s13068-021-02034-5,c60a45ab498d3fbbb25ece27d6cd338b348742f8f03ca8bd126d4a5ffd0ded00,BGP5,50,pH,8.1,pH,pH,pH!D20,pH!D21,,False
heitkamp_2021,10.1186/s13068-021-02034-5,c60a45ab498d3fbbb25ece27d6cd338b348742f8f03ca8bd126d4a5ffd0ded00,BGP5,153,pH,7.8,pH,pH,pH!E20,pH!E21,,False
heitkamp_2021,10.1186/s13068-021-02034-5,c60a45ab498d3fbbb25ece27d6cd338b348742f8f03ca8bd126d4a5ffd0ded00,BGP6,0,pH,8.2,pH,pH,pH!C24,pH!C25,,False
heitkamp_2021,10.1186/s13068-021-02034-5,c60a45ab498d3fbbb25ece27d6cd338b348742f8f03ca8bd126d4a5ffd0ded00,BGP6,14,pH,8.45,pH,pH,pH!D24,pH!D25,,False
heitkamp_2021,10.1186/s13068-021-02034-5,c60a45ab498d3fbbb25ece27d6cd338b348742f8f03ca8bd126d4a5ffd0ded00,BGP6,28,pH,8.35,pH,pH,pH!E24,pH!E25,,False
heitkamp_2021,10.1186/s13068-021-02034-5,c60a45ab498d3fbbb25ece27d6cd338b348742f8f03ca8bd126d4a5ffd0ded00,BGP6,35,pH,8.2,pH,pH,pH!F24,pH!F25,,False
heitkamp_2021,10.1186/s13068-021-02034-5,c60a45ab498d3fbbb25ece27d6cd338b348742f8f03ca8bd126d4a5ffd0ded00,BGP6,48,pH,8.325,pH,pH,pH!G24,pH!G25,,False
heitkamp_2021,10.1186/s13068-021-02034-5,c60a45ab498d3fbbb25ece27d6cd338b348742f8f03ca8bd126d4a5ffd0ded00,BGP6,77,pH,8.3,pH,pH,pH!H24,pH!H25,,False
heitkamp_2021,10.1186/s13068-021-02034-5,c60a45ab498d3fbbb25ece27d6cd338b348742f8f03ca8bd126d4a5ffd0ded00,BGP6,98,pH,8.3,pH,pH,pH!I24,pH!I25,,False
heitkamp_2021,10.1186/s13068-021-02034-5,c60a45ab498d3fbbb25ece27d6cd338b348742f8f03ca8bd126d4a5ffd0ded00,BGP6,106,pH,8.45,pH,pH,pH!J24,pH!J25,,False
heitkamp_2021,10.1186/s13068-021-02034-5,c60a45ab498d3fbbb25ece27d6cd338b348742f8f03ca8bd126d4a5ffd0ded00,BGP6,115,pH,8.350000000000001,pH,pH,pH!K24,pH!K25,,False
heitkamp_2021,10.1186/s13068-021-02034-5,c60a45ab498d3fbbb25ece27d6cd338b348742f8f03ca8bd126d4a5ffd0ded00,BGP6,130,pH,8.3,pH,pH,pH!L24,pH!L25,,False
heitkamp_2021,10.1186/s13068-021-02034-5,c60a45ab498d3fbbb25ece27d6cd338b348742f8f03ca8bd126d4a5ffd0ded00,BGP6,155,pH,8.350000000000001,pH,pH,pH!M24,pH!M25,,False
heitkamp_2021,10.1186/s13068-021-02034-5,c60a45ab498d3fbbb25ece27d6cd338b348742f8f03ca8bd126d4a5ffd0ded00,BGP6,175,pH,8.45,pH,pH,pH!N24,pH!N25,,False
heitkamp_2021,10.1186/s13068-021-02034-5,c60a45ab498d3fbbb25ece27d6cd338b348742f8f03ca8bd126d4a5ffd0ded00,BGP6,189,pH,8.3,pH,pH,pH!O24,pH!O25,,False
heitkamp_2021,10.1186/s13068-021-02034-5,c60a45ab498d3fbbb25ece27d6cd338b348742f8f03ca8bd126d4a5ffd0ded00,BGP6,197,pH,8.55,pH,pH,pH!P24,pH!P25,,False
heitkamp_2021,10.1186/s13068-021-02034-5,c60a45ab498d3fbbb25ece27d6cd338b348742f8f03ca8bd126d4a5ffd0ded00,BGP6,211,pH,8.35,pH,pH,pH!Q24,pH!Q25,,False
heitkamp_2021,10.1186/s13068-021-02034-5,c60a45ab498d3fbbb25ece27d6cd338b348742f8f03ca8bd126d4a5ffd0ded00,BGP6,225,pH,8.35,pH,pH,pH!R24,pH!R25,,False
heitkamp_2021,10.1186/s13068-021-02034-5,c60a45ab498d3fbbb25ece27d6cd338b348742f8f03ca8bd126d4a5ffd0ded00,BGP6,238,pH,8.4,pH,pH,pH!S24,pH!S25,,False
heitkamp_2021,10.1186/s13068-021-02034-5,c60a45ab498d3fbbb25ece27d6cd338b348742f8f03ca8bd126d4a5ffd0ded00,BGP6,252,pH,8.4,pH,pH,pH!T24,pH!T25,,False
heitkamp_2021,10.1186/s13068-021-02034-5,c60a45ab498d3fbbb25ece27d6cd338b348742f8f03ca8bd126d4a5ffd0ded00,BGP6,274,pH,8.350000000000001,pH,pH,pH!U24,pH!U25,,False
heitkamp_2021,10.1186/s13068-021-02034-5,c60a45ab498d3fbbb25ece27d6cd338b348742f8f03ca8bd126d4a5ffd0ded00,BGP6,280,pH,8.45,pH,pH,pH!V24,pH!V25,,False
heitkamp_2021,10.1186/s13068-021-02034-5,c60a45ab498d3fbbb25ece27d6cd338b348742f8f03ca8bd126d4a5ffd0ded00,BGP6,288,pH,8.55,pH,pH,pH!W24,pH!W25,,False
heitkamp_2021,10.1186/s13068-021-02034-5,c60a45ab498d3fbbb25ece27d6cd338b348742f8f03ca8bd126d4a5ffd0ded00,BGP6,309,pH,8.35,pH,pH,pH!X24,pH!X25,,False
heitkamp_2021,10.1186/s13068-021-02034-5,c60a45ab498d3fbbb25ece27d6cd338b348742f8f03ca8bd126d4a5ffd0ded00,BGP7,0,pH,7.7,pH,pH,pH!C28,pH!C29,,False
heitkamp_2021,10.1186/s13068-021-02034-5,c60a45ab498d3fbbb25ece27d6cd338b348742f8f03ca8bd126d4a5ffd0ded00,BGP7,31,pH,7.9,pH,pH,pH!D28,pH!D29,,False
heitkamp_2021,10.1186/s13068-021-02034-5,c60a45ab498d3fbbb25ece27d6cd338b348742f8f03ca8bd126d4a5ffd0ded00,BGP7,49,pH,7.5,pH,pH,pH!E28,pH!E29,,False
heitkamp_2021,10.1186/s13068-021-02034-5,c60a45ab498d3fbbb25ece27d6cd338b348742f8f03ca8bd126d4a5ffd0ded00,BGP7,77,pH,7.6,pH,pH,pH!F28,pH!F29,,False
heitkamp_2021,10.1186/s13068-021-02034-5,c60a45ab498d3fbbb25ece27d6cd338b348742f8f03ca8bd126d4a5ffd0ded00,BGP7,91,pH,7.7,pH,pH,pH!G28,pH!G29,,False
heitkamp_2021,10.1186/s13068-021-02034-5,c60a45ab498d3fbbb25ece27d6cd338b348742f8f03ca8bd126d4a5ffd0ded00,BGP7,112,pH,7.6,pH,pH,pH!H28,pH!H29,,False
heitkamp_2021,10.1186/s13068-021-02034-5,c60a45ab498d3fbbb25ece27d6cd338b348742f8f03ca8bd126d4a5ffd0ded00,BGP7,147,pH,7.7,pH,pH,pH!I28,pH!I29,,False
heitkamp_2021,10.1186/s13068-021-02034-5,c60a45ab498d3fbbb25ece27d6cd338b348742f8f03ca8bd126d4a5ffd0ded00,BGP1,0,NH4-N,5.4,NH4-N [kg/t],NH4-N [kg/t],NH4-N!C4,NH4-N!C5,,False
heitkamp_2021,10.1186/s13068-021-02034-5,c60a45ab498d3fbbb25ece27d6cd338b348742f8f03ca8bd126d4a5ffd0ded00,BGP1,6,NH4-N,5.3,NH4-N [kg/t],NH4-N [kg/t],NH4-N!D4,NH4-N!D5,,False
heitkamp_2021,10.1186/s13068-021-02034-5,c60a45ab498d3fbbb25ece27d6cd338b348742f8f03ca8bd126d4a5ffd0ded00,BGP1,14,NH4-N,8.1,NH4-N [kg/t],NH4-N [kg/t],NH4-N!E4,NH4-N!E5,,False
heitkamp_2021,10.1186/s13068-021-02034-5,c60a45ab498d3fbbb25ece27d6cd338b348742f8f03ca8bd126d4a5ffd0ded00,BGP1,34,NH4-N,5.550000000000001,NH4-N [kg/t],NH4-N [kg/t],NH4-N!F4,NH4-N!F5,,False
heitkamp_2021,10.1186/s13068-021-02034-5,c60a45ab498d3fbbb25ece27d6cd338b348742f8f03ca8bd126d4a5ffd0ded00,BGP1,41,NH4-N,5.85,NH4-N [kg/t],NH4-N [kg/t],NH4-N!G4,NH4-N!G5,,False
heitkamp_2021,10.1186/s13068-021-02034-5,c60a45ab498d3fbbb25ece27d6cd338b348742f8f03ca8bd126d4a5ffd0ded00,BGP1,55,NH4-N,5.7,NH4-N [kg/t],NH4-N [kg/t],NH4-N!H4,NH4-N!H5,,False
heitkamp_2021,10.1186/s13068-021-02034-5,c60a45ab498d3fbbb25ece27d6cd338b348742f8f03ca8bd126d4a5ffd0ded00,BGP1,69,NH4-N,5.75,NH4-N [kg/t],NH4-N [kg/t],NH4-N!I4,NH4-N!I5,,False
heitkamp_2021,10.1186/s13068-021-02034-5,c60a45ab498d3fbbb25ece27d6cd338b348742f8f03ca8bd126d4a5ffd0ded00,BGP1,83,NH4-N,6.050000000000001,NH4-N [kg/t],NH4-N [kg/t],NH4-N!J4,NH4-N!J5,,False
heitkamp_2021,10.1186/s13068-021-02034-5,c60a45ab498d3fbbb25ece27d6cd338b348742f8f03ca8bd126d4a5ffd0ded00,BGP1,90,NH4-N,5.55,NH4-N [kg/t],NH4-N [kg/t],NH4-N!K4,NH4-N!K5,,False
heitkamp_2021,10.1186/s13068-021-02034-5,c60a45ab498d3fbbb25ece27d6cd338b348742f8f03ca8bd126d4a5ffd0ded00,BGP1,97,NH4-N,5.9,NH4-N [kg/t],NH4-N [kg/t],NH4-N!L4,NH4-N!L5,,False
heitkamp_2021,10.1186/s13068-021-02034-5,c60a45ab498d3fbbb25ece27d6cd338b348742f8f03ca8bd126d4a5ffd0ded00,BGP1,104,NH4-N,5.55,NH4-N [kg/t],NH4-N [kg/t],NH4-N!M4,NH4-N!M5,,False
heitkamp_2021,10.1186/s13068-021-02034-5,c60a45ab498d3fbbb25ece27d6cd338b348742f8f03ca8bd126d4a5ffd0ded00,BGP1,111,NH4-N,5.85,NH4-N [kg/t],NH4-N [kg/t],NH4-N!N4,NH4-N!N5,,False
heitkamp_2021,10.1186/s13068-021-02034-5,c60a45ab498d3fbbb25ece27d6cd338b348742f8f03ca8bd126d4a5ffd0ded00,BGP1,118,NH4-N,5.9,NH4-N [kg/t],NH4-N [kg/t],NH4-N!O4,NH4-N!O5,,False
heitkamp_2021,10.1186/s13068-021-02034-5,c60a45ab498d3fbbb25ece27d6cd338b348742f8f03ca8bd126d4a5ffd0ded00,BGP1,132,NH4-N,5.699999999999999,NH4-N [kg/t],NH4-N [kg/t],NH4-N!P4,NH4-N!P5,,False
heitkamp_2021,10.1186/s13068-021-02034-5,c60a45ab498d3fbbb25ece27d6cd338b348742f8f03ca8bd126d4a5ffd0ded00,BGP1,146,NH4-N,5.05,NH4-N [kg/t],NH4-N [kg/t],NH4-N!Q4,NH4-N!Q5,,False
heitkamp_2021,10.1186/s13068-021-02034-5,c60a45ab498d3fbbb25ece27d6cd338b348742f8f03ca8bd126d4a5ffd0ded00,BGP1,153,NH4-N,5.199999999999999,NH4-N [kg/t],NH4-N [kg/t],NH4-N!R4,NH4-N!R5,,False
heitkamp_2021,10.1186/s13068-021-02034-5,c60a45ab498d3fbbb25ece27d6cd338b348742f8f03ca8bd126d4a5ffd0ded00,BGP1,174,NH4-N,5.3,NH4-N [kg/t],NH4-N [kg/t],NH4-N!S4,NH4-N!S5,,False
heitkamp_2021,10.1186/s13068-021-02034-5,c60a45ab498d3fbbb25ece27d6cd338b348742f8f03ca8bd126d4a5ffd0ded00,BGP1,188,NH4-N,5.1,NH4-N [kg/t],NH4-N [kg/t],NH4-N!T4,NH4-N!T5,,False
heitkamp_2021,10.1186/s13068-021-02034-5,c60a45ab498d3fbbb25ece27d6cd338b348742f8f03ca8bd126d4a5ffd0ded00,BGP1,209,NH4-N,5.1,NH4-N [kg/t],NH4-N [kg/t],NH4-N!U4,NH4-N!U5,,False
heitkamp_2021,10.1186/s13068-021-02034-5,c60a45ab498d3fbbb25ece27d6cd338b348742f8f03ca8bd126d4a5ffd0ded00,BGP1,223,NH4-N,5,NH4-N [kg/t],NH4-N [kg/t],NH4-N!V4,NH4-N!V5,,False
heitkamp_2021,10.1186/s13068-021-02034-5,c60a45ab498d3fbbb25ece27d6cd338b348742f8f03ca8bd126d4a5ffd0ded00,BGP1,237,NH4-N,5.1,NH4-N [kg/t],NH4-N [kg/t],NH4-N!W4,NH4-N!W5,,False
heitkamp_2021,10.1186/s13068-021-02034-5,c60a45ab498d3fbbb25ece27d6cd338b348742f8f03ca8bd126d4a5ffd0ded00,BGP1,272,NH4-N,4.75,NH4-N [kg/t],NH4-N [kg/t],NH4-N!X4,NH4-N!X5,,False
heitkamp_2021,10.1186/s13068-021-02034-5,c60a45ab498d3fbbb25ece27d6cd338b348742f8f03ca8bd126d4a5ffd0ded00,BGP1,280,NH4-N,4.85,NH4-N [kg/t],NH4-N [kg/t],NH4-N!Y4,NH4-N!Y5,,False
heitkamp_2021,10.1186/s13068-021-02034-5,c60a45ab498d3fbbb25ece27d6cd338b348742f8f03ca8bd126d4a5ffd0ded00,BGP1,300,NH4-N,5.5,NH4-N [kg/t],NH4-N [kg/t],NH4-N!Z4,NH4-N!Z5,,False
heitkamp_2021,10.1186/s13068-021-02034-5,c60a45ab498d3fbbb25ece27d6cd338b348742f8f03ca8bd126d4a5ffd0ded00,BGP1,328,NH4-N,4.5,NH4-N [kg/t],NH4-N [kg/t],NH4-N!AA4,NH4-N!AA5,,False
heitkamp_2021,10.1186/s13068-021-02034-5,c60a45ab498d3fbbb25ece27d6cd338b348742f8f03ca8bd126d4a5ffd0ded00,BGP1,359,NH4-N,5.300000000000001,NH4-N [kg/t],NH4-N [kg/t],NH4-N!AB4,NH4-N!AB5,,False
heitkamp_2021,10.1186/s13068-021-02034-5,c60a45ab498d3fbbb25ece27d6cd338b348742f8f03ca8bd126d4a5ffd0ded00,BGP2,0,NH4-N,6.4,NH4-N [kg/t],NH4-N [kg/t],NH4-N!C8,NH4-N!C9,,False
heitkamp_2021,10.1186/s13068-021-02034-5,c60a45ab498d3fbbb25ece27d6cd338b348742f8f03ca8bd126d4a5ffd0ded00,BGP2,16,NH4-N,5.5,NH4-N [kg/t],NH4-N [kg/t],NH4-N!D8,NH4-N!D9,,False
heitkamp_2021,10.1186/s13068-021-02034-5,c60a45ab498d3fbbb25ece27d6cd338b348742f8f03ca8bd126d4a5ffd0ded00,BGP2,17,NH4-N,5.6,NH4-N [kg/t],NH4-N [kg/t],NH4-N!E8,NH4-N!E9,,False
heitkamp_2021,10.1186/s13068-021-02034-5,c60a45ab498d3fbbb25ece27d6cd338b348742f8f03ca8bd126d4a5ffd0ded00,BGP2,19,NH4-N,5.9,NH4-N [kg/t],NH4-N [kg/t],NH4-N!F8,NH4-N!F9,,False
heitkamp_2021,10.1186/s13068-021-02034-5,c60a45ab498d3fbbb25ece27d6cd338b348742f8f03ca8bd126d4a5ffd0ded00,BGP2,21,NH4-N,5.5,NH4-N [kg/t],NH4-N [kg/t],NH4-N!G8,NH4-N!G9,,False
heitkamp_2021,10.1186/s13068-021-02034-5,c60a45ab498d3fbbb25ece27d6cd338b348742f8f03ca8bd126d4a5ffd0ded00,BGP2,28,NH4-N,5.6,NH4-N [kg/t],NH4-N [kg/t],NH4-N!H8,NH4-N!H9,,False
heitkamp_2021,10.1186/s13068-021-02034-5,c60a45ab498d3fbbb25ece27d6cd338b348742f8f03ca8bd126d4a5ffd0ded00,BGP2,32,NH4-N,5.6,NH4-N [kg/t],NH4-N [kg/t],NH4-N!I8,NH4-N!I9,,False
heitkamp_2021,10.1186/s13068-021-02034-5,c60a45ab498d3fbbb25ece27d6cd338b348742f8f03ca8bd126d4a5ffd0ded00,BGP2,42,NH4-N,5.2,NH4-N [kg/t],NH4-N [kg/t],NH4-N!J8,NH4-N!J9,,False
heitkamp_2021,10.1186/s13068-021-02034-5,c60a45ab498d3fbbb25ece27d6cd338b348742f8f03ca8bd126d4a5ffd0ded00,BGP2,44,NH4-N,5.2,NH4-N [kg/t],NH4-N [kg/t],NH4-N!K8,NH4-N!K9,,False
heitkamp_2021,10.1186/s13068-021-02034-5,c60a45ab498d3fbbb25ece27d6cd338b348742f8f03ca8bd126d4a5ffd0ded00,BGP2,50,NH4-N,6,NH4-N [kg/t],NH4-N [kg/t],NH4-N!L8,NH4-N!L9,,False
heitkamp_2021,10.1186/s13068-021-02034-5,c60a45ab498d3fbbb25ece27d6cd338b348742f8f03ca8bd126d4a5ffd0ded00,BGP2,70,NH4-N,5.9,NH4-N [kg/t],NH4-N [kg/t],NH4-N!M8,NH4-N!M9,,False
heitkamp_2021,10.1186/s13068-021-02034-5,c60a45ab498d3fbbb25ece27d6cd338b348742f8f03ca8bd126d4a5ffd0ded00,BGP2,87,NH4-N,5.4,NH4-N [kg/t],NH4-N [kg/t],NH4-N!N8,NH4-N!N9,,False
heitkamp_2021,10.1186/s13068-021-02034-5,c60a45ab498d3fbbb25ece27d6cd338b348742f8f03ca8bd126d4a5ffd0ded00,BGP2,127,NH4-N,4.9,NH4-N [kg/t],NH4-N [kg/t],NH4-N!O8,NH4-N!O9,,False
heitkamp_2021,10.1186/s13068-021-02034-5,c60a45ab498d3fbbb25ece27d6cd338b348742f8f03ca8bd126d4a5ffd0ded00,BGP2,140,NH4-N,5.4,NH4-N [kg/t],NH4-N [kg/t],NH4-N!P8,NH4-N!P9,,False
heitkamp_2021,10.1186/s13068-021-02034-5,c60a45ab498d3fbbb25ece27d6cd338b348742f8f03ca8bd126d4a5ffd0ded00,BGP2,190,NH4-N,5.5,NH4-N [kg/t],NH4-N [kg/t],NH4-N!Q8,NH4-N!Q9,,False
heitkamp_2021,10.1186/s13068-021-02034-5,c60a45ab498d3fbbb25ece27d6cd338b348742f8f03ca8bd126d4a5ffd0ded00,BGP2,273,NH4-N,6.4,NH4-N [kg/t],NH4-N [kg/t],NH4-N!R8,NH4-N!R9,,False
heitkamp_2021,10.1186/s13068-021-02034-5,c60a45ab498d3fbbb25ece27d6cd338b348742f8f03ca8bd126d4a5ffd0ded00,BGP2,315,NH4-N,6.1,NH4-N [kg/t],NH4-N [kg/t],NH4-N!S8,NH4-N!S9,,False
heitkamp_2021,10.1186/s13068-021-02034-5,c60a45ab498d3fbbb25ece27d6cd338b348742f8f03ca8bd126d4a5ffd0ded00,BGP3,0,NH4-N,1.4,NH4-N [kg/t],NH4-N [kg/t],NH4-N!C12,NH4-N!C13,,False
heitkamp_2021,10.1186/s13068-021-02034-5,c60a45ab498d3fbbb25ece27d6cd338b348742f8f03ca8bd126d4a5ffd0ded00,BGP3,178,NH4-N,1.6,NH4-N [kg/t],NH4-N [kg/t],NH4-N!D12,NH4-N!D13,,False
heitkamp_2021,10.1186/s13068-021-02034-5,c60a45ab498d3fbbb25ece27d6cd338b348742f8f03ca8bd126d4a5ffd0ded00,BGP3,367,NH4-N,1.5,NH4-N [kg/t],NH4-N [kg/t],NH4-N!E12,NH4-N!E13,,False
heitkamp_2021,10.1186/s13068-021-02034-5,c60a45ab498d3fbbb25ece27d6cd338b348742f8f03ca8bd126d4a5ffd0ded00,BGP4,0,NH4-N,1.8,NH4-N [kg/t],NH4-N [kg/t],NH4-N!C16,NH4-N!C17,,False
heitkamp_2021,10.1186/s13068-021-02034-5,c60a45ab498d3fbbb25ece27d6cd338b348742f8f03ca8bd126d4a5ffd0ded00,BGP4,29,NH4-N,1.9,NH4-N [kg/t],NH4-N [kg/t],NH4-N!D16,NH4-N!D17,,False
heitkamp_2021,10.1186/s13068-021-02034-5,c60a45ab498d3fbbb25ece27d6cd338b348742f8f03ca8bd126d4a5ffd0ded00,BGP4,42,NH4-N,2,NH4-N [kg/t],NH4-N [kg/t],NH4-N!E16,NH4-N!E17,,False
heitkamp_2021,10.1186/s13068-021-02034-5,c60a45ab498d3fbbb25ece27d6cd338b348742f8f03ca8bd126d4a5ffd0ded00,BGP4,73,NH4-N,2.8,NH4-N [kg/t],NH4-N [kg/t],NH4-N!F16,NH4-N!F17,,False
heitkamp_2021,10.1186/s13068-021-02034-5,c60a45ab498d3fbbb25ece27d6cd338b348742f8f03ca8bd126d4a5ffd0ded00,BGP4,114,NH4-N,3.3,NH4-N [kg/t],NH4-N [kg/t],NH4-N!G16,NH4-N!G17,,False
heitkamp_2021,10.1186/s13068-021-02034-5,c60a45ab498d3fbbb25ece27d6cd338b348742f8f03ca8bd126d4a5ffd0ded00,BGP4,140,NH4-N,2.7,NH4-N [kg/t],NH4-N [kg/t],NH4-N!H16,NH4-N!H17,,False
heitkamp_2021,10.1186/s13068-021-02034-5,c60a45ab498d3fbbb25ece27d6cd338b348742f8f03ca8bd126d4a5ffd0ded00,BGP4,169,NH4-N,2.3,NH4-N [kg/t],NH4-N [kg/t],NH4-N!I16,NH4-N!I17,,False
heitkamp_2021,10.1186/s13068-021-02034-5,c60a45ab498d3fbbb25ece27d6cd338b348742f8f03ca8bd126d4a5ffd0ded00,BGP4,204,NH4-N,2,NH4-N [kg/t],NH4-N [kg/t],NH4-N!J16,NH4-N!J17,,False
heitkamp_2021,10.1186/s13068-021-02034-5,c60a45ab498d3fbbb25ece27d6cd338b348742f8f03ca8bd126d4a5ffd0ded00,BGP4,238,NH4-N,1.7,NH4-N [kg/t],NH4-N [kg/t],NH4-N!K16,NH4-N!K17,,False
heitkamp_2021,10.1186/s13068-021-02034-5,c60a45ab498d3fbbb25ece27d6cd338b348742f8f03ca8bd126d4a5ffd0ded00,BGP4,259,NH4-N,1.6,NH4-N [kg/t],NH4-N [kg/t],NH4-N!L16,NH4-N!L17,,False
heitkamp_2021,10.1186/s13068-021-02034-5,c60a45ab498d3fbbb25ece27d6cd338b348742f8f03ca8bd126d4a5ffd0ded00,BGP4,288,NH4-N,1.4,NH4-N [kg/t],NH4-N [kg/t],NH4-N!M16,NH4-N!M17,,False
heitkamp_2021,10.1186/s13068-021-02034-5,c60a45ab498d3fbbb25ece27d6cd338b348742f8f03ca8bd126d4a5ffd0ded00,BGP4,319,NH4-N,1.3,NH4-N [kg/t],NH4-N [kg/t],NH4-N!N16,NH4-N!N17,,False
heitkamp_2021,10.1186/s13068-021-02034-5,c60a45ab498d3fbbb25ece27d6cd338b348742f8f03ca8bd126d4a5ffd0ded00,BGP4,354,NH4-N,2.1,NH4-N [kg/t],NH4-N [kg/t],NH4-N!O16,NH4-N!O17,,False
heitkamp_2021,10.1186/s13068-021-02034-5,c60a45ab498d3fbbb25ece27d6cd338b348742f8f03ca8bd126d4a5ffd0ded00,BGP5,0,NH4-N,4.6,NH4-N [kg/t],NH4-N [kg/t],NH4-N!C20,NH4-N!C21,,False
heitkamp_2021,10.1186/s13068-021-02034-5,c60a45ab498d3fbbb25ece27d6cd338b348742f8f03ca8bd126d4a5ffd0ded00,BGP5,50,NH4-N,4.6,NH4-N [kg/t],NH4-N [kg/t],NH4-N!D20,NH4-N!D21,,False
heitkamp_2021,10.1186/s13068-021-02034-5,c60a45ab498d3fbbb25ece27d6cd338b348742f8f03ca8bd126d4a5ffd0ded00,BGP5,153,NH4-N,3.3,NH4-N [kg/t],NH4-N [kg/t],NH4-N!E20,NH4-N!E21,,False
heitkamp_2021,10.1186/s13068-021-02034-5,c60a45ab498d3fbbb25ece27d6cd338b348742f8f03ca8bd126d4a5ffd0ded00,BGP6,0,NH4-N,5.6,NH4-N [kg/t],NH4-N [kg/t],NH4-N!C24,NH4-N!C25,,False
heitkamp_2021,10.1186/s13068-021-02034-5,c60a45ab498d3fbbb25ece27d6cd338b348742f8f03ca8bd126d4a5ffd0ded00,BGP6,14,NH4-N,6.15,NH4-N [kg/t],NH4-N [kg/t],NH4-N!D24,NH4-N!D25,,False
heitkamp_2021,10.1186/s13068-021-02034-5,c60a45ab498d3fbbb25ece27d6cd338b348742f8f03ca8bd126d4a5ffd0ded00,BGP6,28,NH4-N,4.25,NH4-N [kg/t],NH4-N [kg/t],NH4-N!E24,NH4-N!E25,,False
heitkamp_2021,10.1186/s13068-021-02034-5,c60a45ab498d3fbbb25ece27d6cd338b348742f8f03ca8bd126d4a5ffd0ded00,BGP6,35,NH4-N,5.95,NH4-N [kg/t],NH4-N [kg/t],NH4-N!F24,NH4-N!F25,,False
heitkamp_2021,10.1186/s13068-021-02034-5,c60a45ab498d3fbbb25ece27d6cd338b348742f8f03ca8bd126d4a5ffd0ded00,BGP6,48,NH4-N,6.15,NH4-N [kg/t],NH4-N [kg/t],NH4-N!G24,NH4-N!G25,,False
heitkamp_2021,10.1186/s13068-021-02034-5,c60a45ab498d3fbbb25ece27d6cd338b348742f8f03ca8bd126d4a5ffd0ded00,BGP6,77,NH4-N,5.85,NH4-N [kg/t],NH4-N [kg/t],NH4-N!H24,NH4-N!H25,,False
heitkamp_2021,10.1186/s13068-021-02034-5,c60a45ab498d3fbbb25ece27d6cd338b348742f8f03ca8bd126d4a5ffd0ded00,BGP6,98,NH4-N,5.25,NH4-N [kg/t],NH4-N [kg/t],NH4-N!I24,NH4-N!I25,,False
heitkamp_2021,10.1186/s13068-021-02034-5,c60a45ab498d3fbbb25ece27d6cd338b348742f8f03ca8bd126d4a5ffd0ded00,BGP6,106,NH4-N,5.35,NH4-N [kg/t],NH4-N [kg/t],NH4-N!J24,NH4-N!J25,,False
heitkamp_2021,10.1186/s13068-021-02034-5,c60a45ab498d3fbbb25ece27d6cd338b348742f8f03ca8bd126d4a5ffd0ded00,BGP6,115,NH4-N,6.3,NH4-N [kg/t],NH4-N [kg/t],NH4-N!K24,NH4-N!K25,,False
heitkamp_2021,10.1186/s13068-021-02034-5,c60a45ab498d3fbbb25ece27d6cd338b348742f8f03ca8bd126d4a5ffd0ded00,BGP6,130,NH4-N,5.1,NH4-N [kg/t],NH4-N [kg/t],NH4-N!L24,NH4-N!L25,,False
heitkamp_2021,10.1186/s13068-021-02034-5,c60a45ab498d3fbbb25ece27d6cd338b348742f8f03ca8bd126d4a5ffd0ded00,BGP6,155,NH4-N,5.4,NH4-N [kg/t],NH4-N [kg/t],NH4-N!M24,NH4-N!M25,,False
heitkamp_2021,10.1186/s13068-021-02034-5,c60a45ab498d3fbbb25ece27d6cd338b348742f8f03ca8bd126d4a5ffd0ded00,BGP6,175,NH4-N,5.4,NH4-N [kg/t],NH4-N [kg/t],NH4-N!N24,NH4-N!N25,,False
heitkamp_2021,10.1186/s13068-021-02034-5,c60a45ab498d3fbbb25ece27d6cd338b348742f8f03ca8bd126d4a5ffd0ded00,BGP6,189,NH4-N,4.949999999999999,NH4-N [kg/t],NH4-N [kg/t],NH4-N!O24,NH4-N!O25,,False
heitkamp_2021,10.1186/s13068-021-02034-5,c60a45ab498d3fbbb25ece27d6cd338b348742f8f03ca8bd126d4a5ffd0ded00,BGP6,197,NH4-N,5,NH4-N [kg/t],NH4-N [kg/t],NH4-N!P24,NH4-N!P25,,False
heitkamp_2021,10.1186/s13068-021-02034-5,c60a45ab498d3fbbb25ece27d6cd338b348742f8f03ca8bd126d4a5ffd0ded00,BGP6,211,NH4-N,2.25,NH4-N [kg/t],NH4-N [kg/t],NH4-N!Q24,NH4-N!Q25,,False
heitkamp_2021,10.1186/s13068-021-02034-5,c60a45ab498d3fbbb25ece27d6cd338b348742f8f03ca8bd126d4a5ffd0ded00,BGP6,225,NH4-N,5.25,NH4-N [kg/t],NH4-N [kg/t],NH4-N!R24,NH4-N!R25,,False
heitkamp_2021,10.1186/s13068-021-02034-5,c60a45ab498d3fbbb25ece27d6cd338b348742f8f03ca8bd126d4a5ffd0ded00,BGP6,238,NH4-N,5.05,NH4-N [kg/t],NH4-N [kg/t],NH4-N!S24,NH4-N!S25,,False
heitkamp_2021,10.1186/s13068-021-02034-5,c60a45ab498d3fbbb25ece27d6cd338b348742f8f03ca8bd126d4a5ffd0ded00,BGP6,252,NH4-N,5.449999999999999,NH4-N [kg/t],NH4-N [kg/t],NH4-N!T24,NH4-N!T25,,False
heitkamp_2021,10.1186/s13068-021-02034-5,c60a45ab498d3fbbb25ece27d6cd338b348742f8f03ca8bd126d4a5ffd0ded00,BGP6,274,NH4-N,5.1,NH4-N [kg/t],NH4-N [kg/t],NH4-N!U24,NH4-N!U25,,False
heitkamp_2021,10.1186/s13068-021-02034-5,c60a45ab498d3fbbb25ece27d6cd338b348742f8f03ca8bd126d4a5ffd0ded00,BGP6,280,NH4-N,4.699999999999999,NH4-N [kg/t],NH4-N [kg/t],NH4-N!V24,NH4-N!V25,,False
heitkamp_2021,10.1186/s13068-021-02034-5,c60a45ab498d3fbbb25ece27d6cd338b348742f8f03ca8bd126d4a5ffd0ded00,BGP6,288,NH4-N,4.8,NH4-N [kg/t],NH4-N [kg/t],NH4-N!W24,NH4-N!W25,,False
heitkamp_2021,10.1186/s13068-021-02034-5,c60a45ab498d3fbbb25ece27d6cd338b348742f8f03ca8bd126d4a5ffd0ded00,BGP6,309,NH4-N,4.4,NH4-N [kg/t],NH4-N [kg/t],NH4-N!X24,NH4-N!X25,,False
heitkamp_2021,10.1186/s13068-021-02034-5,c60a45ab498d3fbbb25ece27d6cd338b348742f8f03ca8bd126d4a5ffd0ded00,BGP7,0,NH4-N,1.7,NH4-N [kg/t],NH4-N [kg/t],NH4-N!C28,NH4-N!C29,,False
heitkamp_2021,10.1186/s13068-021-02034-5,c60a45ab498d3fbbb25ece27d6cd338b348742f8f03ca8bd126d4a5ffd0ded00,BGP7,31,NH4-N,1.5,NH4-N [kg/t],NH4-N [kg/t],NH4-N!D28,NH4-N!D29,,False
heitkamp_2021,10.1186/s13068-021-02034-5,c60a45ab498d3fbbb25ece27d6cd338b348742f8f03ca8bd126d4a5ffd0ded00,BGP7,49,NH4-N,1.7,NH4-N [kg/t],NH4-N [kg/t],NH4-N!E28,NH4-N!E29,,False
heitkamp_2021,10.1186/s13068-021-02034-5,c60a45ab498d3fbbb25ece27d6cd338b348742f8f03ca8bd126d4a5ffd0ded00,BGP7,77,NH4-N,1.5,NH4-N [kg/t],NH4-N [kg/t],NH4-N!F28,NH4-N!F29,,False
heitkamp_2021,10.1186/s13068-021-02034-5,c60a45ab498d3fbbb25ece27d6cd338b348742f8f03ca8bd126d4a5ffd0ded00,BGP7,91,NH4-N,n.a,NH4-N [kg/t],NH4-N [kg/t],NH4-N!G28,NH4-N!G29,nonnumeric_value_requires_review,False
heitkamp_2021,10.1186/s13068-021-02034-5,c60a45ab498d3fbbb25ece27d6cd338b348742f8f03ca8bd126d4a5ffd0ded00,BGP7,112,NH4-N,1.5,NH4-N [kg/t],NH4-N [kg/t],NH4-N!H28,NH4-N!H29,,False
heitkamp_2021,10.1186/s13068-021-02034-5,c60a45ab498d3fbbb25ece27d6cd338b348742f8f03ca8bd126d4a5ffd0ded00,BGP7,147,NH4-N,1.7,NH4-N [kg/t],NH4-N [kg/t],NH4-N!I28,NH4-N!I29,,False
heitkamp_2021,10.1186/s13068-021-02034-5,c60a45ab498d3fbbb25ece27d6cd338b348742f8f03ca8bd126d4a5ffd0ded00,BGP1,0,Acetic acid,1100,Acetic acid [mg/L of sludge],mg/L,Acetic acid!C4,Acetic acid!C5,,False
heitkamp_2021,10.1186/s13068-021-02034-5,c60a45ab498d3fbbb25ece27d6cd338b348742f8f03ca8bd126d4a5ffd0ded00,BGP1,6,Acetic acid,1100,Acetic acid [mg/L of sludge],mg/L,Acetic acid!D4,Acetic acid!D5,,False
heitkamp_2021,10.1186/s13068-021-02034-5,c60a45ab498d3fbbb25ece27d6cd338b348742f8f03ca8bd126d4a5ffd0ded00,BGP1,14,Acetic acid,1400,Acetic acid [mg/L of sludge],mg/L,Acetic acid!E4,Acetic acid!E5,,False
heitkamp_2021,10.1186/s13068-021-02034-5,c60a45ab498d3fbbb25ece27d6cd338b348742f8f03ca8bd126d4a5ffd0ded00,BGP1,34,Acetic acid,1800,Acetic acid [mg/L of sludge],mg/L,Acetic acid!F4,Acetic acid!F5,,False
heitkamp_2021,10.1186/s13068-021-02034-5,c60a45ab498d3fbbb25ece27d6cd338b348742f8f03ca8bd126d4a5ffd0ded00,BGP1,41,Acetic acid,1300,Acetic acid [mg/L of sludge],mg/L,Acetic acid!G4,Acetic acid!G5,,False
heitkamp_2021,10.1186/s13068-021-02034-5,c60a45ab498d3fbbb25ece27d6cd338b348742f8f03ca8bd126d4a5ffd0ded00,BGP1,55,Acetic acid,675,Acetic acid [mg/L of sludge],mg/L,Acetic acid!H4,Acetic acid!H5,,False
heitkamp_2021,10.1186/s13068-021-02034-5,c60a45ab498d3fbbb25ece27d6cd338b348742f8f03ca8bd126d4a5ffd0ded00,BGP1,69,Acetic acid,925,Acetic acid [mg/L of sludge],mg/L,Acetic acid!I4,Acetic acid!I5,,False
heitkamp_2021,10.1186/s13068-021-02034-5,c60a45ab498d3fbbb25ece27d6cd338b348742f8f03ca8bd126d4a5ffd0ded00,BGP1,83,Acetic acid,1050,Acetic acid [mg/L of sludge],mg/L,Acetic acid!J4,Acetic acid!J5,,False
heitkamp_2021,10.1186/s13068-021-02034-5,c60a45ab498d3fbbb25ece27d6cd338b348742f8f03ca8bd126d4a5ffd0ded00,BGP1,90,Acetic acid,1170,Acetic acid [mg/L of sludge],mg/L,Acetic acid!K4,Acetic acid!K5,,False
heitkamp_2021,10.1186/s13068-021-02034-5,c60a45ab498d3fbbb25ece27d6cd338b348742f8f03ca8bd126d4a5ffd0ded00,BGP1,97,Acetic acid,1115,Acetic acid [mg/L of sludge],mg/L,Acetic acid!L4,Acetic acid!L5,,False
heitkamp_2021,10.1186/s13068-021-02034-5,c60a45ab498d3fbbb25ece27d6cd338b348742f8f03ca8bd126d4a5ffd0ded00,BGP1,104,Acetic acid,1190,Acetic acid [mg/L of sludge],mg/L,Acetic acid!M4,Acetic acid!M5,,False
heitkamp_2021,10.1186/s13068-021-02034-5,c60a45ab498d3fbbb25ece27d6cd338b348742f8f03ca8bd126d4a5ffd0ded00,BGP1,111,Acetic acid,1200,Acetic acid [mg/L of sludge],mg/L,Acetic acid!N4,Acetic acid!N5,,False
heitkamp_2021,10.1186/s13068-021-02034-5,c60a45ab498d3fbbb25ece27d6cd338b348742f8f03ca8bd126d4a5ffd0ded00,BGP1,118,Acetic acid,1650,Acetic acid [mg/L of sludge],mg/L,Acetic acid!O4,Acetic acid!O5,,False
heitkamp_2021,10.1186/s13068-021-02034-5,c60a45ab498d3fbbb25ece27d6cd338b348742f8f03ca8bd126d4a5ffd0ded00,BGP1,132,Acetic acid,1150,Acetic acid [mg/L of sludge],mg/L,Acetic acid!P4,Acetic acid!P5,,False
heitkamp_2021,10.1186/s13068-021-02034-5,c60a45ab498d3fbbb25ece27d6cd338b348742f8f03ca8bd126d4a5ffd0ded00,BGP1,146,Acetic acid,1050,Acetic acid [mg/L of sludge],mg/L,Acetic acid!Q4,Acetic acid!Q5,,False
heitkamp_2021,10.1186/s13068-021-02034-5,c60a45ab498d3fbbb25ece27d6cd338b348742f8f03ca8bd126d4a5ffd0ded00,BGP1,153,Acetic acid,660,Acetic acid [mg/L of sludge],mg/L,Acetic acid!R4,Acetic acid!R5,,False
heitkamp_2021,10.1186/s13068-021-02034-5,c60a45ab498d3fbbb25ece27d6cd338b348742f8f03ca8bd126d4a5ffd0ded00,BGP1,174,Acetic acid,580,Acetic acid [mg/L of sludge],mg/L,Acetic acid!S4,Acetic acid!S5,,False
heitkamp_2021,10.1186/s13068-021-02034-5,c60a45ab498d3fbbb25ece27d6cd338b348742f8f03ca8bd126d4a5ffd0ded00,BGP1,188,Acetic acid,600,Acetic acid [mg/L of sludge],mg/L,Acetic acid!T4,Acetic acid!T5,,False
heitkamp_2021,10.1186/s13068-021-02034-5,c60a45ab498d3fbbb25ece27d6cd338b348742f8f03ca8bd126d4a5ffd0ded00,BGP1,209,Acetic acid,485,Acetic acid [mg/L of sludge],mg/L,Acetic acid!U4,Acetic acid!U5,,False
heitkamp_2021,10.1186/s13068-021-02034-5,c60a45ab498d3fbbb25ece27d6cd338b348742f8f03ca8bd126d4a5ffd0ded00,BGP1,223,Acetic acid,520,Acetic acid [mg/L of sludge],mg/L,Acetic acid!V4,Acetic acid!V5,,False
heitkamp_2021,10.1186/s13068-021-02034-5,c60a45ab498d3fbbb25ece27d6cd338b348742f8f03ca8bd126d4a5ffd0ded00,BGP1,237,Acetic acid,510,Acetic acid [mg/L of sludge],mg/L,Acetic acid!W4,Acetic acid!W5,,False
heitkamp_2021,10.1186/s13068-021-02034-5,c60a45ab498d3fbbb25ece27d6cd338b348742f8f03ca8bd126d4a5ffd0ded00,BGP1,272,Acetic acid,650,Acetic acid [mg/L of sludge],mg/L,Acetic acid!X4,Acetic acid!X5,,False
heitkamp_2021,10.1186/s13068-021-02034-5,c60a45ab498d3fbbb25ece27d6cd338b348742f8f03ca8bd126d4a5ffd0ded00,BGP1,280,Acetic acid,545,Acetic acid [mg/L of sludge],mg/L,Acetic acid!Y4,Acetic acid!Y5,,False
heitkamp_2021,10.1186/s13068-021-02034-5,c60a45ab498d3fbbb25ece27d6cd338b348742f8f03ca8bd126d4a5ffd0ded00,BGP1,300,Acetic acid,540,Acetic acid [mg/L of sludge],mg/L,Acetic acid!Z4,Acetic acid!Z5,,False
heitkamp_2021,10.1186/s13068-021-02034-5,c60a45ab498d3fbbb25ece27d6cd338b348742f8f03ca8bd126d4a5ffd0ded00,BGP1,328,Acetic acid,455,Acetic acid [mg/L of sludge],mg/L,Acetic acid!AA4,Acetic acid!AA5,,False
heitkamp_2021,10.1186/s13068-021-02034-5,c60a45ab498d3fbbb25ece27d6cd338b348742f8f03ca8bd126d4a5ffd0ded00,BGP1,359,Acetic acid,485,Acetic acid [mg/L of sludge],mg/L,Acetic acid!AB4,Acetic acid!AB5,,False
heitkamp_2021,10.1186/s13068-021-02034-5,c60a45ab498d3fbbb25ece27d6cd338b348742f8f03ca8bd126d4a5ffd0ded00,BGP2,0,Acetic acid,6200,Acetic acid [mg/L of sludge],mg/L,Acetic acid!C8,Acetic acid!C9,,False
heitkamp_2021,10.1186/s13068-021-02034-5,c60a45ab498d3fbbb25ece27d6cd338b348742f8f03ca8bd126d4a5ffd0ded00,BGP2,16,Acetic acid,5000,Acetic acid [mg/L of sludge],mg/L,Acetic acid!D8,Acetic acid!D9,,False
heitkamp_2021,10.1186/s13068-021-02034-5,c60a45ab498d3fbbb25ece27d6cd338b348742f8f03ca8bd126d4a5ffd0ded00,BGP2,17,Acetic acid,4300,Acetic acid [mg/L of sludge],mg/L,Acetic acid!E8,Acetic acid!E9,,False
heitkamp_2021,10.1186/s13068-021-02034-5,c60a45ab498d3fbbb25ece27d6cd338b348742f8f03ca8bd126d4a5ffd0ded00,BGP2,19,Acetic acid,3500,Acetic acid [mg/L of sludge],mg/L,Acetic acid!F8,Acetic acid!F9,,False
heitkamp_2021,10.1186/s13068-021-02034-5,c60a45ab498d3fbbb25ece27d6cd338b348742f8f03ca8bd126d4a5ffd0ded00,BGP2,21,Acetic acid,3400,Acetic acid [mg/L of sludge],mg/L,Acetic acid!G8,Acetic acid!G9,,False
heitkamp_2021,10.1186/s13068-021-02034-5,c60a45ab498d3fbbb25ece27d6cd338b348742f8f03ca8bd126d4a5ffd0ded00,BGP2,28,Acetic acid,2700,Acetic acid [mg/L of sludge],mg/L,Acetic acid!H8,Acetic acid!H9,,False
heitkamp_2021,10.1186/s13068-021-02034-5,c60a45ab498d3fbbb25ece27d6cd338b348742f8f03ca8bd126d4a5ffd0ded00,BGP2,32,Acetic acid,2800,Acetic acid [mg/L of sludge],mg/L,Acetic acid!I8,Acetic acid!I9,,False
heitkamp_2021,10.1186/s13068-021-02034-5,c60a45ab498d3fbbb25ece27d6cd338b348742f8f03ca8bd126d4a5ffd0ded00,BGP2,42,Acetic acid,2400,Acetic acid [mg/L of sludge],mg/L,Acetic acid!J8,Acetic acid!J9,,False
heitkamp_2021,10.1186/s13068-021-02034-5,c60a45ab498d3fbbb25ece27d6cd338b348742f8f03ca8bd126d4a5ffd0ded00,BGP2,44,Acetic acid,3100,Acetic acid [mg/L of sludge],mg/L,Acetic acid!K8,Acetic acid!K9,,False
heitkamp_2021,10.1186/s13068-021-02034-5,c60a45ab498d3fbbb25ece27d6cd338b348742f8f03ca8bd126d4a5ffd0ded00,BGP2,50,Acetic acid,2800,Acetic acid [mg/L of sludge],mg/L,Acetic acid!L8,Acetic acid!L9,,False
heitkamp_2021,10.1186/s13068-021-02034-5,c60a45ab498d3fbbb25ece27d6cd338b348742f8f03ca8bd126d4a5ffd0ded00,BGP2,70,Acetic acid,2600,Acetic acid [mg/L of sludge],mg/L,Acetic acid!M8,Acetic acid!M9,,False
heitkamp_2021,10.1186/s13068-021-02034-5,c60a45ab498d3fbbb25ece27d6cd338b348742f8f03ca8bd126d4a5ffd0ded00,BGP2,87,Acetic acid,3800,Acetic acid [mg/L of sludge],mg/L,Acetic acid!N8,Acetic acid!N9,,False
heitkamp_2021,10.1186/s13068-021-02034-5,c60a45ab498d3fbbb25ece27d6cd338b348742f8f03ca8bd126d4a5ffd0ded00,BGP2,127,Acetic acid,3200,Acetic acid [mg/L of sludge],mg/L,Acetic acid!O8,Acetic acid!O9,,False
heitkamp_2021,10.1186/s13068-021-02034-5,c60a45ab498d3fbbb25ece27d6cd338b348742f8f03ca8bd126d4a5ffd0ded00,BGP2,140,Acetic acid,1605,Acetic acid [mg/L of sludge],mg/L,Acetic acid!P8,Acetic acid!P9,,False
heitkamp_2021,10.1186/s13068-021-02034-5,c60a45ab498d3fbbb25ece27d6cd338b348742f8f03ca8bd126d4a5ffd0ded00,BGP2,190,Acetic acid,2000,Acetic acid [mg/L of sludge],mg/L,Acetic acid!Q8,Acetic acid!Q9,,False
heitkamp_2021,10.1186/s13068-021-02034-5,c60a45ab498d3fbbb25ece27d6cd338b348742f8f03ca8bd126d4a5ffd0ded00,BGP2,273,Acetic acid,1400,Acetic acid [mg/L of sludge],mg/L,Acetic acid!R8,Acetic acid!R9,,False
heitkamp_2021,10.1186/s13068-021-02034-5,c60a45ab498d3fbbb25ece27d6cd338b348742f8f03ca8bd126d4a5ffd0ded00,BGP2,315,Acetic acid,1700,Acetic acid [mg/L of sludge],mg/L,Acetic acid!S8,Acetic acid!S9,,False
heitkamp_2021,10.1186/s13068-021-02034-5,c60a45ab498d3fbbb25ece27d6cd338b348742f8f03ca8bd126d4a5ffd0ded00,BGP3,0,Acetic acid,710,Acetic acid [mg/L of sludge],mg/L,Acetic acid!C12,Acetic acid!C13,,False
heitkamp_2021,10.1186/s13068-021-02034-5,c60a45ab498d3fbbb25ece27d6cd338b348742f8f03ca8bd126d4a5ffd0ded00,BGP3,178,Acetic acid,160,Acetic acid [mg/L of sludge],mg/L,Acetic acid!D12,Acetic acid!D13,,False
heitkamp_2021,10.1186/s13068-021-02034-5,c60a45ab498d3fbbb25ece27d6cd338b348742f8f03ca8bd126d4a5ffd0ded00,BGP3,367,Acetic acid,140,Acetic acid [mg/L of sludge],mg/L,Acetic acid!E12,Acetic acid!E13,,False
heitkamp_2021,10.1186/s13068-021-02034-5,c60a45ab498d3fbbb25ece27d6cd338b348742f8f03ca8bd126d4a5ffd0ded00,BGP4,0,Acetic acid,145,Acetic acid [mg/L of sludge],mg/L,Acetic acid!C16,Acetic acid!C17,,False
heitkamp_2021,10.1186/s13068-021-02034-5,c60a45ab498d3fbbb25ece27d6cd338b348742f8f03ca8bd126d4a5ffd0ded00,BGP4,29,Acetic acid,320,Acetic acid [mg/L of sludge],mg/L,Acetic acid!D16,Acetic acid!D17,,False
heitkamp_2021,10.1186/s13068-021-02034-5,c60a45ab498d3fbbb25ece27d6cd338b348742f8f03ca8bd126d4a5ffd0ded00,BGP4,42,Acetic acid,535,Acetic acid [mg/L of sludge],mg/L,Acetic acid!E16,Acetic acid!E17,,False
heitkamp_2021,10.1186/s13068-021-02034-5,c60a45ab498d3fbbb25ece27d6cd338b348742f8f03ca8bd126d4a5ffd0ded00,BGP4,73,Acetic acid,465,Acetic acid [mg/L of sludge],mg/L,Acetic acid!F16,Acetic acid!F17,,False
heitkamp_2021,10.1186/s13068-021-02034-5,c60a45ab498d3fbbb25ece27d6cd338b348742f8f03ca8bd126d4a5ffd0ded00,BGP4,114,Acetic acid,505,Acetic acid [mg/L of sludge],mg/L,Acetic acid!G16,Acetic acid!G17,,False
heitkamp_2021,10.1186/s13068-021-02034-5,c60a45ab498d3fbbb25ece27d6cd338b348742f8f03ca8bd126d4a5ffd0ded00,BGP4,140,Acetic acid,325,Acetic acid [mg/L of sludge],mg/L,Acetic acid!H16,Acetic acid!H17,,False
heitkamp_2021,10.1186/s13068-021-02034-5,c60a45ab498d3fbbb25ece27d6cd338b348742f8f03ca8bd126d4a5ffd0ded00,BGP4,169,Acetic acid,320,Acetic acid [mg/L of sludge],mg/L,Acetic acid!I16,Acetic acid!I17,,False
heitkamp_2021,10.1186/s13068-021-02034-5,c60a45ab498d3fbbb25ece27d6cd338b348742f8f03ca8bd126d4a5ffd0ded00,BGP4,204,Acetic acid,785,Acetic acid [mg/L of sludge],mg/L,Acetic acid!J16,Acetic acid!J17,,False
heitkamp_2021,10.1186/s13068-021-02034-5,c60a45ab498d3fbbb25ece27d6cd338b348742f8f03ca8bd126d4a5ffd0ded00,BGP4,238,Acetic acid,1150,Acetic acid [mg/L of sludge],mg/L,Acetic acid!K16,Acetic acid!K17,,False
heitkamp_2021,10.1186/s13068-021-02034-5,c60a45ab498d3fbbb25ece27d6cd338b348742f8f03ca8bd126d4a5ffd0ded00,BGP4,259,Acetic acid,530,Acetic acid [mg/L of sludge],mg/L,Acetic acid!L16,Acetic acid!L17,,False
heitkamp_2021,10.1186/s13068-021-02034-5,c60a45ab498d3fbbb25ece27d6cd338b348742f8f03ca8bd126d4a5ffd0ded00,BGP4,288,Acetic acid,585,Acetic acid [mg/L of sludge],mg/L,Acetic acid!M16,Acetic acid!M17,,False
heitkamp_2021,10.1186/s13068-021-02034-5,c60a45ab498d3fbbb25ece27d6cd338b348742f8f03ca8bd126d4a5ffd0ded00,BGP4,319,Acetic acid,405,Acetic acid [mg/L of sludge],mg/L,Acetic acid!N16,Acetic acid!N17,,False
heitkamp_2021,10.1186/s13068-021-02034-5,c60a45ab498d3fbbb25ece27d6cd338b348742f8f03ca8bd126d4a5ffd0ded00,BGP4,354,Acetic acid,350,Acetic acid [mg/L of sludge],mg/L,Acetic acid!O16,Acetic acid!O17,,False
heitkamp_2021,10.1186/s13068-021-02034-5,c60a45ab498d3fbbb25ece27d6cd338b348742f8f03ca8bd126d4a5ffd0ded00,BGP5,0,Acetic acid,1100,Acetic acid [mg/L of sludge],mg/L,Acetic acid!C20,Acetic acid!C21,,False
heitkamp_2021,10.1186/s13068-021-02034-5,c60a45ab498d3fbbb25ece27d6cd338b348742f8f03ca8bd126d4a5ffd0ded00,BGP5,50,Acetic acid,1000,Acetic acid [mg/L of sludge],mg/L,Acetic acid!D20,Acetic acid!D21,,False
heitkamp_2021,10.1186/s13068-021-02034-5,c60a45ab498d3fbbb25ece27d6cd338b348742f8f03ca8bd126d4a5ffd0ded00,BGP5,153,Acetic acid,200,Acetic acid [mg/L of sludge],mg/L,Acetic acid!E20,Acetic acid!E21,,False
heitkamp_2021,10.1186/s13068-021-02034-5,c60a45ab498d3fbbb25ece27d6cd338b348742f8f03ca8bd126d4a5ffd0ded00,BGP6,0,Acetic acid,1100,Acetic acid [mg/L of sludge],mg/L,Acetic acid!C24,Acetic acid!C25,,False
heitkamp_2021,10.1186/s13068-021-02034-5,c60a45ab498d3fbbb25ece27d6cd338b348742f8f03ca8bd126d4a5ffd0ded00,BGP6,14,Acetic acid,993.5,Acetic acid [mg/L of sludge],mg/L,Acetic acid!D24,Acetic acid!D25,,False
heitkamp_2021,10.1186/s13068-021-02034-5,c60a45ab498d3fbbb25ece27d6cd338b348742f8f03ca8bd126d4a5ffd0ded00,BGP6,28,Acetic acid,1425,Acetic acid [mg/L of sludge],mg/L,Acetic acid!E24,Acetic acid!E25,,False
heitkamp_2021,10.1186/s13068-021-02034-5,c60a45ab498d3fbbb25ece27d6cd338b348742f8f03ca8bd126d4a5ffd0ded00,BGP6,35,Acetic acid,1650,Acetic acid [mg/L of sludge],mg/L,Acetic acid!F24,Acetic acid!F25,,False
heitkamp_2021,10.1186/s13068-021-02034-5,c60a45ab498d3fbbb25ece27d6cd338b348742f8f03ca8bd126d4a5ffd0ded00,BGP6,48,Acetic acid,1130,Acetic acid [mg/L of sludge],mg/L,Acetic acid!G24,Acetic acid!G25,,False
heitkamp_2021,10.1186/s13068-021-02034-5,c60a45ab498d3fbbb25ece27d6cd338b348742f8f03ca8bd126d4a5ffd0ded00,BGP6,77,Acetic acid,1705,Acetic acid [mg/L of sludge],mg/L,Acetic acid!H24,Acetic acid!H25,,False
heitkamp_2021,10.1186/s13068-021-02034-5,c60a45ab498d3fbbb25ece27d6cd338b348742f8f03ca8bd126d4a5ffd0ded00,BGP6,98,Acetic acid,990.5,Acetic acid [mg/L of sludge],mg/L,Acetic acid!I24,Acetic acid!I25,,False
heitkamp_2021,10.1186/s13068-021-02034-5,c60a45ab498d3fbbb25ece27d6cd338b348742f8f03ca8bd126d4a5ffd0ded00,BGP6,106,Acetic acid,215,Acetic acid [mg/L of sludge],mg/L,Acetic acid!J24,Acetic acid!J25,,False
heitkamp_2021,10.1186/s13068-021-02034-5,c60a45ab498d3fbbb25ece27d6cd338b348742f8f03ca8bd126d4a5ffd0ded00,BGP6,115,Acetic acid,270,Acetic acid [mg/L of sludge],mg/L,Acetic acid!K24,Acetic acid!K25,,False
heitkamp_2021,10.1186/s13068-021-02034-5,c60a45ab498d3fbbb25ece27d6cd338b348742f8f03ca8bd126d4a5ffd0ded00,BGP6,130,Acetic acid,176.5,Acetic acid [mg/L of sludge],mg/L,Acetic acid!L24,Acetic acid!L25,,False
heitkamp_2021,10.1186/s13068-021-02034-5,c60a45ab498d3fbbb25ece27d6cd338b348742f8f03ca8bd126d4a5ffd0ded00,BGP6,155,Acetic acid,1000,Acetic acid [mg/L of sludge],mg/L,Acetic acid!M24,Acetic acid!M25,,False
heitkamp_2021,10.1186/s13068-021-02034-5,c60a45ab498d3fbbb25ece27d6cd338b348742f8f03ca8bd126d4a5ffd0ded00,BGP6,175,Acetic acid,650,Acetic acid [mg/L of sludge],mg/L,Acetic acid!N24,Acetic acid!N25,,False
heitkamp_2021,10.1186/s13068-021-02034-5,c60a45ab498d3fbbb25ece27d6cd338b348742f8f03ca8bd126d4a5ffd0ded00,BGP6,189,Acetic acid,1360,Acetic acid [mg/L of sludge],mg/L,Acetic acid!O24,Acetic acid!O25,,False
heitkamp_2021,10.1186/s13068-021-02034-5,c60a45ab498d3fbbb25ece27d6cd338b348742f8f03ca8bd126d4a5ffd0ded00,BGP6,197,Acetic acid,71.5,Acetic acid [mg/L of sludge],mg/L,Acetic acid!P24,Acetic acid!P25,,False
heitkamp_2021,10.1186/s13068-021-02034-5,c60a45ab498d3fbbb25ece27d6cd338b348742f8f03ca8bd126d4a5ffd0ded00,BGP6,211,Acetic acid,1895,Acetic acid [mg/L of sludge],mg/L,Acetic acid!Q24,Acetic acid!Q25,,False
heitkamp_2021,10.1186/s13068-021-02034-5,c60a45ab498d3fbbb25ece27d6cd338b348742f8f03ca8bd126d4a5ffd0ded00,BGP6,225,Acetic acid,1135,Acetic acid [mg/L of sludge],mg/L,Acetic acid!R24,Acetic acid!R25,,False
heitkamp_2021,10.1186/s13068-021-02034-5,c60a45ab498d3fbbb25ece27d6cd338b348742f8f03ca8bd126d4a5ffd0ded00,BGP6,238,Acetic acid,682.5,Acetic acid [mg/L of sludge],mg/L,Acetic acid!S24,Acetic acid!S25,,False
heitkamp_2021,10.1186/s13068-021-02034-5,c60a45ab498d3fbbb25ece27d6cd338b348742f8f03ca8bd126d4a5ffd0ded00,BGP6,252,Acetic acid,373.5,Acetic acid [mg/L of sludge],mg/L,Acetic acid!T24,Acetic acid!T25,,False
heitkamp_2021,10.1186/s13068-021-02034-5,c60a45ab498d3fbbb25ece27d6cd338b348742f8f03ca8bd126d4a5ffd0ded00,BGP6,274,Acetic acid,720,Acetic acid [mg/L of sludge],mg/L,Acetic acid!U24,Acetic acid!U25,,False
heitkamp_2021,10.1186/s13068-021-02034-5,c60a45ab498d3fbbb25ece27d6cd338b348742f8f03ca8bd126d4a5ffd0ded00,BGP6,280,Acetic acid,570,Acetic acid [mg/L of sludge],mg/L,Acetic acid!V24,Acetic acid!V25,,False
heitkamp_2021,10.1186/s13068-021-02034-5,c60a45ab498d3fbbb25ece27d6cd338b348742f8f03ca8bd126d4a5ffd0ded00,BGP6,288,Acetic acid,740,Acetic acid [mg/L of sludge],mg/L,Acetic acid!W24,Acetic acid!W25,,False
heitkamp_2021,10.1186/s13068-021-02034-5,c60a45ab498d3fbbb25ece27d6cd338b348742f8f03ca8bd126d4a5ffd0ded00,BGP6,309,Acetic acid,2225,Acetic acid [mg/L of sludge],mg/L,Acetic acid!X24,Acetic acid!X25,,False
heitkamp_2021,10.1186/s13068-021-02034-5,c60a45ab498d3fbbb25ece27d6cd338b348742f8f03ca8bd126d4a5ffd0ded00,BGP7,0,Acetic acid,223,Acetic acid [mg/L of sludge],mg/L,Acetic acid!C28,Acetic acid!C29,,False
heitkamp_2021,10.1186/s13068-021-02034-5,c60a45ab498d3fbbb25ece27d6cd338b348742f8f03ca8bd126d4a5ffd0ded00,BGP7,31,Acetic acid,282,Acetic acid [mg/L of sludge],mg/L,Acetic acid!D28,Acetic acid!D29,,False
heitkamp_2021,10.1186/s13068-021-02034-5,c60a45ab498d3fbbb25ece27d6cd338b348742f8f03ca8bd126d4a5ffd0ded00,BGP7,49,Acetic acid,n.a,Acetic acid [mg/L of sludge],mg/L,Acetic acid!E28,Acetic acid!E29,nonnumeric_value_requires_review,False
heitkamp_2021,10.1186/s13068-021-02034-5,c60a45ab498d3fbbb25ece27d6cd338b348742f8f03ca8bd126d4a5ffd0ded00,BGP7,77,Acetic acid,175,Acetic acid [mg/L of sludge],mg/L,Acetic acid!F28,Acetic acid!F29,,False
heitkamp_2021,10.1186/s13068-021-02034-5,c60a45ab498d3fbbb25ece27d6cd338b348742f8f03ca8bd126d4a5ffd0ded00,BGP7,91,Acetic acid,n.a,Acetic acid [mg/L of sludge],mg/L,Acetic acid!G28,Acetic acid!G29,nonnumeric_value_requires_review,False
heitkamp_2021,10.1186/s13068-021-02034-5,c60a45ab498d3fbbb25ece27d6cd338b348742f8f03ca8bd126d4a5ffd0ded00,BGP7,112,Acetic acid,166,Acetic acid [mg/L of sludge],mg/L,Acetic acid!H28,Acetic acid!H29,,False
heitkamp_2021,10.1186/s13068-021-02034-5,c60a45ab498d3fbbb25ece27d6cd338b348742f8f03ca8bd126d4a5ffd0ded00,BGP7,147,Acetic acid,300,Acetic acid [mg/L of sludge],mg/L,Acetic acid!I28,Acetic acid!I29,,False
heitkamp_2021,10.1186/s13068-021-02034-5,c60a45ab498d3fbbb25ece27d6cd338b348742f8f03ca8bd126d4a5ffd0ded00,BGP1,0,Propionic acid,89,Propionic acid [mg/L of sludge],mg/L,Propionic acid!C4,Propionic acid!C5,,False
heitkamp_2021,10.1186/s13068-021-02034-5,c60a45ab498d3fbbb25ece27d6cd338b348742f8f03ca8bd126d4a5ffd0ded00,BGP1,6,Propionic acid,130,Propionic acid [mg/L of sludge],mg/L,Propionic acid!D4,Propionic acid!D5,,False
heitkamp_2021,10.1186/s13068-021-02034-5,c60a45ab498d3fbbb25ece27d6cd338b348742f8f03ca8bd126d4a5ffd0ded00,BGP1,14,Propionic acid,190,Propionic acid [mg/L of sludge],mg/L,Propionic acid!E4,Propionic acid!E5,,False
heitkamp_2021,10.1186/s13068-021-02034-5,c60a45ab498d3fbbb25ece27d6cd338b348742f8f03ca8bd126d4a5ffd0ded00,BGP1,34,Propionic acid,760,Propionic acid [mg/L of sludge],mg/L,Propionic acid!F4,Propionic acid!F5,,False
heitkamp_2021,10.1186/s13068-021-02034-5,c60a45ab498d3fbbb25ece27d6cd338b348742f8f03ca8bd126d4a5ffd0ded00,BGP1,41,Propionic acid,340,Propionic acid [mg/L of sludge],mg/L,Propionic acid!G4,Propionic acid!G5,,False
heitkamp_2021,10.1186/s13068-021-02034-5,c60a45ab498d3fbbb25ece27d6cd338b348742f8f03ca8bd126d4a5ffd0ded00,BGP1,55,Propionic acid,40.5,Propionic acid [mg/L of sludge],mg/L,Propionic acid!H4,Propionic acid!H5,,False
heitkamp_2021,10.1186/s13068-021-02034-5,c60a45ab498d3fbbb25ece27d6cd338b348742f8f03ca8bd126d4a5ffd0ded00,BGP1,69,Propionic acid,197,Propionic acid [mg/L of sludge],mg/L,Propionic acid!I4,Propionic acid!I5,,False
heitkamp_2021,10.1186/s13068-021-02034-5,c60a45ab498d3fbbb25ece27d6cd338b348742f8f03ca8bd126d4a5ffd0ded00,BGP1,83,Propionic acid,285.5,Propionic acid [mg/L of sludge],mg/L,Propionic acid!J4,Propionic acid!J5,,False
heitkamp_2021,10.1186/s13068-021-02034-5,c60a45ab498d3fbbb25ece27d6cd338b348742f8f03ca8bd126d4a5ffd0ded00,BGP1,90,Propionic acid,325,Propionic acid [mg/L of sludge],mg/L,Propionic acid!K4,Propionic acid!K5,,False
heitkamp_2021,10.1186/s13068-021-02034-5,c60a45ab498d3fbbb25ece27d6cd338b348742f8f03ca8bd126d4a5ffd0ded00,BGP1,97,Propionic acid,220,Propionic acid [mg/L of sludge],mg/L,Propionic acid!L4,Propionic acid!L5,,False
heitkamp_2021,10.1186/s13068-021-02034-5,c60a45ab498d3fbbb25ece27d6cd338b348742f8f03ca8bd126d4a5ffd0ded00,BGP1,104,Propionic acid,187.5,Propionic acid [mg/L of sludge],mg/L,Propionic acid!M4,Propionic acid!M5,,False
heitkamp_2021,10.1186/s13068-021-02034-5,c60a45ab498d3fbbb25ece27d6cd338b348742f8f03ca8bd126d4a5ffd0ded00,BGP1,111,Propionic acid,360,Propionic acid [mg/L of sludge],mg/L,Propionic acid!N4,Propionic acid!N5,,False
heitkamp_2021,10.1186/s13068-021-02034-5,c60a45ab498d3fbbb25ece27d6cd338b348742f8f03ca8bd126d4a5ffd0ded00,BGP1,118,Propionic acid,810,Propionic acid [mg/L of sludge],mg/L,Propionic acid!O4,Propionic acid!O5,,False
heitkamp_2021,10.1186/s13068-021-02034-5,c60a45ab498d3fbbb25ece27d6cd338b348742f8f03ca8bd126d4a5ffd0ded00,BGP1,132,Propionic acid,385,Propionic acid [mg/L of sludge],mg/L,Propionic acid!P4,Propionic acid!P5,,False
heitkamp_2021,10.1186/s13068-021-02034-5,c60a45ab498d3fbbb25ece27d6cd338b348742f8f03ca8bd126d4a5ffd0ded00,BGP1,146,Propionic acid,115,Propionic acid [mg/L of sludge],mg/L,Propionic acid!Q4,Propionic acid!Q5,,False
heitkamp_2021,10.1186/s13068-021-02034-5,c60a45ab498d3fbbb25ece27d6cd338b348742f8f03ca8bd126d4a5ffd0ded00,BGP1,153,Propionic acid,28.5,Propionic acid [mg/L of sludge],mg/L,Propionic acid!R4,Propionic acid!R5,,False
heitkamp_2021,10.1186/s13068-021-02034-5,c60a45ab498d3fbbb25ece27d6cd338b348742f8f03ca8bd126d4a5ffd0ded00,BGP1,174,Propionic acid,57,Propionic acid [mg/L of sludge],mg/L,Propionic acid!S4,Propionic acid!S5,,False
heitkamp_2021,10.1186/s13068-021-02034-5,c60a45ab498d3fbbb25ece27d6cd338b348742f8f03ca8bd126d4a5ffd0ded00,BGP1,188,Propionic acid,25.5,Propionic acid [mg/L of sludge],mg/L,Propionic acid!T4,Propionic acid!T5,,False
heitkamp_2021,10.1186/s13068-021-02034-5,c60a45ab498d3fbbb25ece27d6cd338b348742f8f03ca8bd126d4a5ffd0ded00,BGP1,209,Propionic acid,25.5,Propionic acid [mg/L of sludge],mg/L,Propionic acid!U4,Propionic acid!U5,,False
heitkamp_2021,10.1186/s13068-021-02034-5,c60a45ab498d3fbbb25ece27d6cd338b348742f8f03ca8bd126d4a5ffd0ded00,BGP1,223,Propionic acid,37.5,Propionic acid [mg/L of sludge],mg/L,Propionic acid!V4,Propionic acid!V5,,False
heitkamp_2021,10.1186/s13068-021-02034-5,c60a45ab498d3fbbb25ece27d6cd338b348742f8f03ca8bd126d4a5ffd0ded00,BGP1,237,Propionic acid,49.5,Propionic acid [mg/L of sludge],mg/L,Propionic acid!W4,Propionic acid!W5,,False
heitkamp_2021,10.1186/s13068-021-02034-5,c60a45ab498d3fbbb25ece27d6cd338b348742f8f03ca8bd126d4a5ffd0ded00,BGP1,272,Propionic acid,0,Propionic acid [mg/L of sludge],mg/L,Propionic acid!X4,Propionic acid!X5,,False
heitkamp_2021,10.1186/s13068-021-02034-5,c60a45ab498d3fbbb25ece27d6cd338b348742f8f03ca8bd126d4a5ffd0ded00,BGP1,280,Propionic acid,0,Propionic acid [mg/L of sludge],mg/L,Propionic acid!Y4,Propionic acid!Y5,,False
heitkamp_2021,10.1186/s13068-021-02034-5,c60a45ab498d3fbbb25ece27d6cd338b348742f8f03ca8bd126d4a5ffd0ded00,BGP1,300,Propionic acid,0,Propionic acid [mg/L of sludge],mg/L,Propionic acid!Z4,Propionic acid!Z5,,False
heitkamp_2021,10.1186/s13068-021-02034-5,c60a45ab498d3fbbb25ece27d6cd338b348742f8f03ca8bd126d4a5ffd0ded00,BGP1,328,Propionic acid,0,Propionic acid [mg/L of sludge],mg/L,Propionic acid!AA4,Propionic acid!AA5,,False
heitkamp_2021,10.1186/s13068-021-02034-5,c60a45ab498d3fbbb25ece27d6cd338b348742f8f03ca8bd126d4a5ffd0ded00,BGP1,359,Propionic acid,0,Propionic acid [mg/L of sludge],mg/L,Propionic acid!AB4,Propionic acid!AB5,,False
heitkamp_2021,10.1186/s13068-021-02034-5,c60a45ab498d3fbbb25ece27d6cd338b348742f8f03ca8bd126d4a5ffd0ded00,BGP2,0,Propionic acid,1800,Propionic acid [mg/L of sludge],mg/L,Propionic acid!C8,Propionic acid!C9,,False
heitkamp_2021,10.1186/s13068-021-02034-5,c60a45ab498d3fbbb25ece27d6cd338b348742f8f03ca8bd126d4a5ffd0ded00,BGP2,16,Propionic acid,1700,Propionic acid [mg/L of sludge],mg/L,Propionic acid!D8,Propionic acid!D9,,False
heitkamp_2021,10.1186/s13068-021-02034-5,c60a45ab498d3fbbb25ece27d6cd338b348742f8f03ca8bd126d4a5ffd0ded00,BGP2,17,Propionic acid,1600,Propionic acid [mg/L of sludge],mg/L,Propionic acid!E8,Propionic acid!E9,,False
heitkamp_2021,10.1186/s13068-021-02034-5,c60a45ab498d3fbbb25ece27d6cd338b348742f8f03ca8bd126d4a5ffd0ded00,BGP2,19,Propionic acid,1500,Propionic acid [mg/L of sludge],mg/L,Propionic acid!F8,Propionic acid!F9,,False
heitkamp_2021,10.1186/s13068-021-02034-5,c60a45ab498d3fbbb25ece27d6cd338b348742f8f03ca8bd126d4a5ffd0ded00,BGP2,21,Propionic acid,1400,Propionic acid [mg/L of sludge],mg/L,Propionic acid!G8,Propionic acid!G9,,False
heitkamp_2021,10.1186/s13068-021-02034-5,c60a45ab498d3fbbb25ece27d6cd338b348742f8f03ca8bd126d4a5ffd0ded00,BGP2,28,Propionic acid,930,Propionic acid [mg/L of sludge],mg/L,Propionic acid!H8,Propionic acid!H9,,False
heitkamp_2021,10.1186/s13068-021-02034-5,c60a45ab498d3fbbb25ece27d6cd338b348742f8f03ca8bd126d4a5ffd0ded00,BGP2,32,Propionic acid,820,Propionic acid [mg/L of sludge],mg/L,Propionic acid!I8,Propionic acid!I9,,False
heitkamp_2021,10.1186/s13068-021-02034-5,c60a45ab498d3fbbb25ece27d6cd338b348742f8f03ca8bd126d4a5ffd0ded00,BGP2,42,Propionic acid,590,Propionic acid [mg/L of sludge],mg/L,Propionic acid!J8,Propionic acid!J9,,False
heitkamp_2021,10.1186/s13068-021-02034-5,c60a45ab498d3fbbb25ece27d6cd338b348742f8f03ca8bd126d4a5ffd0ded00,BGP2,44,Propionic acid,750,Propionic acid [mg/L of sludge],mg/L,Propionic acid!K8,Propionic acid!K9,,False
heitkamp_2021,10.1186/s13068-021-02034-5,c60a45ab498d3fbbb25ece27d6cd338b348742f8f03ca8bd126d4a5ffd0ded00,BGP2,50,Propionic acid,580,Propionic acid [mg/L of sludge],mg/L,Propionic acid!L8,Propionic acid!L9,,False
heitkamp_2021,10.1186/s13068-021-02034-5,c60a45ab498d3fbbb25ece27d6cd338b348742f8f03ca8bd126d4a5ffd0ded00,BGP2,70,Propionic acid,680,Propionic acid [mg/L of sludge],mg/L,Propionic acid!M8,Propionic acid!M9,,False
heitkamp_2021,10.1186/s13068-021-02034-5,c60a45ab498d3fbbb25ece27d6cd338b348742f8f03ca8bd126d4a5ffd0ded00,BGP2,87,Propionic acid,870,Propionic acid [mg/L of sludge],mg/L,Propionic acid!N8,Propionic acid!N9,,False
heitkamp_2021,10.1186/s13068-021-02034-5,c60a45ab498d3fbbb25ece27d6cd338b348742f8f03ca8bd126d4a5ffd0ded00,BGP2,127,Propionic acid,840,Propionic acid [mg/L of sludge],mg/L,Propionic acid!O8,Propionic acid!O9,,False
heitkamp_2021,10.1186/s13068-021-02034-5,c60a45ab498d3fbbb25ece27d6cd338b348742f8f03ca8bd126d4a5ffd0ded00,BGP2,140,Propionic acid,297.5,Propionic acid [mg/L of sludge],mg/L,Propionic acid!P8,Propionic acid!P9,,False
heitkamp_2021,10.1186/s13068-021-02034-5,c60a45ab498d3fbbb25ece27d6cd338b348742f8f03ca8bd126d4a5ffd0ded00,BGP2,190,Propionic acid,420,Propionic acid [mg/L of sludge],mg/L,Propionic acid!Q8,Propionic acid!Q9,,False
heitkamp_2021,10.1186/s13068-021-02034-5,c60a45ab498d3fbbb25ece27d6cd338b348742f8f03ca8bd126d4a5ffd0ded00,BGP2,273,Propionic acid,330,Propionic acid [mg/L of sludge],mg/L,Propionic acid!R8,Propionic acid!R9,,False
heitkamp_2021,10.1186/s13068-021-02034-5,c60a45ab498d3fbbb25ece27d6cd338b348742f8f03ca8bd126d4a5ffd0ded00,BGP2,315,Propionic acid,320,Propionic acid [mg/L of sludge],mg/L,Propionic acid!S8,Propionic acid!S9,,False
heitkamp_2021,10.1186/s13068-021-02034-5,c60a45ab498d3fbbb25ece27d6cd338b348742f8f03ca8bd126d4a5ffd0ded00,BGP3,0,Propionic acid,330,Propionic acid [mg/L of sludge],mg/L,Propionic acid!C12,Propionic acid!C13,,False
heitkamp_2021,10.1186/s13068-021-02034-5,c60a45ab498d3fbbb25ece27d6cd338b348742f8f03ca8bd126d4a5ffd0ded00,BGP3,178,Propionic acid,0,Propionic acid [mg/L of sludge],mg/L,Propionic acid!D12,Propionic acid!D13,,False
heitkamp_2021,10.1186/s13068-021-02034-5,c60a45ab498d3fbbb25ece27d6cd338b348742f8f03ca8bd126d4a5ffd0ded00,BGP3,367,Propionic acid,0,Propionic acid [mg/L of sludge],mg/L,Propionic acid!E12,Propionic acid!E13,,False
heitkamp_2021,10.1186/s13068-021-02034-5,c60a45ab498d3fbbb25ece27d6cd338b348742f8f03ca8bd126d4a5ffd0ded00,BGP4,0,Propionic acid,535,Propionic acid [mg/L of sludge],mg/L,Propionic acid!C16,Propionic acid!C17,,False
heitkamp_2021,10.1186/s13068-021-02034-5,c60a45ab498d3fbbb25ece27d6cd338b348742f8f03ca8bd126d4a5ffd0ded00,BGP4,29,Propionic acid,0,Propionic acid [mg/L of sludge],mg/L,Propionic acid!D16,Propionic acid!D17,,False
heitkamp_2021,10.1186/s13068-021-02034-5,c60a45ab498d3fbbb25ece27d6cd338b348742f8f03ca8bd126d4a5ffd0ded00,BGP4,42,Propionic acid,0,Propionic acid [mg/L of sludge],mg/L,Propionic acid!E16,Propionic acid!E17,,False
heitkamp_2021,10.1186/s13068-021-02034-5,c60a45ab498d3fbbb25ece27d6cd338b348742f8f03ca8bd126d4a5ffd0ded00,BGP4,73,Propionic acid,0,Propionic acid [mg/L of sludge],mg/L,Propionic acid!F16,Propionic acid!F17,,False
heitkamp_2021,10.1186/s13068-021-02034-5,c60a45ab498d3fbbb25ece27d6cd338b348742f8f03ca8bd126d4a5ffd0ded00,BGP4,114,Propionic acid,0,Propionic acid [mg/L of sludge],mg/L,Propionic acid!G16,Propionic acid!G17,,False
heitkamp_2021,10.1186/s13068-021-02034-5,c60a45ab498d3fbbb25ece27d6cd338b348742f8f03ca8bd126d4a5ffd0ded00,BGP4,140,Propionic acid,0,Propionic acid [mg/L of sludge],mg/L,Propionic acid!H16,Propionic acid!H17,,False
heitkamp_2021,10.1186/s13068-021-02034-5,c60a45ab498d3fbbb25ece27d6cd338b348742f8f03ca8bd126d4a5ffd0ded00,BGP4,169,Propionic acid,0,Propionic acid [mg/L of sludge],mg/L,Propionic acid!I16,Propionic acid!I17,,False
heitkamp_2021,10.1186/s13068-021-02034-5,c60a45ab498d3fbbb25ece27d6cd338b348742f8f03ca8bd126d4a5ffd0ded00,BGP4,204,Propionic acid,20,Propionic acid [mg/L of sludge],mg/L,Propionic acid!J16,Propionic acid!J17,,False
heitkamp_2021,10.1186/s13068-021-02034-5,c60a45ab498d3fbbb25ece27d6cd338b348742f8f03ca8bd126d4a5ffd0ded00,BGP4,238,Propionic acid,30,Propionic acid [mg/L of sludge],mg/L,Propionic acid!K16,Propionic acid!K17,,False
heitkamp_2021,10.1186/s13068-021-02034-5,c60a45ab498d3fbbb25ece27d6cd338b348742f8f03ca8bd126d4a5ffd0ded00,BGP4,259,Propionic acid,0,Propionic acid [mg/L of sludge],mg/L,Propionic acid!L16,Propionic acid!L17,,False
heitkamp_2021,10.1186/s13068-021-02034-5,c60a45ab498d3fbbb25ece27d6cd338b348742f8f03ca8bd126d4a5ffd0ded00,BGP4,288,Propionic acid,25,Propionic acid [mg/L of sludge],mg/L,Propionic acid!M16,Propionic acid!M17,,False
heitkamp_2021,10.1186/s13068-021-02034-5,c60a45ab498d3fbbb25ece27d6cd338b348742f8f03ca8bd126d4a5ffd0ded00,BGP4,319,Propionic acid,25,Propionic acid [mg/L of sludge],mg/L,Propionic acid!N16,Propionic acid!N17,,False
heitkamp_2021,10.1186/s13068-021-02034-5,c60a45ab498d3fbbb25ece27d6cd338b348742f8f03ca8bd126d4a5ffd0ded00,BGP4,354,Propionic acid,0,Propionic acid [mg/L of sludge],mg/L,Propionic acid!O16,Propionic acid!O17,,False
heitkamp_2021,10.1186/s13068-021-02034-5,c60a45ab498d3fbbb25ece27d6cd338b348742f8f03ca8bd126d4a5ffd0ded00,BGP5,0,Propionic acid,200,Propionic acid [mg/L of sludge],mg/L,Propionic acid!C20,Propionic acid!C21,,False
heitkamp_2021,10.1186/s13068-021-02034-5,c60a45ab498d3fbbb25ece27d6cd338b348742f8f03ca8bd126d4a5ffd0ded00,BGP5,50,Propionic acid,180,Propionic acid [mg/L of sludge],mg/L,Propionic acid!D20,Propionic acid!D21,,False
heitkamp_2021,10.1186/s13068-021-02034-5,c60a45ab498d3fbbb25ece27d6cd338b348742f8f03ca8bd126d4a5ffd0ded00,BGP5,153,Propionic acid,0,Propionic acid [mg/L of sludge],mg/L,Propionic acid!E20,Propionic acid!E21,,False
heitkamp_2021,10.1186/s13068-021-02034-5,c60a45ab498d3fbbb25ece27d6cd338b348742f8f03ca8bd126d4a5ffd0ded00,BGP6,0,Propionic acid,1915,Propionic acid [mg/L of sludge],mg/L,Propionic acid!C24,Propionic acid!C25,,False
heitkamp_2021,10.1186/s13068-021-02034-5,c60a45ab498d3fbbb25ece27d6cd338b348742f8f03ca8bd126d4a5ffd0ded00,BGP6,14,Propionic acid,485,Propionic acid [mg/L of sludge],mg/L,Propionic acid!D24,Propionic acid!D25,,False
heitkamp_2021,10.1186/s13068-021-02034-5,c60a45ab498d3fbbb25ece27d6cd338b348742f8f03ca8bd126d4a5ffd0ded00,BGP6,28,Propionic acid,1026,Propionic acid [mg/L of sludge],mg/L,Propionic acid!E24,Propionic acid!E25,,False
heitkamp_2021,10.1186/s13068-021-02034-5,c60a45ab498d3fbbb25ece27d6cd338b348742f8f03ca8bd126d4a5ffd0ded00,BGP6,35,Propionic acid,1400,Propionic acid [mg/L of sludge],mg/L,Propionic acid!F24,Propionic acid!F25,,False
heitkamp_2021,10.1186/s13068-021-02034-5,c60a45ab498d3fbbb25ece27d6cd338b348742f8f03ca8bd126d4a5ffd0ded00,BGP6,48,Propionic acid,1045,Propionic acid [mg/L of sludge],mg/L,Propionic acid!G24,Propionic acid!G25,,False
heitkamp_2021,10.1186/s13068-021-02034-5,c60a45ab498d3fbbb25ece27d6cd338b348742f8f03ca8bd126d4a5ffd0ded00,BGP6,77,Propionic acid,1160,Propionic acid [mg/L of sludge],mg/L,Propionic acid!H24,Propionic acid!H25,,False
heitkamp_2021,10.1186/s13068-021-02034-5,c60a45ab498d3fbbb25ece27d6cd338b348742f8f03ca8bd126d4a5ffd0ded00,BGP6,98,Propionic acid,627,Propionic acid [mg/L of sludge],mg/L,Propionic acid!I24,Propionic acid!I25,,False
heitkamp_2021,10.1186/s13068-021-02034-5,c60a45ab498d3fbbb25ece27d6cd338b348742f8f03ca8bd126d4a5ffd0ded00,BGP6,106,Propionic acid,235,Propionic acid [mg/L of sludge],mg/L,Propionic acid!J24,Propionic acid!J25,,False
heitkamp_2021,10.1186/s13068-021-02034-5,c60a45ab498d3fbbb25ece27d6cd338b348742f8f03ca8bd126d4a5ffd0ded00,BGP6,115,Propionic acid,625,Propionic acid [mg/L of sludge],mg/L,Propionic acid!K24,Propionic acid!K25,,False
heitkamp_2021,10.1186/s13068-021-02034-5,c60a45ab498d3fbbb25ece27d6cd338b348742f8f03ca8bd126d4a5ffd0ded00,BGP6,130,Propionic acid,26,Propionic acid [mg/L of sludge],mg/L,Propionic acid!L24,Propionic acid!L25,,False
heitkamp_2021,10.1186/s13068-021-02034-5,c60a45ab498d3fbbb25ece27d6cd338b348742f8f03ca8bd126d4a5ffd0ded00,BGP6,155,Propionic acid,475,Propionic acid [mg/L of sludge],mg/L,Propionic acid!M24,Propionic acid!M25,,False
heitkamp_2021,10.1186/s13068-021-02034-5,c60a45ab498d3fbbb25ece27d6cd338b348742f8f03ca8bd126d4a5ffd0ded00,BGP6,175,Propionic acid,550,Propionic acid [mg/L of sludge],mg/L,Propionic acid!N24,Propionic acid!N25,,False
heitkamp_2021,10.1186/s13068-021-02034-5,c60a45ab498d3fbbb25ece27d6cd338b348742f8f03ca8bd126d4a5ffd0ded00,BGP6,189,Propionic acid,340,Propionic acid [mg/L of sludge],mg/L,Propionic acid!O24,Propionic acid!O25,,False
heitkamp_2021,10.1186/s13068-021-02034-5,c60a45ab498d3fbbb25ece27d6cd338b348742f8f03ca8bd126d4a5ffd0ded00,BGP6,197,Propionic acid,0,Propionic acid [mg/L of sludge],mg/L,Propionic acid!P24,Propionic acid!P25,,False
heitkamp_2021,10.1186/s13068-021-02034-5,c60a45ab498d3fbbb25ece27d6cd338b348742f8f03ca8bd126d4a5ffd0ded00,BGP6,211,Propionic acid,705,Propionic acid [mg/L of sludge],mg/L,Propionic acid!Q24,Propionic acid!Q25,,False
heitkamp_2021,10.1186/s13068-021-02034-5,c60a45ab498d3fbbb25ece27d6cd338b348742f8f03ca8bd126d4a5ffd0ded00,BGP6,225,Propionic acid,850,Propionic acid [mg/L of sludge],mg/L,Propionic acid!R24,Propionic acid!R25,,False
heitkamp_2021,10.1186/s13068-021-02034-5,c60a45ab498d3fbbb25ece27d6cd338b348742f8f03ca8bd126d4a5ffd0ded00,BGP6,238,Propionic acid,170,Propionic acid [mg/L of sludge],mg/L,Propionic acid!S24,Propionic acid!S25,,False
heitkamp_2021,10.1186/s13068-021-02034-5,c60a45ab498d3fbbb25ece27d6cd338b348742f8f03ca8bd126d4a5ffd0ded00,BGP6,252,Propionic acid,295,Propionic acid [mg/L of sludge],mg/L,Propionic acid!T24,Propionic acid!T25,,False
heitkamp_2021,10.1186/s13068-021-02034-5,c60a45ab498d3fbbb25ece27d6cd338b348742f8f03ca8bd126d4a5ffd0ded00,BGP6,274,Propionic acid,805,Propionic acid [mg/L of sludge],mg/L,Propionic acid!U24,Propionic acid!U25,,False
heitkamp_2021,10.1186/s13068-021-02034-5,c60a45ab498d3fbbb25ece27d6cd338b348742f8f03ca8bd126d4a5ffd0ded00,BGP6,280,Propionic acid,395,Propionic acid [mg/L of sludge],mg/L,Propionic acid!V24,Propionic acid!V25,,False
heitkamp_2021,10.1186/s13068-021-02034-5,c60a45ab498d3fbbb25ece27d6cd338b348742f8f03ca8bd126d4a5ffd0ded00,BGP6,288,Propionic acid,105,Propionic acid [mg/L of sludge],mg/L,Propionic acid!W24,Propionic acid!W25,,False
heitkamp_2021,10.1186/s13068-021-02034-5,c60a45ab498d3fbbb25ece27d6cd338b348742f8f03ca8bd126d4a5ffd0ded00,BGP6,309,Propionic acid,1800,Propionic acid [mg/L of sludge],mg/L,Propionic acid!X24,Propionic acid!X25,,False
heitkamp_2021,10.1186/s13068-021-02034-5,c60a45ab498d3fbbb25ece27d6cd338b348742f8f03ca8bd126d4a5ffd0ded00,BGP7,0,Propionic acid,0,Propionic acid [mg/L of sludge],mg/L,Propionic acid!C28,Propionic acid!C29,,False
heitkamp_2021,10.1186/s13068-021-02034-5,c60a45ab498d3fbbb25ece27d6cd338b348742f8f03ca8bd126d4a5ffd0ded00,BGP7,31,Propionic acid,52,Propionic acid [mg/L of sludge],mg/L,Propionic acid!D28,Propionic acid!D29,,False
heitkamp_2021,10.1186/s13068-021-02034-5,c60a45ab498d3fbbb25ece27d6cd338b348742f8f03ca8bd126d4a5ffd0ded00,BGP7,49,Propionic acid,n.a,Propionic acid [mg/L of sludge],mg/L,Propionic acid!E28,Propionic acid!E29,nonnumeric_value_requires_review,False
heitkamp_2021,10.1186/s13068-021-02034-5,c60a45ab498d3fbbb25ece27d6cd338b348742f8f03ca8bd126d4a5ffd0ded00,BGP7,77,Propionic acid,0,Propionic acid [mg/L of sludge],mg/L,Propionic acid!F28,Propionic acid!F29,,False
heitkamp_2021,10.1186/s13068-021-02034-5,c60a45ab498d3fbbb25ece27d6cd338b348742f8f03ca8bd126d4a5ffd0ded00,BGP7,91,Propionic acid,n.a,Propionic acid [mg/L of sludge],mg/L,Propionic acid!G28,Propionic acid!G29,nonnumeric_value_requires_review,False
heitkamp_2021,10.1186/s13068-021-02034-5,c60a45ab498d3fbbb25ece27d6cd338b348742f8f03ca8bd126d4a5ffd0ded00,BGP7,112,Propionic acid,0,Propionic acid [mg/L of sludge],mg/L,Propionic acid!H28,Propionic acid!H29,,False
heitkamp_2021,10.1186/s13068-021-02034-5,c60a45ab498d3fbbb25ece27d6cd338b348742f8f03ca8bd126d4a5ffd0ded00,BGP7,147,Propionic acid,28,Propionic acid [mg/L of sludge],mg/L,Propionic acid!I28,Propionic acid!I29,,False
heitkamp_2021,10.1186/s13068-021-02034-5,c60a45ab498d3fbbb25ece27d6cd338b348742f8f03ca8bd126d4a5ffd0ded00,BGP1,0,Butyric acid,0,Butyric acid [mg/L of sludge],mg/L,Butyric acid!C4,Butyric acid!C5,,False
heitkamp_2021,10.1186/s13068-021-02034-5,c60a45ab498d3fbbb25ece27d6cd338b348742f8f03ca8bd126d4a5ffd0ded00,BGP1,6,Butyric acid,0,Butyric acid [mg/L of sludge],mg/L,Butyric acid!D4,Butyric acid!D5,,False
heitkamp_2021,10.1186/s13068-021-02034-5,c60a45ab498d3fbbb25ece27d6cd338b348742f8f03ca8bd126d4a5ffd0ded00,BGP1,14,Butyric acid,0,Butyric acid [mg/L of sludge],mg/L,Butyric acid!E4,Butyric acid!E5,,False
heitkamp_2021,10.1186/s13068-021-02034-5,c60a45ab498d3fbbb25ece27d6cd338b348742f8f03ca8bd126d4a5ffd0ded00,BGP1,34,Butyric acid,0,Butyric acid [mg/L of sludge],mg/L,Butyric acid!F4,Butyric acid!F5,,False
heitkamp_2021,10.1186/s13068-021-02034-5,c60a45ab498d3fbbb25ece27d6cd338b348742f8f03ca8bd126d4a5ffd0ded00,BGP1,41,Butyric acid,0,Butyric acid [mg/L of sludge],mg/L,Butyric acid!G4,Butyric acid!G5,,False
heitkamp_2021,10.1186/s13068-021-02034-5,c60a45ab498d3fbbb25ece27d6cd338b348742f8f03ca8bd126d4a5ffd0ded00,BGP1,55,Butyric acid,0,Butyric acid [mg/L of sludge],mg/L,Butyric acid!H4,Butyric acid!H5,,False
heitkamp_2021,10.1186/s13068-021-02034-5,c60a45ab498d3fbbb25ece27d6cd338b348742f8f03ca8bd126d4a5ffd0ded00,BGP1,69,Butyric acid,0,Butyric acid [mg/L of sludge],mg/L,Butyric acid!I4,Butyric acid!I5,,False
heitkamp_2021,10.1186/s13068-021-02034-5,c60a45ab498d3fbbb25ece27d6cd338b348742f8f03ca8bd126d4a5ffd0ded00,BGP1,83,Butyric acid,0,Butyric acid [mg/L of sludge],mg/L,Butyric acid!J4,Butyric acid!J5,,False
heitkamp_2021,10.1186/s13068-021-02034-5,c60a45ab498d3fbbb25ece27d6cd338b348742f8f03ca8bd126d4a5ffd0ded00,BGP1,90,Butyric acid,0,Butyric acid [mg/L of sludge],mg/L,Butyric acid!K4,Butyric acid!K5,,False
heitkamp_2021,10.1186/s13068-021-02034-5,c60a45ab498d3fbbb25ece27d6cd338b348742f8f03ca8bd126d4a5ffd0ded00,BGP1,97,Butyric acid,0,Butyric acid [mg/L of sludge],mg/L,Butyric acid!L4,Butyric acid!L5,,False
heitkamp_2021,10.1186/s13068-021-02034-5,c60a45ab498d3fbbb25ece27d6cd338b348742f8f03ca8bd126d4a5ffd0ded00,BGP1,104,Butyric acid,0,Butyric acid [mg/L of sludge],mg/L,Butyric acid!M4,Butyric acid!M5,,False
heitkamp_2021,10.1186/s13068-021-02034-5,c60a45ab498d3fbbb25ece27d6cd338b348742f8f03ca8bd126d4a5ffd0ded00,BGP1,111,Butyric acid,0,Butyric acid [mg/L of sludge],mg/L,Butyric acid!N4,Butyric acid!N5,,False
heitkamp_2021,10.1186/s13068-021-02034-5,c60a45ab498d3fbbb25ece27d6cd338b348742f8f03ca8bd126d4a5ffd0ded00,BGP1,118,Butyric acid,0,Butyric acid [mg/L of sludge],mg/L,Butyric acid!O4,Butyric acid!O5,,False
heitkamp_2021,10.1186/s13068-021-02034-5,c60a45ab498d3fbbb25ece27d6cd338b348742f8f03ca8bd126d4a5ffd0ded00,BGP1,132,Butyric acid,0,Butyric acid [mg/L of sludge],mg/L,Butyric acid!P4,Butyric acid!P5,,False
heitkamp_2021,10.1186/s13068-021-02034-5,c60a45ab498d3fbbb25ece27d6cd338b348742f8f03ca8bd126d4a5ffd0ded00,BGP1,146,Butyric acid,0,Butyric acid [mg/L of sludge],mg/L,Butyric acid!Q4,Butyric acid!Q5,,False
heitkamp_2021,10.1186/s13068-021-02034-5,c60a45ab498d3fbbb25ece27d6cd338b348742f8f03ca8bd126d4a5ffd0ded00,BGP1,153,Butyric acid,0,Butyric acid [mg/L of sludge],mg/L,Butyric acid!R4,Butyric acid!R5,,False
heitkamp_2021,10.1186/s13068-021-02034-5,c60a45ab498d3fbbb25ece27d6cd338b348742f8f03ca8bd126d4a5ffd0ded00,BGP1,174,Butyric acid,0,Butyric acid [mg/L of sludge],mg/L,Butyric acid!S4,Butyric acid!S5,,False
heitkamp_2021,10.1186/s13068-021-02034-5,c60a45ab498d3fbbb25ece27d6cd338b348742f8f03ca8bd126d4a5ffd0ded00,BGP1,188,Butyric acid,0,Butyric acid [mg/L of sludge],mg/L,Butyric acid!T4,Butyric acid!T5,,False
heitkamp_2021,10.1186/s13068-021-02034-5,c60a45ab498d3fbbb25ece27d6cd338b348742f8f03ca8bd126d4a5ffd0ded00,BGP1,209,Butyric acid,0,Butyric acid [mg/L of sludge],mg/L,Butyric acid!U4,Butyric acid!U5,,False
heitkamp_2021,10.1186/s13068-021-02034-5,c60a45ab498d3fbbb25ece27d6cd338b348742f8f03ca8bd126d4a5ffd0ded00,BGP1,223,Butyric acid,0,Butyric acid [mg/L of sludge],mg/L,Butyric acid!V4,Butyric acid!V5,,False
heitkamp_2021,10.1186/s13068-021-02034-5,c60a45ab498d3fbbb25ece27d6cd338b348742f8f03ca8bd126d4a5ffd0ded00,BGP1,237,Butyric acid,0,Butyric acid [mg/L of sludge],mg/L,Butyric acid!W4,Butyric acid!W5,,False
heitkamp_2021,10.1186/s13068-021-02034-5,c60a45ab498d3fbbb25ece27d6cd338b348742f8f03ca8bd126d4a5ffd0ded00,BGP1,272,Butyric acid,0,Butyric acid [mg/L of sludge],mg/L,Butyric acid!X4,Butyric acid!X5,,False
heitkamp_2021,10.1186/s13068-021-02034-5,c60a45ab498d3fbbb25ece27d6cd338b348742f8f03ca8bd126d4a5ffd0ded00,BGP1,280,Butyric acid,0,Butyric acid [mg/L of sludge],mg/L,Butyric acid!Y4,Butyric acid!Y5,,False
heitkamp_2021,10.1186/s13068-021-02034-5,c60a45ab498d3fbbb25ece27d6cd338b348742f8f03ca8bd126d4a5ffd0ded00,BGP1,300,Butyric acid,0,Butyric acid [mg/L of sludge],mg/L,Butyric acid!Z4,Butyric acid!Z5,,False
heitkamp_2021,10.1186/s13068-021-02034-5,c60a45ab498d3fbbb25ece27d6cd338b348742f8f03ca8bd126d4a5ffd0ded00,BGP1,328,Butyric acid,0,Butyric acid [mg/L of sludge],mg/L,Butyric acid!AA4,Butyric acid!AA5,,False
heitkamp_2021,10.1186/s13068-021-02034-5,c60a45ab498d3fbbb25ece27d6cd338b348742f8f03ca8bd126d4a5ffd0ded00,BGP1,359,Butyric acid,0,Butyric acid [mg/L of sludge],mg/L,Butyric acid!AB4,Butyric acid!AB5,,False
heitkamp_2021,10.1186/s13068-021-02034-5,c60a45ab498d3fbbb25ece27d6cd338b348742f8f03ca8bd126d4a5ffd0ded00,BGP2,0,Butyric acid,143,Butyric acid [mg/L of sludge],mg/L,Butyric acid!C8,Butyric acid!C9,,False
heitkamp_2021,10.1186/s13068-021-02034-5,c60a45ab498d3fbbb25ece27d6cd338b348742f8f03ca8bd126d4a5ffd0ded00,BGP2,16,Butyric acid,139.5,Butyric acid [mg/L of sludge],mg/L,Butyric acid!D8,Butyric acid!D9,,False
heitkamp_2021,10.1186/s13068-021-02034-5,c60a45ab498d3fbbb25ece27d6cd338b348742f8f03ca8bd126d4a5ffd0ded00,BGP2,17,Butyric acid,123,Butyric acid [mg/L of sludge],mg/L,Butyric acid!E8,Butyric acid!E9,,False
heitkamp_2021,10.1186/s13068-021-02034-5,c60a45ab498d3fbbb25ece27d6cd338b348742f8f03ca8bd126d4a5ffd0ded00,BGP2,19,Butyric acid,75,Butyric acid [mg/L of sludge],mg/L,Butyric acid!F8,Butyric acid!F9,,False
heitkamp_2021,10.1186/s13068-021-02034-5,c60a45ab498d3fbbb25ece27d6cd338b348742f8f03ca8bd126d4a5ffd0ded00,BGP2,21,Butyric acid,60,Butyric acid [mg/L of sludge],mg/L,Butyric acid!G8,Butyric acid!G9,,False
heitkamp_2021,10.1186/s13068-021-02034-5,c60a45ab498d3fbbb25ece27d6cd338b348742f8f03ca8bd126d4a5ffd0ded00,BGP2,28,Butyric acid,31.5,Butyric acid [mg/L of sludge],mg/L,Butyric acid!H8,Butyric acid!H9,,False
heitkamp_2021,10.1186/s13068-021-02034-5,c60a45ab498d3fbbb25ece27d6cd338b348742f8f03ca8bd126d4a5ffd0ded00,BGP2,32,Butyric acid,30.5,Butyric acid [mg/L of sludge],mg/L,Butyric acid!I8,Butyric acid!I9,,False
heitkamp_2021,10.1186/s13068-021-02034-5,c60a45ab498d3fbbb25ece27d6cd338b348742f8f03ca8bd126d4a5ffd0ded00,BGP2,42,Butyric acid,0,Butyric acid [mg/L of sludge],mg/L,Butyric acid!J8,Butyric acid!J9,,False
heitkamp_2021,10.1186/s13068-021-02034-5,c60a45ab498d3fbbb25ece27d6cd338b348742f8f03ca8bd126d4a5ffd0ded00,BGP2,44,Butyric acid,0,Butyric acid [mg/L of sludge],mg/L,Butyric acid!K8,Butyric acid!K9,,False
heitkamp_2021,10.1186/s13068-021-02034-5,c60a45ab498d3fbbb25ece27d6cd338b348742f8f03ca8bd126d4a5ffd0ded00,BGP2,50,Butyric acid,25,Butyric acid [mg/L of sludge],mg/L,Butyric acid!L8,Butyric acid!L9,,False
heitkamp_2021,10.1186/s13068-021-02034-5,c60a45ab498d3fbbb25ece27d6cd338b348742f8f03ca8bd126d4a5ffd0ded00,BGP2,70,Butyric acid,27.5,Butyric acid [mg/L of sludge],mg/L,Butyric acid!M8,Butyric acid!M9,,False
heitkamp_2021,10.1186/s13068-021-02034-5,c60a45ab498d3fbbb25ece27d6cd338b348742f8f03ca8bd126d4a5ffd0ded00,BGP2,87,Butyric acid,36.5,Butyric acid [mg/L of sludge],mg/L,Butyric acid!N8,Butyric acid!N9,,False
heitkamp_2021,10.1186/s13068-021-02034-5,c60a45ab498d3fbbb25ece27d6cd338b348742f8f03ca8bd126d4a5ffd0ded00,BGP2,127,Butyric acid,27,Butyric acid [mg/L of sludge],mg/L,Butyric acid!O8,Butyric acid!O9,,False
heitkamp_2021,10.1186/s13068-021-02034-5,c60a45ab498d3fbbb25ece27d6cd338b348742f8f03ca8bd126d4a5ffd0ded00,BGP2,140,Butyric acid,0,Butyric acid [mg/L of sludge],mg/L,Butyric acid!P8,Butyric acid!P9,,False
heitkamp_2021,10.1186/s13068-021-02034-5,c60a45ab498d3fbbb25ece27d6cd338b348742f8f03ca8bd126d4a5ffd0ded00,BGP2,190,Butyric acid,0,Butyric acid [mg/L of sludge],mg/L,Butyric acid!Q8,Butyric acid!Q9,,False
heitkamp_2021,10.1186/s13068-021-02034-5,c60a45ab498d3fbbb25ece27d6cd338b348742f8f03ca8bd126d4a5ffd0ded00,BGP2,273,Butyric acid,0,Butyric acid [mg/L of sludge],mg/L,Butyric acid!R8,Butyric acid!R9,,False
heitkamp_2021,10.1186/s13068-021-02034-5,c60a45ab498d3fbbb25ece27d6cd338b348742f8f03ca8bd126d4a5ffd0ded00,BGP2,315,Butyric acid,0,Butyric acid [mg/L of sludge],mg/L,Butyric acid!S8,Butyric acid!S9,,False
heitkamp_2021,10.1186/s13068-021-02034-5,c60a45ab498d3fbbb25ece27d6cd338b348742f8f03ca8bd126d4a5ffd0ded00,BGP3,0,Butyric acid,30,Butyric acid [mg/L of sludge],mg/L,Butyric acid!C12,Butyric acid!C13,,False
heitkamp_2021,10.1186/s13068-021-02034-5,c60a45ab498d3fbbb25ece27d6cd338b348742f8f03ca8bd126d4a5ffd0ded00,BGP3,178,Butyric acid,0,Butyric acid [mg/L of sludge],mg/L,Butyric acid!D12,Butyric acid!D13,,False
heitkamp_2021,10.1186/s13068-021-02034-5,c60a45ab498d3fbbb25ece27d6cd338b348742f8f03ca8bd126d4a5ffd0ded00,BGP3,367,Butyric acid,0,Butyric acid [mg/L of sludge],mg/L,Butyric acid!E12,Butyric acid!E13,,False
heitkamp_2021,10.1186/s13068-021-02034-5,c60a45ab498d3fbbb25ece27d6cd338b348742f8f03ca8bd126d4a5ffd0ded00,BGP4,0,Butyric acid,0,Butyric acid [mg/L of sludge],mg/L,Butyric acid!C16,Butyric acid!C17,,False
heitkamp_2021,10.1186/s13068-021-02034-5,c60a45ab498d3fbbb25ece27d6cd338b348742f8f03ca8bd126d4a5ffd0ded00,BGP4,29,Butyric acid,0,Butyric acid [mg/L of sludge],mg/L,Butyric acid!D16,Butyric acid!D17,,False
heitkamp_2021,10.1186/s13068-021-02034-5,c60a45ab498d3fbbb25ece27d6cd338b348742f8f03ca8bd126d4a5ffd0ded00,BGP4,42,Butyric acid,0,Butyric acid [mg/L of sludge],mg/L,Butyric acid!E16,Butyric acid!E17,,False
heitkamp_2021,10.1186/s13068-021-02034-5,c60a45ab498d3fbbb25ece27d6cd338b348742f8f03ca8bd126d4a5ffd0ded00,BGP4,73,Butyric acid,0,Butyric acid [mg/L of sludge],mg/L,Butyric acid!F16,Butyric acid!F17,,False
heitkamp_2021,10.1186/s13068-021-02034-5,c60a45ab498d3fbbb25ece27d6cd338b348742f8f03ca8bd126d4a5ffd0ded00,BGP4,114,Butyric acid,0,Butyric acid [mg/L of sludge],mg/L,Butyric acid!G16,Butyric acid!G17,,False
heitkamp_2021,10.1186/s13068-021-02034-5,c60a45ab498d3fbbb25ece27d6cd338b348742f8f03ca8bd126d4a5ffd0ded00,BGP4,140,Butyric acid,0,Butyric acid [mg/L of sludge],mg/L,Butyric acid!H16,Butyric acid!H17,,False
heitkamp_2021,10.1186/s13068-021-02034-5,c60a45ab498d3fbbb25ece27d6cd338b348742f8f03ca8bd126d4a5ffd0ded00,BGP4,169,Butyric acid,0,Butyric acid [mg/L of sludge],mg/L,Butyric acid!I16,Butyric acid!I17,,False
heitkamp_2021,10.1186/s13068-021-02034-5,c60a45ab498d3fbbb25ece27d6cd338b348742f8f03ca8bd126d4a5ffd0ded00,BGP4,204,Butyric acid,0,Butyric acid [mg/L of sludge],mg/L,Butyric acid!J16,Butyric acid!J17,,False
heitkamp_2021,10.1186/s13068-021-02034-5,c60a45ab498d3fbbb25ece27d6cd338b348742f8f03ca8bd126d4a5ffd0ded00,BGP4,238,Butyric acid,0,Butyric acid [mg/L of sludge],mg/L,Butyric acid!K16,Butyric acid!K17,,False
heitkamp_2021,10.1186/s13068-021-02034-5,c60a45ab498d3fbbb25ece27d6cd338b348742f8f03ca8bd126d4a5ffd0ded00,BGP4,259,Butyric acid,0,Butyric acid [mg/L of sludge],mg/L,Butyric acid!L16,Butyric acid!L17,,False
heitkamp_2021,10.1186/s13068-021-02034-5,c60a45ab498d3fbbb25ece27d6cd338b348742f8f03ca8bd126d4a5ffd0ded00,BGP4,288,Butyric acid,0,Butyric acid [mg/L of sludge],mg/L,Butyric acid!M16,Butyric acid!M17,,False
heitkamp_2021,10.1186/s13068-021-02034-5,c60a45ab498d3fbbb25ece27d6cd338b348742f8f03ca8bd126d4a5ffd0ded00,BGP4,319,Butyric acid,0,Butyric acid [mg/L of sludge],mg/L,Butyric acid!N16,Butyric acid!N17,,False
heitkamp_2021,10.1186/s13068-021-02034-5,c60a45ab498d3fbbb25ece27d6cd338b348742f8f03ca8bd126d4a5ffd0ded00,BGP4,354,Butyric acid,0,Butyric acid [mg/L of sludge],mg/L,Butyric acid!O16,Butyric acid!O17,,False
heitkamp_2021,10.1186/s13068-021-02034-5,c60a45ab498d3fbbb25ece27d6cd338b348742f8f03ca8bd126d4a5ffd0ded00,BGP5,0,Butyric acid,0,Butyric acid [mg/L of sludge],mg/L,Butyric acid!C20,Butyric acid!C21,,False
heitkamp_2021,10.1186/s13068-021-02034-5,c60a45ab498d3fbbb25ece27d6cd338b348742f8f03ca8bd126d4a5ffd0ded00,BGP5,50,Butyric acid,0,Butyric acid [mg/L of sludge],mg/L,Butyric acid!D20,Butyric acid!D21,,False
heitkamp_2021,10.1186/s13068-021-02034-5,c60a45ab498d3fbbb25ece27d6cd338b348742f8f03ca8bd126d4a5ffd0ded00,BGP5,153,Butyric acid,0,Butyric acid [mg/L of sludge],mg/L,Butyric acid!E20,Butyric acid!E21,,False
heitkamp_2021,10.1186/s13068-021-02034-5,c60a45ab498d3fbbb25ece27d6cd338b348742f8f03ca8bd126d4a5ffd0ded00,BGP6,0,Butyric acid,17.5,Butyric acid [mg/L of sludge],mg/L,Butyric acid!C24,Butyric acid!C25,,False
heitkamp_2021,10.1186/s13068-021-02034-5,c60a45ab498d3fbbb25ece27d6cd338b348742f8f03ca8bd126d4a5ffd0ded00,BGP6,14,Butyric acid,0,Butyric acid [mg/L of sludge],mg/L,Butyric acid!D24,Butyric acid!D25,,False
heitkamp_2021,10.1186/s13068-021-02034-5,c60a45ab498d3fbbb25ece27d6cd338b348742f8f03ca8bd126d4a5ffd0ded00,BGP6,28,Butyric acid,27.5,Butyric acid [mg/L of sludge],mg/L,Butyric acid!E24,Butyric acid!E25,,False
heitkamp_2021,10.1186/s13068-021-02034-5,c60a45ab498d3fbbb25ece27d6cd338b348742f8f03ca8bd126d4a5ffd0ded00,BGP6,35,Butyric acid,13.5,Butyric acid [mg/L of sludge],mg/L,Butyric acid!F24,Butyric acid!F25,,False
heitkamp_2021,10.1186/s13068-021-02034-5,c60a45ab498d3fbbb25ece27d6cd338b348742f8f03ca8bd126d4a5ffd0ded00,BGP6,48,Butyric acid,17.5,Butyric acid [mg/L of sludge],mg/L,Butyric acid!G24,Butyric acid!G25,,False
heitkamp_2021,10.1186/s13068-021-02034-5,c60a45ab498d3fbbb25ece27d6cd338b348742f8f03ca8bd126d4a5ffd0ded00,BGP6,77,Butyric acid,27.5,Butyric acid [mg/L of sludge],mg/L,Butyric acid!H24,Butyric acid!H25,,False
heitkamp_2021,10.1186/s13068-021-02034-5,c60a45ab498d3fbbb25ece27d6cd338b348742f8f03ca8bd126d4a5ffd0ded00,BGP6,98,Butyric acid,12.75,Butyric acid [mg/L of sludge],mg/L,Butyric acid!I24,Butyric acid!I25,,False
heitkamp_2021,10.1186/s13068-021-02034-5,c60a45ab498d3fbbb25ece27d6cd338b348742f8f03ca8bd126d4a5ffd0ded00,BGP6,106,Butyric acid,0,Butyric acid [mg/L of sludge],mg/L,Butyric acid!J24,Butyric acid!J25,,False
heitkamp_2021,10.1186/s13068-021-02034-5,c60a45ab498d3fbbb25ece27d6cd338b348742f8f03ca8bd126d4a5ffd0ded00,BGP6,115,Butyric acid,0,Butyric acid [mg/L of sludge],mg/L,Butyric acid!K24,Butyric acid!K25,,False
heitkamp_2021,10.1186/s13068-021-02034-5,c60a45ab498d3fbbb25ece27d6cd338b348742f8f03ca8bd126d4a5ffd0ded00,BGP6,130,Butyric acid,0,Butyric acid [mg/L of sludge],mg/L,Butyric acid!L24,Butyric acid!L25,,False
heitkamp_2021,10.1186/s13068-021-02034-5,c60a45ab498d3fbbb25ece27d6cd338b348742f8f03ca8bd126d4a5ffd0ded00,BGP6,155,Butyric acid,0,Butyric acid [mg/L of sludge],mg/L,Butyric acid!M24,Butyric acid!M25,,False
heitkamp_2021,10.1186/s13068-021-02034-5,c60a45ab498d3fbbb25ece27d6cd338b348742f8f03ca8bd126d4a5ffd0ded00,BGP6,175,Butyric acid,0,Butyric acid [mg/L of sludge],mg/L,Butyric acid!N24,Butyric acid!N25,,False
heitkamp_2021,10.1186/s13068-021-02034-5,c60a45ab498d3fbbb25ece27d6cd338b348742f8f03ca8bd126d4a5ffd0ded00,BGP6,189,Butyric acid,13.5,Butyric acid [mg/L of sludge],mg/L,Butyric acid!O24,Butyric acid!O25,,False
heitkamp_2021,10.1186/s13068-021-02034-5,c60a45ab498d3fbbb25ece27d6cd338b348742f8f03ca8bd126d4a5ffd0ded00,BGP6,197,Butyric acid,0,Butyric acid [mg/L of sludge],mg/L,Butyric acid!P24,Butyric acid!P25,,False
heitkamp_2021,10.1186/s13068-021-02034-5,c60a45ab498d3fbbb25ece27d6cd338b348742f8f03ca8bd126d4a5ffd0ded00,BGP6,211,Butyric acid,27.5,Butyric acid [mg/L of sludge],mg/L,Butyric acid!Q24,Butyric acid!Q25,,False
heitkamp_2021,10.1186/s13068-021-02034-5,c60a45ab498d3fbbb25ece27d6cd338b348742f8f03ca8bd126d4a5ffd0ded00,BGP6,225,Butyric acid,12.75,Butyric acid [mg/L of sludge],mg/L,Butyric acid!R24,Butyric acid!R25,,False
heitkamp_2021,10.1186/s13068-021-02034-5,c60a45ab498d3fbbb25ece27d6cd338b348742f8f03ca8bd126d4a5ffd0ded00,BGP6,238,Butyric acid,0,Butyric acid [mg/L of sludge],mg/L,Butyric acid!S24,Butyric acid!S25,,False
heitkamp_2021,10.1186/s13068-021-02034-5,c60a45ab498d3fbbb25ece27d6cd338b348742f8f03ca8bd126d4a5ffd0ded00,BGP6,252,Butyric acid,0,Butyric acid [mg/L of sludge],mg/L,Butyric acid!T24,Butyric acid!T25,,False
heitkamp_2021,10.1186/s13068-021-02034-5,c60a45ab498d3fbbb25ece27d6cd338b348742f8f03ca8bd126d4a5ffd0ded00,BGP6,274,Butyric acid,13.5,Butyric acid [mg/L of sludge],mg/L,Butyric acid!U24,Butyric acid!U25,,False
heitkamp_2021,10.1186/s13068-021-02034-5,c60a45ab498d3fbbb25ece27d6cd338b348742f8f03ca8bd126d4a5ffd0ded00,BGP6,280,Butyric acid,0,Butyric acid [mg/L of sludge],mg/L,Butyric acid!V24,Butyric acid!V25,,False
heitkamp_2021,10.1186/s13068-021-02034-5,c60a45ab498d3fbbb25ece27d6cd338b348742f8f03ca8bd126d4a5ffd0ded00,BGP6,288,Butyric acid,0,Butyric acid [mg/L of sludge],mg/L,Butyric acid!W24,Butyric acid!W25,,False
heitkamp_2021,10.1186/s13068-021-02034-5,c60a45ab498d3fbbb25ece27d6cd338b348742f8f03ca8bd126d4a5ffd0ded00,BGP6,309,Butyric acid,107.5,Butyric acid [mg/L of sludge],mg/L,Butyric acid!X24,Butyric acid!X25,,False
heitkamp_2021,10.1186/s13068-021-02034-5,c60a45ab498d3fbbb25ece27d6cd338b348742f8f03ca8bd126d4a5ffd0ded00,BGP7,0,Butyric acid,0,Butyric acid [mg/L of sludge],mg/L,Butyric acid!C28,Butyric acid!C29,,False
heitkamp_2021,10.1186/s13068-021-02034-5,c60a45ab498d3fbbb25ece27d6cd338b348742f8f03ca8bd126d4a5ffd0ded00,BGP7,31,Butyric acid,0,Butyric acid [mg/L of sludge],mg/L,Butyric acid!D28,Butyric acid!D29,,False
heitkamp_2021,10.1186/s13068-021-02034-5,c60a45ab498d3fbbb25ece27d6cd338b348742f8f03ca8bd126d4a5ffd0ded00,BGP7,49,Butyric acid,n.a,Butyric acid [mg/L of sludge],mg/L,Butyric acid!E28,Butyric acid!E29,nonnumeric_value_requires_review,False
heitkamp_2021,10.1186/s13068-021-02034-5,c60a45ab498d3fbbb25ece27d6cd338b348742f8f03ca8bd126d4a5ffd0ded00,BGP7,77,Butyric acid,0,Butyric acid [mg/L of sludge],mg/L,Butyric acid!F28,Butyric acid!F29,,False
heitkamp_2021,10.1186/s13068-021-02034-5,c60a45ab498d3fbbb25ece27d6cd338b348742f8f03ca8bd126d4a5ffd0ded00,BGP7,91,Butyric acid,n.a,Butyric acid [mg/L of sludge],mg/L,Butyric acid!G28,Butyric acid!G29,nonnumeric_value_requires_review,False
heitkamp_2021,10.1186/s13068-021-02034-5,c60a45ab498d3fbbb25ece27d6cd338b348742f8f03ca8bd126d4a5ffd0ded00,BGP7,112,Butyric acid,0,Butyric acid [mg/L of sludge],mg/L,Butyric acid!H28,Butyric acid!H29,,False
heitkamp_2021,10.1186/s13068-021-02034-5,c60a45ab498d3fbbb25ece27d6cd338b348742f8f03ca8bd126d4a5ffd0ded00,BGP7,147,Butyric acid,0,Butyric acid [mg/L of sludge],mg/L,Butyric acid!I28,Butyric acid!I29,,False
heitkamp_2021,10.1186/s13068-021-02034-5,c60a45ab498d3fbbb25ece27d6cd338b348742f8f03ca8bd126d4a5ffd0ded00,BGP1,0,Iso-butyric,0,Iso-butyric [mg/L of sludge],mg/L,Iso-butyric!C4,Iso-butyric!C5,,False
heitkamp_2021,10.1186/s13068-021-02034-5,c60a45ab498d3fbbb25ece27d6cd338b348742f8f03ca8bd126d4a5ffd0ded00,BGP1,6,Iso-butyric,0,Iso-butyric [mg/L of sludge],mg/L,Iso-butyric!D4,Iso-butyric!D5,,False
heitkamp_2021,10.1186/s13068-021-02034-5,c60a45ab498d3fbbb25ece27d6cd338b348742f8f03ca8bd126d4a5ffd0ded00,BGP1,14,Iso-butyric,0,Iso-butyric [mg/L of sludge],mg/L,Iso-butyric!E4,Iso-butyric!E5,,False
heitkamp_2021,10.1186/s13068-021-02034-5,c60a45ab498d3fbbb25ece27d6cd338b348742f8f03ca8bd126d4a5ffd0ded00,BGP1,34,Iso-butyric,0,Iso-butyric [mg/L of sludge],mg/L,Iso-butyric!F4,Iso-butyric!F5,,False
heitkamp_2021,10.1186/s13068-021-02034-5,c60a45ab498d3fbbb25ece27d6cd338b348742f8f03ca8bd126d4a5ffd0ded00,BGP1,41,Iso-butyric,0,Iso-butyric [mg/L of sludge],mg/L,Iso-butyric!G4,Iso-butyric!G5,,False
heitkamp_2021,10.1186/s13068-021-02034-5,c60a45ab498d3fbbb25ece27d6cd338b348742f8f03ca8bd126d4a5ffd0ded00,BGP1,55,Iso-butyric,0,Iso-butyric [mg/L of sludge],mg/L,Iso-butyric!H4,Iso-butyric!H5,,False
heitkamp_2021,10.1186/s13068-021-02034-5,c60a45ab498d3fbbb25ece27d6cd338b348742f8f03ca8bd126d4a5ffd0ded00,BGP1,69,Iso-butyric,0,Iso-butyric [mg/L of sludge],mg/L,Iso-butyric!I4,Iso-butyric!I5,,False
heitkamp_2021,10.1186/s13068-021-02034-5,c60a45ab498d3fbbb25ece27d6cd338b348742f8f03ca8bd126d4a5ffd0ded00,BGP1,83,Iso-butyric,0,Iso-butyric [mg/L of sludge],mg/L,Iso-butyric!J4,Iso-butyric!J5,,False
heitkamp_2021,10.1186/s13068-021-02034-5,c60a45ab498d3fbbb25ece27d6cd338b348742f8f03ca8bd126d4a5ffd0ded00,BGP1,90,Iso-butyric,0,Iso-butyric [mg/L of sludge],mg/L,Iso-butyric!K4,Iso-butyric!K5,,False
heitkamp_2021,10.1186/s13068-021-02034-5,c60a45ab498d3fbbb25ece27d6cd338b348742f8f03ca8bd126d4a5ffd0ded00,BGP1,97,Iso-butyric,0,Iso-butyric [mg/L of sludge],mg/L,Iso-butyric!L4,Iso-butyric!L5,,False
heitkamp_2021,10.1186/s13068-021-02034-5,c60a45ab498d3fbbb25ece27d6cd338b348742f8f03ca8bd126d4a5ffd0ded00,BGP1,104,Iso-butyric,0,Iso-butyric [mg/L of sludge],mg/L,Iso-butyric!M4,Iso-butyric!M5,,False
heitkamp_2021,10.1186/s13068-021-02034-5,c60a45ab498d3fbbb25ece27d6cd338b348742f8f03ca8bd126d4a5ffd0ded00,BGP1,111,Iso-butyric,0,Iso-butyric [mg/L of sludge],mg/L,Iso-butyric!N4,Iso-butyric!N5,,False
heitkamp_2021,10.1186/s13068-021-02034-5,c60a45ab498d3fbbb25ece27d6cd338b348742f8f03ca8bd126d4a5ffd0ded00,BGP1,118,Iso-butyric,0,Iso-butyric [mg/L of sludge],mg/L,Iso-butyric!O4,Iso-butyric!O5,,False
heitkamp_2021,10.1186/s13068-021-02034-5,c60a45ab498d3fbbb25ece27d6cd338b348742f8f03ca8bd126d4a5ffd0ded00,BGP1,132,Iso-butyric,0,Iso-butyric [mg/L of sludge],mg/L,Iso-butyric!P4,Iso-butyric!P5,,False
heitkamp_2021,10.1186/s13068-021-02034-5,c60a45ab498d3fbbb25ece27d6cd338b348742f8f03ca8bd126d4a5ffd0ded00,BGP1,146,Iso-butyric,0,Iso-butyric [mg/L of sludge],mg/L,Iso-butyric!Q4,Iso-butyric!Q5,,False
heitkamp_2021,10.1186/s13068-021-02034-5,c60a45ab498d3fbbb25ece27d6cd338b348742f8f03ca8bd126d4a5ffd0ded00,BGP1,153,Iso-butyric,0,Iso-butyric [mg/L of sludge],mg/L,Iso-butyric!R4,Iso-butyric!R5,,False
heitkamp_2021,10.1186/s13068-021-02034-5,c60a45ab498d3fbbb25ece27d6cd338b348742f8f03ca8bd126d4a5ffd0ded00,BGP1,174,Iso-butyric,0,Iso-butyric [mg/L of sludge],mg/L,Iso-butyric!S4,Iso-butyric!S5,,False
heitkamp_2021,10.1186/s13068-021-02034-5,c60a45ab498d3fbbb25ece27d6cd338b348742f8f03ca8bd126d4a5ffd0ded00,BGP1,188,Iso-butyric,0,Iso-butyric [mg/L of sludge],mg/L,Iso-butyric!T4,Iso-butyric!T5,,False
heitkamp_2021,10.1186/s13068-021-02034-5,c60a45ab498d3fbbb25ece27d6cd338b348742f8f03ca8bd126d4a5ffd0ded00,BGP1,209,Iso-butyric,0,Iso-butyric [mg/L of sludge],mg/L,Iso-butyric!U4,Iso-butyric!U5,,False
heitkamp_2021,10.1186/s13068-021-02034-5,c60a45ab498d3fbbb25ece27d6cd338b348742f8f03ca8bd126d4a5ffd0ded00,BGP1,223,Iso-butyric,0,Iso-butyric [mg/L of sludge],mg/L,Iso-butyric!V4,Iso-butyric!V5,,False
heitkamp_2021,10.1186/s13068-021-02034-5,c60a45ab498d3fbbb25ece27d6cd338b348742f8f03ca8bd126d4a5ffd0ded00,BGP1,237,Iso-butyric,0,Iso-butyric [mg/L of sludge],mg/L,Iso-butyric!W4,Iso-butyric!W5,,False
heitkamp_2021,10.1186/s13068-021-02034-5,c60a45ab498d3fbbb25ece27d6cd338b348742f8f03ca8bd126d4a5ffd0ded00,BGP1,272,Iso-butyric,0,Iso-butyric [mg/L of sludge],mg/L,Iso-butyric!X4,Iso-butyric!X5,,False
heitkamp_2021,10.1186/s13068-021-02034-5,c60a45ab498d3fbbb25ece27d6cd338b348742f8f03ca8bd126d4a5ffd0ded00,BGP1,280,Iso-butyric,0,Iso-butyric [mg/L of sludge],mg/L,Iso-butyric!Y4,Iso-butyric!Y5,,False
heitkamp_2021,10.1186/s13068-021-02034-5,c60a45ab498d3fbbb25ece27d6cd338b348742f8f03ca8bd126d4a5ffd0ded00,BGP1,300,Iso-butyric,0,Iso-butyric [mg/L of sludge],mg/L,Iso-butyric!Z4,Iso-butyric!Z5,,False
heitkamp_2021,10.1186/s13068-021-02034-5,c60a45ab498d3fbbb25ece27d6cd338b348742f8f03ca8bd126d4a5ffd0ded00,BGP1,328,Iso-butyric,0,Iso-butyric [mg/L of sludge],mg/L,Iso-butyric!AA4,Iso-butyric!AA5,,False
heitkamp_2021,10.1186/s13068-021-02034-5,c60a45ab498d3fbbb25ece27d6cd338b348742f8f03ca8bd126d4a5ffd0ded00,BGP1,359,Iso-butyric,0,Iso-butyric [mg/L of sludge],mg/L,Iso-butyric!AB4,Iso-butyric!AB5,,False
heitkamp_2021,10.1186/s13068-021-02034-5,c60a45ab498d3fbbb25ece27d6cd338b348742f8f03ca8bd126d4a5ffd0ded00,BGP2,0,Iso-butyric,190,Iso-butyric [mg/L of sludge],mg/L,Iso-butyric!C8,Iso-butyric!C9,,False
heitkamp_2021,10.1186/s13068-021-02034-5,c60a45ab498d3fbbb25ece27d6cd338b348742f8f03ca8bd126d4a5ffd0ded00,BGP2,16,Iso-butyric,190,Iso-butyric [mg/L of sludge],mg/L,Iso-butyric!D8,Iso-butyric!D9,,False
heitkamp_2021,10.1186/s13068-021-02034-5,c60a45ab498d3fbbb25ece27d6cd338b348742f8f03ca8bd126d4a5ffd0ded00,BGP2,17,Iso-butyric,180,Iso-butyric [mg/L of sludge],mg/L,Iso-butyric!E8,Iso-butyric!E9,,False
heitkamp_2021,10.1186/s13068-021-02034-5,c60a45ab498d3fbbb25ece27d6cd338b348742f8f03ca8bd126d4a5ffd0ded00,BGP2,19,Iso-butyric,150,Iso-butyric [mg/L of sludge],mg/L,Iso-butyric!F8,Iso-butyric!F9,,False
heitkamp_2021,10.1186/s13068-021-02034-5,c60a45ab498d3fbbb25ece27d6cd338b348742f8f03ca8bd126d4a5ffd0ded00,BGP2,21,Iso-butyric,120,Iso-butyric [mg/L of sludge],mg/L,Iso-butyric!G8,Iso-butyric!G9,,False
heitkamp_2021,10.1186/s13068-021-02034-5,c60a45ab498d3fbbb25ece27d6cd338b348742f8f03ca8bd126d4a5ffd0ded00,BGP2,28,Iso-butyric,63,Iso-butyric [mg/L of sludge],mg/L,Iso-butyric!H8,Iso-butyric!H9,,False
heitkamp_2021,10.1186/s13068-021-02034-5,c60a45ab498d3fbbb25ece27d6cd338b348742f8f03ca8bd126d4a5ffd0ded00,BGP2,32,Iso-butyric,61,Iso-butyric [mg/L of sludge],mg/L,Iso-butyric!I8,Iso-butyric!I9,,False
heitkamp_2021,10.1186/s13068-021-02034-5,c60a45ab498d3fbbb25ece27d6cd338b348742f8f03ca8bd126d4a5ffd0ded00,BGP2,42,Iso-butyric,0,Iso-butyric [mg/L of sludge],mg/L,Iso-butyric!J8,Iso-butyric!J9,,False
heitkamp_2021,10.1186/s13068-021-02034-5,c60a45ab498d3fbbb25ece27d6cd338b348742f8f03ca8bd126d4a5ffd0ded00,BGP2,44,Iso-butyric,0,Iso-butyric [mg/L of sludge],mg/L,Iso-butyric!K8,Iso-butyric!K9,,False
heitkamp_2021,10.1186/s13068-021-02034-5,c60a45ab498d3fbbb25ece27d6cd338b348742f8f03ca8bd126d4a5ffd0ded00,BGP2,50,Iso-butyric,50,Iso-butyric [mg/L of sludge],mg/L,Iso-butyric!L8,Iso-butyric!L9,,False
heitkamp_2021,10.1186/s13068-021-02034-5,c60a45ab498d3fbbb25ece27d6cd338b348742f8f03ca8bd126d4a5ffd0ded00,BGP2,70,Iso-butyric,55,Iso-butyric [mg/L of sludge],mg/L,Iso-butyric!M8,Iso-butyric!M9,,False
heitkamp_2021,10.1186/s13068-021-02034-5,c60a45ab498d3fbbb25ece27d6cd338b348742f8f03ca8bd126d4a5ffd0ded00,BGP2,87,Iso-butyric,73,Iso-butyric [mg/L of sludge],mg/L,Iso-butyric!N8,Iso-butyric!N9,,False
heitkamp_2021,10.1186/s13068-021-02034-5,c60a45ab498d3fbbb25ece27d6cd338b348742f8f03ca8bd126d4a5ffd0ded00,BGP2,127,Iso-butyric,54,Iso-butyric [mg/L of sludge],mg/L,Iso-butyric!O8,Iso-butyric!O9,,False
heitkamp_2021,10.1186/s13068-021-02034-5,c60a45ab498d3fbbb25ece27d6cd338b348742f8f03ca8bd126d4a5ffd0ded00,BGP2,140,Iso-butyric,0,Iso-butyric [mg/L of sludge],mg/L,Iso-butyric!P8,Iso-butyric!P9,,False
heitkamp_2021,10.1186/s13068-021-02034-5,c60a45ab498d3fbbb25ece27d6cd338b348742f8f03ca8bd126d4a5ffd0ded00,BGP2,190,Iso-butyric,0,Iso-butyric [mg/L of sludge],mg/L,Iso-butyric!Q8,Iso-butyric!Q9,,False
heitkamp_2021,10.1186/s13068-021-02034-5,c60a45ab498d3fbbb25ece27d6cd338b348742f8f03ca8bd126d4a5ffd0ded00,BGP2,273,Iso-butyric,0,Iso-butyric [mg/L of sludge],mg/L,Iso-butyric!R8,Iso-butyric!R9,,False
heitkamp_2021,10.1186/s13068-021-02034-5,c60a45ab498d3fbbb25ece27d6cd338b348742f8f03ca8bd126d4a5ffd0ded00,BGP2,315,Iso-butyric,0,Iso-butyric [mg/L of sludge],mg/L,Iso-butyric!S8,Iso-butyric!S9,,False
heitkamp_2021,10.1186/s13068-021-02034-5,c60a45ab498d3fbbb25ece27d6cd338b348742f8f03ca8bd126d4a5ffd0ded00,BGP3,0,Iso-butyric,0,Iso-butyric [mg/L of sludge],mg/L,Iso-butyric!C12,Iso-butyric!C13,,False
heitkamp_2021,10.1186/s13068-021-02034-5,c60a45ab498d3fbbb25ece27d6cd338b348742f8f03ca8bd126d4a5ffd0ded00,BGP3,178,Iso-butyric,0,Iso-butyric [mg/L of sludge],mg/L,Iso-butyric!D12,Iso-butyric!D13,,False
heitkamp_2021,10.1186/s13068-021-02034-5,c60a45ab498d3fbbb25ece27d6cd338b348742f8f03ca8bd126d4a5ffd0ded00,BGP3,367,Iso-butyric,0,Iso-butyric [mg/L of sludge],mg/L,Iso-butyric!E12,Iso-butyric!E13,,False
heitkamp_2021,10.1186/s13068-021-02034-5,c60a45ab498d3fbbb25ece27d6cd338b348742f8f03ca8bd126d4a5ffd0ded00,BGP4,0,Iso-butyric,0,Iso-butyric [mg/L of sludge],mg/L,Iso-butyric!C16,Iso-butyric!C17,,False
heitkamp_2021,10.1186/s13068-021-02034-5,c60a45ab498d3fbbb25ece27d6cd338b348742f8f03ca8bd126d4a5ffd0ded00,BGP4,29,Iso-butyric,0,Iso-butyric [mg/L of sludge],mg/L,Iso-butyric!D16,Iso-butyric!D17,,False
heitkamp_2021,10.1186/s13068-021-02034-5,c60a45ab498d3fbbb25ece27d6cd338b348742f8f03ca8bd126d4a5ffd0ded00,BGP4,42,Iso-butyric,0,Iso-butyric [mg/L of sludge],mg/L,Iso-butyric!E16,Iso-butyric!E17,,False
heitkamp_2021,10.1186/s13068-021-02034-5,c60a45ab498d3fbbb25ece27d6cd338b348742f8f03ca8bd126d4a5ffd0ded00,BGP4,73,Iso-butyric,0,Iso-butyric [mg/L of sludge],mg/L,Iso-butyric!F16,Iso-butyric!F17,,False
heitkamp_2021,10.1186/s13068-021-02034-5,c60a45ab498d3fbbb25ece27d6cd338b348742f8f03ca8bd126d4a5ffd0ded00,BGP4,114,Iso-butyric,0,Iso-butyric [mg/L of sludge],mg/L,Iso-butyric!G16,Iso-butyric!G17,,False
heitkamp_2021,10.1186/s13068-021-02034-5,c60a45ab498d3fbbb25ece27d6cd338b348742f8f03ca8bd126d4a5ffd0ded00,BGP4,140,Iso-butyric,0,Iso-butyric [mg/L of sludge],mg/L,Iso-butyric!H16,Iso-butyric!H17,,False
heitkamp_2021,10.1186/s13068-021-02034-5,c60a45ab498d3fbbb25ece27d6cd338b348742f8f03ca8bd126d4a5ffd0ded00,BGP4,169,Iso-butyric,0,Iso-butyric [mg/L of sludge],mg/L,Iso-butyric!I16,Iso-butyric!I17,,False
heitkamp_2021,10.1186/s13068-021-02034-5,c60a45ab498d3fbbb25ece27d6cd338b348742f8f03ca8bd126d4a5ffd0ded00,BGP4,204,Iso-butyric,0,Iso-butyric [mg/L of sludge],mg/L,Iso-butyric!J16,Iso-butyric!J17,,False
heitkamp_2021,10.1186/s13068-021-02034-5,c60a45ab498d3fbbb25ece27d6cd338b348742f8f03ca8bd126d4a5ffd0ded00,BGP4,238,Iso-butyric,0,Iso-butyric [mg/L of sludge],mg/L,Iso-butyric!K16,Iso-butyric!K17,,False
heitkamp_2021,10.1186/s13068-021-02034-5,c60a45ab498d3fbbb25ece27d6cd338b348742f8f03ca8bd126d4a5ffd0ded00,BGP4,259,Iso-butyric,0,Iso-butyric [mg/L of sludge],mg/L,Iso-butyric!L16,Iso-butyric!L17,,False
heitkamp_2021,10.1186/s13068-021-02034-5,c60a45ab498d3fbbb25ece27d6cd338b348742f8f03ca8bd126d4a5ffd0ded00,BGP4,288,Iso-butyric,0,Iso-butyric [mg/L of sludge],mg/L,Iso-butyric!M16,Iso-butyric!M17,,False
heitkamp_2021,10.1186/s13068-021-02034-5,c60a45ab498d3fbbb25ece27d6cd338b348742f8f03ca8bd126d4a5ffd0ded00,BGP4,319,Iso-butyric,0,Iso-butyric [mg/L of sludge],mg/L,Iso-butyric!N16,Iso-butyric!N17,,False
heitkamp_2021,10.1186/s13068-021-02034-5,c60a45ab498d3fbbb25ece27d6cd338b348742f8f03ca8bd126d4a5ffd0ded00,BGP4,354,Iso-butyric,0,Iso-butyric [mg/L of sludge],mg/L,Iso-butyric!O16,Iso-butyric!O17,,False
heitkamp_2021,10.1186/s13068-021-02034-5,c60a45ab498d3fbbb25ece27d6cd338b348742f8f03ca8bd126d4a5ffd0ded00,BGP5,0,Iso-butyric,0,Iso-butyric [mg/L of sludge],mg/L,Iso-butyric!C20,Iso-butyric!C21,,False
heitkamp_2021,10.1186/s13068-021-02034-5,c60a45ab498d3fbbb25ece27d6cd338b348742f8f03ca8bd126d4a5ffd0ded00,BGP5,50,Iso-butyric,0,Iso-butyric [mg/L of sludge],mg/L,Iso-butyric!D20,Iso-butyric!D21,,False
heitkamp_2021,10.1186/s13068-021-02034-5,c60a45ab498d3fbbb25ece27d6cd338b348742f8f03ca8bd126d4a5ffd0ded00,BGP5,153,Iso-butyric,0,Iso-butyric [mg/L of sludge],mg/L,Iso-butyric!E20,Iso-butyric!E21,,False
heitkamp_2021,10.1186/s13068-021-02034-5,c60a45ab498d3fbbb25ece27d6cd338b348742f8f03ca8bd126d4a5ffd0ded00,BGP6,0,Iso-butyric,35,Iso-butyric [mg/L of sludge],mg/L,Iso-butyric!C24,Iso-butyric!C25,,False
heitkamp_2021,10.1186/s13068-021-02034-5,c60a45ab498d3fbbb25ece27d6cd338b348742f8f03ca8bd126d4a5ffd0ded00,BGP6,14,Iso-butyric,0,Iso-butyric [mg/L of sludge],mg/L,Iso-butyric!D24,Iso-butyric!D25,,False
heitkamp_2021,10.1186/s13068-021-02034-5,c60a45ab498d3fbbb25ece27d6cd338b348742f8f03ca8bd126d4a5ffd0ded00,BGP6,28,Iso-butyric,55,Iso-butyric [mg/L of sludge],mg/L,Iso-butyric!E24,Iso-butyric!E25,,False
heitkamp_2021,10.1186/s13068-021-02034-5,c60a45ab498d3fbbb25ece27d6cd338b348742f8f03ca8bd126d4a5ffd0ded00,BGP6,35,Iso-butyric,27,Iso-butyric [mg/L of sludge],mg/L,Iso-butyric!F24,Iso-butyric!F25,,False
heitkamp_2021,10.1186/s13068-021-02034-5,c60a45ab498d3fbbb25ece27d6cd338b348742f8f03ca8bd126d4a5ffd0ded00,BGP6,48,Iso-butyric,35,Iso-butyric [mg/L of sludge],mg/L,Iso-butyric!G24,Iso-butyric!G25,,False
heitkamp_2021,10.1186/s13068-021-02034-5,c60a45ab498d3fbbb25ece27d6cd338b348742f8f03ca8bd126d4a5ffd0ded00,BGP6,77,Iso-butyric,55,Iso-butyric [mg/L of sludge],mg/L,Iso-butyric!H24,Iso-butyric!H25,,False
heitkamp_2021,10.1186/s13068-021-02034-5,c60a45ab498d3fbbb25ece27d6cd338b348742f8f03ca8bd126d4a5ffd0ded00,BGP6,98,Iso-butyric,25.5,Iso-butyric [mg/L of sludge],mg/L,Iso-butyric!I24,Iso-butyric!I25,,False
heitkamp_2021,10.1186/s13068-021-02034-5,c60a45ab498d3fbbb25ece27d6cd338b348742f8f03ca8bd126d4a5ffd0ded00,BGP6,106,Iso-butyric,0,Iso-butyric [mg/L of sludge],mg/L,Iso-butyric!J24,Iso-butyric!J25,,False
heitkamp_2021,10.1186/s13068-021-02034-5,c60a45ab498d3fbbb25ece27d6cd338b348742f8f03ca8bd126d4a5ffd0ded00,BGP6,115,Iso-butyric,0,Iso-butyric [mg/L of sludge],mg/L,Iso-butyric!K24,Iso-butyric!K25,,False
heitkamp_2021,10.1186/s13068-021-02034-5,c60a45ab498d3fbbb25ece27d6cd338b348742f8f03ca8bd126d4a5ffd0ded00,BGP6,130,Iso-butyric,0,Iso-butyric [mg/L of sludge],mg/L,Iso-butyric!L24,Iso-butyric!L25,,False
heitkamp_2021,10.1186/s13068-021-02034-5,c60a45ab498d3fbbb25ece27d6cd338b348742f8f03ca8bd126d4a5ffd0ded00,BGP6,155,Iso-butyric,0,Iso-butyric [mg/L of sludge],mg/L,Iso-butyric!M24,Iso-butyric!M25,,False
heitkamp_2021,10.1186/s13068-021-02034-5,c60a45ab498d3fbbb25ece27d6cd338b348742f8f03ca8bd126d4a5ffd0ded00,BGP6,175,Iso-butyric,0,Iso-butyric [mg/L of sludge],mg/L,Iso-butyric!N24,Iso-butyric!N25,,False
heitkamp_2021,10.1186/s13068-021-02034-5,c60a45ab498d3fbbb25ece27d6cd338b348742f8f03ca8bd126d4a5ffd0ded00,BGP6,189,Iso-butyric,27,Iso-butyric [mg/L of sludge],mg/L,Iso-butyric!O24,Iso-butyric!O25,,False
heitkamp_2021,10.1186/s13068-021-02034-5,c60a45ab498d3fbbb25ece27d6cd338b348742f8f03ca8bd126d4a5ffd0ded00,BGP6,197,Iso-butyric,0,Iso-butyric [mg/L of sludge],mg/L,Iso-butyric!P24,Iso-butyric!P25,,False
heitkamp_2021,10.1186/s13068-021-02034-5,c60a45ab498d3fbbb25ece27d6cd338b348742f8f03ca8bd126d4a5ffd0ded00,BGP6,211,Iso-butyric,55,Iso-butyric [mg/L of sludge],mg/L,Iso-butyric!Q24,Iso-butyric!Q25,,False
heitkamp_2021,10.1186/s13068-021-02034-5,c60a45ab498d3fbbb25ece27d6cd338b348742f8f03ca8bd126d4a5ffd0ded00,BGP6,225,Iso-butyric,25.5,Iso-butyric [mg/L of sludge],mg/L,Iso-butyric!R24,Iso-butyric!R25,,False
heitkamp_2021,10.1186/s13068-021-02034-5,c60a45ab498d3fbbb25ece27d6cd338b348742f8f03ca8bd126d4a5ffd0ded00,BGP6,238,Iso-butyric,0,Iso-butyric [mg/L of sludge],mg/L,Iso-butyric!S24,Iso-butyric!S25,,False
heitkamp_2021,10.1186/s13068-021-02034-5,c60a45ab498d3fbbb25ece27d6cd338b348742f8f03ca8bd126d4a5ffd0ded00,BGP6,252,Iso-butyric,0,Iso-butyric [mg/L of sludge],mg/L,Iso-butyric!T24,Iso-butyric!T25,,False
heitkamp_2021,10.1186/s13068-021-02034-5,c60a45ab498d3fbbb25ece27d6cd338b348742f8f03ca8bd126d4a5ffd0ded00,BGP6,274,Iso-butyric,27,Iso-butyric [mg/L of sludge],mg/L,Iso-butyric!U24,Iso-butyric!U25,,False
heitkamp_2021,10.1186/s13068-021-02034-5,c60a45ab498d3fbbb25ece27d6cd338b348742f8f03ca8bd126d4a5ffd0ded00,BGP6,280,Iso-butyric,0,Iso-butyric [mg/L of sludge],mg/L,Iso-butyric!V24,Iso-butyric!V25,,False
heitkamp_2021,10.1186/s13068-021-02034-5,c60a45ab498d3fbbb25ece27d6cd338b348742f8f03ca8bd126d4a5ffd0ded00,BGP6,288,Iso-butyric,0,Iso-butyric [mg/L of sludge],mg/L,Iso-butyric!W24,Iso-butyric!W25,,False
heitkamp_2021,10.1186/s13068-021-02034-5,c60a45ab498d3fbbb25ece27d6cd338b348742f8f03ca8bd126d4a5ffd0ded00,BGP6,309,Iso-butyric,125,Iso-butyric [mg/L of sludge],mg/L,Iso-butyric!X24,Iso-butyric!X25,,False
heitkamp_2021,10.1186/s13068-021-02034-5,c60a45ab498d3fbbb25ece27d6cd338b348742f8f03ca8bd126d4a5ffd0ded00,BGP7,0,Iso-butyric,0,Iso-butyric [mg/L of sludge],mg/L,Iso-butyric!C28,Iso-butyric!C29,,False
heitkamp_2021,10.1186/s13068-021-02034-5,c60a45ab498d3fbbb25ece27d6cd338b348742f8f03ca8bd126d4a5ffd0ded00,BGP7,31,Iso-butyric,0,Iso-butyric [mg/L of sludge],mg/L,Iso-butyric!D28,Iso-butyric!D29,,False
heitkamp_2021,10.1186/s13068-021-02034-5,c60a45ab498d3fbbb25ece27d6cd338b348742f8f03ca8bd126d4a5ffd0ded00,BGP7,49,Iso-butyric,0,Iso-butyric [mg/L of sludge],mg/L,Iso-butyric!E28,Iso-butyric!E29,,False
heitkamp_2021,10.1186/s13068-021-02034-5,c60a45ab498d3fbbb25ece27d6cd338b348742f8f03ca8bd126d4a5ffd0ded00,BGP7,77,Iso-butyric,0,Iso-butyric [mg/L of sludge],mg/L,Iso-butyric!F28,Iso-butyric!F29,,False
heitkamp_2021,10.1186/s13068-021-02034-5,c60a45ab498d3fbbb25ece27d6cd338b348742f8f03ca8bd126d4a5ffd0ded00,BGP7,91,Iso-butyric,0,Iso-butyric [mg/L of sludge],mg/L,Iso-butyric!G28,Iso-butyric!G29,,False
heitkamp_2021,10.1186/s13068-021-02034-5,c60a45ab498d3fbbb25ece27d6cd338b348742f8f03ca8bd126d4a5ffd0ded00,BGP7,112,Iso-butyric,0,Iso-butyric [mg/L of sludge],mg/L,Iso-butyric!H28,Iso-butyric!H29,,False
heitkamp_2021,10.1186/s13068-021-02034-5,c60a45ab498d3fbbb25ece27d6cd338b348742f8f03ca8bd126d4a5ffd0ded00,BGP7,147,Iso-butyric,0,Iso-butyric [mg/L of sludge],mg/L,Iso-butyric!I28,Iso-butyric!I29,,False
heitkamp_2021,10.1186/s13068-021-02034-5,c60a45ab498d3fbbb25ece27d6cd338b348742f8f03ca8bd126d4a5ffd0ded00,BGP1,0,Valeric,0,Valeric acid [mg/L of sludge] ,mg/L,Valeric!C4,Valeric!C5,,False
heitkamp_2021,10.1186/s13068-021-02034-5,c60a45ab498d3fbbb25ece27d6cd338b348742f8f03ca8bd126d4a5ffd0ded00,BGP1,6,Valeric,0,Valeric acid [mg/L of sludge] ,mg/L,Valeric!D4,Valeric!D5,,False
heitkamp_2021,10.1186/s13068-021-02034-5,c60a45ab498d3fbbb25ece27d6cd338b348742f8f03ca8bd126d4a5ffd0ded00,BGP1,14,Valeric,0,Valeric acid [mg/L of sludge] ,mg/L,Valeric!E4,Valeric!E5,,False
heitkamp_2021,10.1186/s13068-021-02034-5,c60a45ab498d3fbbb25ece27d6cd338b348742f8f03ca8bd126d4a5ffd0ded00,BGP1,34,Valeric,0,Valeric acid [mg/L of sludge] ,mg/L,Valeric!F4,Valeric!F5,,False
heitkamp_2021,10.1186/s13068-021-02034-5,c60a45ab498d3fbbb25ece27d6cd338b348742f8f03ca8bd126d4a5ffd0ded00,BGP1,41,Valeric,0,Valeric acid [mg/L of sludge] ,mg/L,Valeric!G4,Valeric!G5,,False
heitkamp_2021,10.1186/s13068-021-02034-5,c60a45ab498d3fbbb25ece27d6cd338b348742f8f03ca8bd126d4a5ffd0ded00,BGP1,55,Valeric,0,Valeric acid [mg/L of sludge] ,mg/L,Valeric!H4,Valeric!H5,,False
heitkamp_2021,10.1186/s13068-021-02034-5,c60a45ab498d3fbbb25ece27d6cd338b348742f8f03ca8bd126d4a5ffd0ded00,BGP1,69,Valeric,0,Valeric acid [mg/L of sludge] ,mg/L,Valeric!I4,Valeric!I5,,False
heitkamp_2021,10.1186/s13068-021-02034-5,c60a45ab498d3fbbb25ece27d6cd338b348742f8f03ca8bd126d4a5ffd0ded00,BGP1,83,Valeric,0,Valeric acid [mg/L of sludge] ,mg/L,Valeric!J4,Valeric!J5,,False
heitkamp_2021,10.1186/s13068-021-02034-5,c60a45ab498d3fbbb25ece27d6cd338b348742f8f03ca8bd126d4a5ffd0ded00,BGP1,90,Valeric,0,Valeric acid [mg/L of sludge] ,mg/L,Valeric!K4,Valeric!K5,,False
heitkamp_2021,10.1186/s13068-021-02034-5,c60a45ab498d3fbbb25ece27d6cd338b348742f8f03ca8bd126d4a5ffd0ded00,BGP1,97,Valeric,0,Valeric acid [mg/L of sludge] ,mg/L,Valeric!L4,Valeric!L5,,False
heitkamp_2021,10.1186/s13068-021-02034-5,c60a45ab498d3fbbb25ece27d6cd338b348742f8f03ca8bd126d4a5ffd0ded00,BGP1,104,Valeric,0,Valeric acid [mg/L of sludge] ,mg/L,Valeric!M4,Valeric!M5,,False
heitkamp_2021,10.1186/s13068-021-02034-5,c60a45ab498d3fbbb25ece27d6cd338b348742f8f03ca8bd126d4a5ffd0ded00,BGP1,111,Valeric,0,Valeric acid [mg/L of sludge] ,mg/L,Valeric!N4,Valeric!N5,,False
heitkamp_2021,10.1186/s13068-021-02034-5,c60a45ab498d3fbbb25ece27d6cd338b348742f8f03ca8bd126d4a5ffd0ded00,BGP1,118,Valeric,0,Valeric acid [mg/L of sludge] ,mg/L,Valeric!O4,Valeric!O5,,False
heitkamp_2021,10.1186/s13068-021-02034-5,c60a45ab498d3fbbb25ece27d6cd338b348742f8f03ca8bd126d4a5ffd0ded00,BGP1,132,Valeric,0,Valeric acid [mg/L of sludge] ,mg/L,Valeric!P4,Valeric!P5,,False
heitkamp_2021,10.1186/s13068-021-02034-5,c60a45ab498d3fbbb25ece27d6cd338b348742f8f03ca8bd126d4a5ffd0ded00,BGP1,146,Valeric,0,Valeric acid [mg/L of sludge] ,mg/L,Valeric!Q4,Valeric!Q5,,False
heitkamp_2021,10.1186/s13068-021-02034-5,c60a45ab498d3fbbb25ece27d6cd338b348742f8f03ca8bd126d4a5ffd0ded00,BGP1,153,Valeric,0,Valeric acid [mg/L of sludge] ,mg/L,Valeric!R4,Valeric!R5,,False
heitkamp_2021,10.1186/s13068-021-02034-5,c60a45ab498d3fbbb25ece27d6cd338b348742f8f03ca8bd126d4a5ffd0ded00,BGP1,174,Valeric,0,Valeric acid [mg/L of sludge] ,mg/L,Valeric!S4,Valeric!S5,,False
heitkamp_2021,10.1186/s13068-021-02034-5,c60a45ab498d3fbbb25ece27d6cd338b348742f8f03ca8bd126d4a5ffd0ded00,BGP1,188,Valeric,0,Valeric acid [mg/L of sludge] ,mg/L,Valeric!T4,Valeric!T5,,False
heitkamp_2021,10.1186/s13068-021-02034-5,c60a45ab498d3fbbb25ece27d6cd338b348742f8f03ca8bd126d4a5ffd0ded00,BGP1,209,Valeric,0,Valeric acid [mg/L of sludge] ,mg/L,Valeric!U4,Valeric!U5,,False
heitkamp_2021,10.1186/s13068-021-02034-5,c60a45ab498d3fbbb25ece27d6cd338b348742f8f03ca8bd126d4a5ffd0ded00,BGP1,223,Valeric,0,Valeric acid [mg/L of sludge] ,mg/L,Valeric!V4,Valeric!V5,,False
heitkamp_2021,10.1186/s13068-021-02034-5,c60a45ab498d3fbbb25ece27d6cd338b348742f8f03ca8bd126d4a5ffd0ded00,BGP1,237,Valeric,0,Valeric acid [mg/L of sludge] ,mg/L,Valeric!W4,Valeric!W5,,False
heitkamp_2021,10.1186/s13068-021-02034-5,c60a45ab498d3fbbb25ece27d6cd338b348742f8f03ca8bd126d4a5ffd0ded00,BGP1,272,Valeric,0,Valeric acid [mg/L of sludge] ,mg/L,Valeric!X4,Valeric!X5,,False
heitkamp_2021,10.1186/s13068-021-02034-5,c60a45ab498d3fbbb25ece27d6cd338b348742f8f03ca8bd126d4a5ffd0ded00,BGP1,280,Valeric,0,Valeric acid [mg/L of sludge] ,mg/L,Valeric!Y4,Valeric!Y5,,False
heitkamp_2021,10.1186/s13068-021-02034-5,c60a45ab498d3fbbb25ece27d6cd338b348742f8f03ca8bd126d4a5ffd0ded00,BGP1,300,Valeric,0,Valeric acid [mg/L of sludge] ,mg/L,Valeric!Z4,Valeric!Z5,,False
heitkamp_2021,10.1186/s13068-021-02034-5,c60a45ab498d3fbbb25ece27d6cd338b348742f8f03ca8bd126d4a5ffd0ded00,BGP1,328,Valeric,0,Valeric acid [mg/L of sludge] ,mg/L,Valeric!AA4,Valeric!AA5,,False
heitkamp_2021,10.1186/s13068-021-02034-5,c60a45ab498d3fbbb25ece27d6cd338b348742f8f03ca8bd126d4a5ffd0ded00,BGP1,359,Valeric,0,Valeric acid [mg/L of sludge] ,mg/L,Valeric!AB4,Valeric!AB5,,False
heitkamp_2021,10.1186/s13068-021-02034-5,c60a45ab498d3fbbb25ece27d6cd338b348742f8f03ca8bd126d4a5ffd0ded00,BGP2,0,Valeric,0,Valeric acid [mg/L of sludge] ,mg/L,Valeric!C8,Valeric!C9,,False
heitkamp_2021,10.1186/s13068-021-02034-5,c60a45ab498d3fbbb25ece27d6cd338b348742f8f03ca8bd126d4a5ffd0ded00,BGP2,16,Valeric,0,Valeric acid [mg/L of sludge] ,mg/L,Valeric!D8,Valeric!D9,,False
heitkamp_2021,10.1186/s13068-021-02034-5,c60a45ab498d3fbbb25ece27d6cd338b348742f8f03ca8bd126d4a5ffd0ded00,BGP2,17,Valeric,0,Valeric acid [mg/L of sludge] ,mg/L,Valeric!E8,Valeric!E9,,False
heitkamp_2021,10.1186/s13068-021-02034-5,c60a45ab498d3fbbb25ece27d6cd338b348742f8f03ca8bd126d4a5ffd0ded00,BGP2,19,Valeric,0,Valeric acid [mg/L of sludge] ,mg/L,Valeric!F8,Valeric!F9,,False
heitkamp_2021,10.1186/s13068-021-02034-5,c60a45ab498d3fbbb25ece27d6cd338b348742f8f03ca8bd126d4a5ffd0ded00,BGP2,21,Valeric,0,Valeric acid [mg/L of sludge] ,mg/L,Valeric!G8,Valeric!G9,,False
heitkamp_2021,10.1186/s13068-021-02034-5,c60a45ab498d3fbbb25ece27d6cd338b348742f8f03ca8bd126d4a5ffd0ded00,BGP2,28,Valeric,0,Valeric acid [mg/L of sludge] ,mg/L,Valeric!H8,Valeric!H9,,False
heitkamp_2021,10.1186/s13068-021-02034-5,c60a45ab498d3fbbb25ece27d6cd338b348742f8f03ca8bd126d4a5ffd0ded00,BGP2,32,Valeric,0,Valeric acid [mg/L of sludge] ,mg/L,Valeric!I8,Valeric!I9,,False
heitkamp_2021,10.1186/s13068-021-02034-5,c60a45ab498d3fbbb25ece27d6cd338b348742f8f03ca8bd126d4a5ffd0ded00,BGP2,42,Valeric,0,Valeric acid [mg/L of sludge] ,mg/L,Valeric!J8,Valeric!J9,,False
heitkamp_2021,10.1186/s13068-021-02034-5,c60a45ab498d3fbbb25ece27d6cd338b348742f8f03ca8bd126d4a5ffd0ded00,BGP2,44,Valeric,0,Valeric acid [mg/L of sludge] ,mg/L,Valeric!K8,Valeric!K9,,False
heitkamp_2021,10.1186/s13068-021-02034-5,c60a45ab498d3fbbb25ece27d6cd338b348742f8f03ca8bd126d4a5ffd0ded00,BGP2,50,Valeric,0,Valeric acid [mg/L of sludge] ,mg/L,Valeric!L8,Valeric!L9,,False
heitkamp_2021,10.1186/s13068-021-02034-5,c60a45ab498d3fbbb25ece27d6cd338b348742f8f03ca8bd126d4a5ffd0ded00,BGP2,70,Valeric,0,Valeric acid [mg/L of sludge] ,mg/L,Valeric!M8,Valeric!M9,,False
heitkamp_2021,10.1186/s13068-021-02034-5,c60a45ab498d3fbbb25ece27d6cd338b348742f8f03ca8bd126d4a5ffd0ded00,BGP2,87,Valeric,0,Valeric acid [mg/L of sludge] ,mg/L,Valeric!N8,Valeric!N9,,False
heitkamp_2021,10.1186/s13068-021-02034-5,c60a45ab498d3fbbb25ece27d6cd338b348742f8f03ca8bd126d4a5ffd0ded00,BGP2,127,Valeric,0,Valeric acid [mg/L of sludge] ,mg/L,Valeric!O8,Valeric!O9,,False
heitkamp_2021,10.1186/s13068-021-02034-5,c60a45ab498d3fbbb25ece27d6cd338b348742f8f03ca8bd126d4a5ffd0ded00,BGP2,140,Valeric,0,Valeric acid [mg/L of sludge] ,mg/L,Valeric!P8,Valeric!P9,,False
heitkamp_2021,10.1186/s13068-021-02034-5,c60a45ab498d3fbbb25ece27d6cd338b348742f8f03ca8bd126d4a5ffd0ded00,BGP2,190,Valeric,0,Valeric acid [mg/L of sludge] ,mg/L,Valeric!Q8,Valeric!Q9,,False
heitkamp_2021,10.1186/s13068-021-02034-5,c60a45ab498d3fbbb25ece27d6cd338b348742f8f03ca8bd126d4a5ffd0ded00,BGP2,273,Valeric,0,Valeric acid [mg/L of sludge] ,mg/L,Valeric!R8,Valeric!R9,,False
heitkamp_2021,10.1186/s13068-021-02034-5,c60a45ab498d3fbbb25ece27d6cd338b348742f8f03ca8bd126d4a5ffd0ded00,BGP2,315,Valeric,0,Valeric acid [mg/L of sludge] ,mg/L,Valeric!S8,Valeric!S9,,False
heitkamp_2021,10.1186/s13068-021-02034-5,c60a45ab498d3fbbb25ece27d6cd338b348742f8f03ca8bd126d4a5ffd0ded00,BGP3,0,Valeric,0,Valeric acid [mg/L of sludge] ,mg/L,Valeric!C12,Valeric!C13,,False
heitkamp_2021,10.1186/s13068-021-02034-5,c60a45ab498d3fbbb25ece27d6cd338b348742f8f03ca8bd126d4a5ffd0ded00,BGP3,178,Valeric,0,Valeric acid [mg/L of sludge] ,mg/L,Valeric!D12,Valeric!D13,,False
heitkamp_2021,10.1186/s13068-021-02034-5,c60a45ab498d3fbbb25ece27d6cd338b348742f8f03ca8bd126d4a5ffd0ded00,BGP3,367,Valeric,0,Valeric acid [mg/L of sludge] ,mg/L,Valeric!E12,Valeric!E13,,False
heitkamp_2021,10.1186/s13068-021-02034-5,c60a45ab498d3fbbb25ece27d6cd338b348742f8f03ca8bd126d4a5ffd0ded00,BGP4,0,Valeric,0,Valeric acid [mg/L of sludge] ,mg/L,Valeric!C16,Valeric!C17,,False
heitkamp_2021,10.1186/s13068-021-02034-5,c60a45ab498d3fbbb25ece27d6cd338b348742f8f03ca8bd126d4a5ffd0ded00,BGP4,29,Valeric,0,Valeric acid [mg/L of sludge] ,mg/L,Valeric!D16,Valeric!D17,,False
heitkamp_2021,10.1186/s13068-021-02034-5,c60a45ab498d3fbbb25ece27d6cd338b348742f8f03ca8bd126d4a5ffd0ded00,BGP4,42,Valeric,0,Valeric acid [mg/L of sludge] ,mg/L,Valeric!E16,Valeric!E17,,False
heitkamp_2021,10.1186/s13068-021-02034-5,c60a45ab498d3fbbb25ece27d6cd338b348742f8f03ca8bd126d4a5ffd0ded00,BGP4,73,Valeric,0,Valeric acid [mg/L of sludge] ,mg/L,Valeric!F16,Valeric!F17,,False
heitkamp_2021,10.1186/s13068-021-02034-5,c60a45ab498d3fbbb25ece27d6cd338b348742f8f03ca8bd126d4a5ffd0ded00,BGP4,114,Valeric,0,Valeric acid [mg/L of sludge] ,mg/L,Valeric!G16,Valeric!G17,,False
heitkamp_2021,10.1186/s13068-021-02034-5,c60a45ab498d3fbbb25ece27d6cd338b348742f8f03ca8bd126d4a5ffd0ded00,BGP4,140,Valeric,0,Valeric acid [mg/L of sludge] ,mg/L,Valeric!H16,Valeric!H17,,False
heitkamp_2021,10.1186/s13068-021-02034-5,c60a45ab498d3fbbb25ece27d6cd338b348742f8f03ca8bd126d4a5ffd0ded00,BGP4,169,Valeric,0,Valeric acid [mg/L of sludge] ,mg/L,Valeric!I16,Valeric!I17,,False
heitkamp_2021,10.1186/s13068-021-02034-5,c60a45ab498d3fbbb25ece27d6cd338b348742f8f03ca8bd126d4a5ffd0ded00,BGP4,204,Valeric,0,Valeric acid [mg/L of sludge] ,mg/L,Valeric!J16,Valeric!J17,,False
heitkamp_2021,10.1186/s13068-021-02034-5,c60a45ab498d3fbbb25ece27d6cd338b348742f8f03ca8bd126d4a5ffd0ded00,BGP4,238,Valeric,0,Valeric acid [mg/L of sludge] ,mg/L,Valeric!K16,Valeric!K17,,False
heitkamp_2021,10.1186/s13068-021-02034-5,c60a45ab498d3fbbb25ece27d6cd338b348742f8f03ca8bd126d4a5ffd0ded00,BGP4,259,Valeric,0,Valeric acid [mg/L of sludge] ,mg/L,Valeric!L16,Valeric!L17,,False
heitkamp_2021,10.1186/s13068-021-02034-5,c60a45ab498d3fbbb25ece27d6cd338b348742f8f03ca8bd126d4a5ffd0ded00,BGP4,288,Valeric,0,Valeric acid [mg/L of sludge] ,mg/L,Valeric!M16,Valeric!M17,,False
heitkamp_2021,10.1186/s13068-021-02034-5,c60a45ab498d3fbbb25ece27d6cd338b348742f8f03ca8bd126d4a5ffd0ded00,BGP4,319,Valeric,0,Valeric acid [mg/L of sludge] ,mg/L,Valeric!N16,Valeric!N17,,False
heitkamp_2021,10.1186/s13068-021-02034-5,c60a45ab498d3fbbb25ece27d6cd338b348742f8f03ca8bd126d4a5ffd0ded00,BGP4,354,Valeric,0,Valeric acid [mg/L of sludge] ,mg/L,Valeric!O16,Valeric!O17,,False
heitkamp_2021,10.1186/s13068-021-02034-5,c60a45ab498d3fbbb25ece27d6cd338b348742f8f03ca8bd126d4a5ffd0ded00,BGP5,0,Valeric,0,Valeric acid [mg/L of sludge] ,mg/L,Valeric!C20,Valeric!C21,,False
heitkamp_2021,10.1186/s13068-021-02034-5,c60a45ab498d3fbbb25ece27d6cd338b348742f8f03ca8bd126d4a5ffd0ded00,BGP5,50,Valeric,0,Valeric acid [mg/L of sludge] ,mg/L,Valeric!D20,Valeric!D21,,False
heitkamp_2021,10.1186/s13068-021-02034-5,c60a45ab498d3fbbb25ece27d6cd338b348742f8f03ca8bd126d4a5ffd0ded00,BGP5,153,Valeric,0,Valeric acid [mg/L of sludge] ,mg/L,Valeric!E20,Valeric!E21,,False
heitkamp_2021,10.1186/s13068-021-02034-5,c60a45ab498d3fbbb25ece27d6cd338b348742f8f03ca8bd126d4a5ffd0ded00,BGP6,0,Valeric,0,Valeric acid [mg/L of sludge] ,mg/L,Valeric!C24,Valeric!C25,,False
heitkamp_2021,10.1186/s13068-021-02034-5,c60a45ab498d3fbbb25ece27d6cd338b348742f8f03ca8bd126d4a5ffd0ded00,BGP6,14,Valeric,0,Valeric acid [mg/L of sludge] ,mg/L,Valeric!D24,Valeric!D25,,False
heitkamp_2021,10.1186/s13068-021-02034-5,c60a45ab498d3fbbb25ece27d6cd338b348742f8f03ca8bd126d4a5ffd0ded00,BGP6,28,Valeric,0,Valeric acid [mg/L of sludge] ,mg/L,Valeric!E24,Valeric!E25,,False
heitkamp_2021,10.1186/s13068-021-02034-5,c60a45ab498d3fbbb25ece27d6cd338b348742f8f03ca8bd126d4a5ffd0ded00,BGP6,35,Valeric,0,Valeric acid [mg/L of sludge] ,mg/L,Valeric!F24,Valeric!F25,,False
heitkamp_2021,10.1186/s13068-021-02034-5,c60a45ab498d3fbbb25ece27d6cd338b348742f8f03ca8bd126d4a5ffd0ded00,BGP6,48,Valeric,0,Valeric acid [mg/L of sludge] ,mg/L,Valeric!G24,Valeric!G25,,False
heitkamp_2021,10.1186/s13068-021-02034-5,c60a45ab498d3fbbb25ece27d6cd338b348742f8f03ca8bd126d4a5ffd0ded00,BGP6,77,Valeric,0,Valeric acid [mg/L of sludge] ,mg/L,Valeric!H24,Valeric!H25,,False
heitkamp_2021,10.1186/s13068-021-02034-5,c60a45ab498d3fbbb25ece27d6cd338b348742f8f03ca8bd126d4a5ffd0ded00,BGP6,98,Valeric,0,Valeric acid [mg/L of sludge] ,mg/L,Valeric!I24,Valeric!I25,,False
heitkamp_2021,10.1186/s13068-021-02034-5,c60a45ab498d3fbbb25ece27d6cd338b348742f8f03ca8bd126d4a5ffd0ded00,BGP6,106,Valeric,0,Valeric acid [mg/L of sludge] ,mg/L,Valeric!J24,Valeric!J25,,False
heitkamp_2021,10.1186/s13068-021-02034-5,c60a45ab498d3fbbb25ece27d6cd338b348742f8f03ca8bd126d4a5ffd0ded00,BGP6,115,Valeric,0,Valeric acid [mg/L of sludge] ,mg/L,Valeric!K24,Valeric!K25,,False
heitkamp_2021,10.1186/s13068-021-02034-5,c60a45ab498d3fbbb25ece27d6cd338b348742f8f03ca8bd126d4a5ffd0ded00,BGP6,130,Valeric,0,Valeric acid [mg/L of sludge] ,mg/L,Valeric!L24,Valeric!L25,,False
heitkamp_2021,10.1186/s13068-021-02034-5,c60a45ab498d3fbbb25ece27d6cd338b348742f8f03ca8bd126d4a5ffd0ded00,BGP6,155,Valeric,0,Valeric acid [mg/L of sludge] ,mg/L,Valeric!M24,Valeric!M25,,False
heitkamp_2021,10.1186/s13068-021-02034-5,c60a45ab498d3fbbb25ece27d6cd338b348742f8f03ca8bd126d4a5ffd0ded00,BGP6,175,Valeric,0,Valeric acid [mg/L of sludge] ,mg/L,Valeric!N24,Valeric!N25,,False
heitkamp_2021,10.1186/s13068-021-02034-5,c60a45ab498d3fbbb25ece27d6cd338b348742f8f03ca8bd126d4a5ffd0ded00,BGP6,189,Valeric,0,Valeric acid [mg/L of sludge] ,mg/L,Valeric!O24,Valeric!O25,,False
heitkamp_2021,10.1186/s13068-021-02034-5,c60a45ab498d3fbbb25ece27d6cd338b348742f8f03ca8bd126d4a5ffd0ded00,BGP6,197,Valeric,0,Valeric acid [mg/L of sludge] ,mg/L,Valeric!P24,Valeric!P25,,False
heitkamp_2021,10.1186/s13068-021-02034-5,c60a45ab498d3fbbb25ece27d6cd338b348742f8f03ca8bd126d4a5ffd0ded00,BGP6,211,Valeric,0,Valeric acid [mg/L of sludge] ,mg/L,Valeric!Q24,Valeric!Q25,,False
heitkamp_2021,10.1186/s13068-021-02034-5,c60a45ab498d3fbbb25ece27d6cd338b348742f8f03ca8bd126d4a5ffd0ded00,BGP6,225,Valeric,0,Valeric acid [mg/L of sludge] ,mg/L,Valeric!R24,Valeric!R25,,False
heitkamp_2021,10.1186/s13068-021-02034-5,c60a45ab498d3fbbb25ece27d6cd338b348742f8f03ca8bd126d4a5ffd0ded00,BGP6,238,Valeric,0,Valeric acid [mg/L of sludge] ,mg/L,Valeric!S24,Valeric!S25,,False
heitkamp_2021,10.1186/s13068-021-02034-5,c60a45ab498d3fbbb25ece27d6cd338b348742f8f03ca8bd126d4a5ffd0ded00,BGP6,252,Valeric,0,Valeric acid [mg/L of sludge] ,mg/L,Valeric!T24,Valeric!T25,,False
heitkamp_2021,10.1186/s13068-021-02034-5,c60a45ab498d3fbbb25ece27d6cd338b348742f8f03ca8bd126d4a5ffd0ded00,BGP6,274,Valeric,0,Valeric acid [mg/L of sludge] ,mg/L,Valeric!U24,Valeric!U25,,False
heitkamp_2021,10.1186/s13068-021-02034-5,c60a45ab498d3fbbb25ece27d6cd338b348742f8f03ca8bd126d4a5ffd0ded00,BGP6,280,Valeric,0,Valeric acid [mg/L of sludge] ,mg/L,Valeric!V24,Valeric!V25,,False
heitkamp_2021,10.1186/s13068-021-02034-5,c60a45ab498d3fbbb25ece27d6cd338b348742f8f03ca8bd126d4a5ffd0ded00,BGP6,288,Valeric,0,Valeric acid [mg/L of sludge] ,mg/L,Valeric!W24,Valeric!W25,,False
heitkamp_2021,10.1186/s13068-021-02034-5,c60a45ab498d3fbbb25ece27d6cd338b348742f8f03ca8bd126d4a5ffd0ded00,BGP6,309,Valeric,0,Valeric acid [mg/L of sludge] ,mg/L,Valeric!X24,Valeric!X25,,False
heitkamp_2021,10.1186/s13068-021-02034-5,c60a45ab498d3fbbb25ece27d6cd338b348742f8f03ca8bd126d4a5ffd0ded00,BGP7,0,Valeric,0,Valeric acid [mg/L of sludge] ,mg/L,Valeric!C28,Valeric!C29,,False
heitkamp_2021,10.1186/s13068-021-02034-5,c60a45ab498d3fbbb25ece27d6cd338b348742f8f03ca8bd126d4a5ffd0ded00,BGP7,31,Valeric,0,Valeric acid [mg/L of sludge] ,mg/L,Valeric!D28,Valeric!D29,,False
heitkamp_2021,10.1186/s13068-021-02034-5,c60a45ab498d3fbbb25ece27d6cd338b348742f8f03ca8bd126d4a5ffd0ded00,BGP7,49,Valeric,0,Valeric acid [mg/L of sludge] ,mg/L,Valeric!E28,Valeric!E29,,False
heitkamp_2021,10.1186/s13068-021-02034-5,c60a45ab498d3fbbb25ece27d6cd338b348742f8f03ca8bd126d4a5ffd0ded00,BGP7,77,Valeric,0,Valeric acid [mg/L of sludge] ,mg/L,Valeric!F28,Valeric!F29,,False
heitkamp_2021,10.1186/s13068-021-02034-5,c60a45ab498d3fbbb25ece27d6cd338b348742f8f03ca8bd126d4a5ffd0ded00,BGP7,91,Valeric,0,Valeric acid [mg/L of sludge] ,mg/L,Valeric!G28,Valeric!G29,,False
heitkamp_2021,10.1186/s13068-021-02034-5,c60a45ab498d3fbbb25ece27d6cd338b348742f8f03ca8bd126d4a5ffd0ded00,BGP7,112,Valeric,0,Valeric acid [mg/L of sludge] ,mg/L,Valeric!H28,Valeric!H29,,False
heitkamp_2021,10.1186/s13068-021-02034-5,c60a45ab498d3fbbb25ece27d6cd338b348742f8f03ca8bd126d4a5ffd0ded00,BGP7,147,Valeric,0,Valeric acid [mg/L of sludge] ,mg/L,Valeric!I28,Valeric!I29,,False
heitkamp_2021,10.1186/s13068-021-02034-5,c60a45ab498d3fbbb25ece27d6cd338b348742f8f03ca8bd126d4a5ffd0ded00,BGP1,0,Iso-valeric,0,Iso-valeric acid [mg/L of sludge],mg/L,Iso-valeric!C4,Iso-valeric!C5,,False
heitkamp_2021,10.1186/s13068-021-02034-5,c60a45ab498d3fbbb25ece27d6cd338b348742f8f03ca8bd126d4a5ffd0ded00,BGP1,6,Iso-valeric,0,Iso-valeric acid [mg/L of sludge],mg/L,Iso-valeric!D4,Iso-valeric!D5,,False
heitkamp_2021,10.1186/s13068-021-02034-5,c60a45ab498d3fbbb25ece27d6cd338b348742f8f03ca8bd126d4a5ffd0ded00,BGP1,14,Iso-valeric,0,Iso-valeric acid [mg/L of sludge],mg/L,Iso-valeric!E4,Iso-valeric!E5,,False
heitkamp_2021,10.1186/s13068-021-02034-5,c60a45ab498d3fbbb25ece27d6cd338b348742f8f03ca8bd126d4a5ffd0ded00,BGP1,34,Iso-valeric,0,Iso-valeric acid [mg/L of sludge],mg/L,Iso-valeric!F4,Iso-valeric!F5,,False
heitkamp_2021,10.1186/s13068-021-02034-5,c60a45ab498d3fbbb25ece27d6cd338b348742f8f03ca8bd126d4a5ffd0ded00,BGP1,41,Iso-valeric,0,Iso-valeric acid [mg/L of sludge],mg/L,Iso-valeric!G4,Iso-valeric!G5,,False
heitkamp_2021,10.1186/s13068-021-02034-5,c60a45ab498d3fbbb25ece27d6cd338b348742f8f03ca8bd126d4a5ffd0ded00,BGP1,55,Iso-valeric,0,Iso-valeric acid [mg/L of sludge],mg/L,Iso-valeric!H4,Iso-valeric!H5,,False
heitkamp_2021,10.1186/s13068-021-02034-5,c60a45ab498d3fbbb25ece27d6cd338b348742f8f03ca8bd126d4a5ffd0ded00,BGP1,69,Iso-valeric,0,Iso-valeric acid [mg/L of sludge],mg/L,Iso-valeric!I4,Iso-valeric!I5,,False
heitkamp_2021,10.1186/s13068-021-02034-5,c60a45ab498d3fbbb25ece27d6cd338b348742f8f03ca8bd126d4a5ffd0ded00,BGP1,83,Iso-valeric,0,Iso-valeric acid [mg/L of sludge],mg/L,Iso-valeric!J4,Iso-valeric!J5,,False
heitkamp_2021,10.1186/s13068-021-02034-5,c60a45ab498d3fbbb25ece27d6cd338b348742f8f03ca8bd126d4a5ffd0ded00,BGP1,90,Iso-valeric,0,Iso-valeric acid [mg/L of sludge],mg/L,Iso-valeric!K4,Iso-valeric!K5,,False
heitkamp_2021,10.1186/s13068-021-02034-5,c60a45ab498d3fbbb25ece27d6cd338b348742f8f03ca8bd126d4a5ffd0ded00,BGP1,97,Iso-valeric,0,Iso-valeric acid [mg/L of sludge],mg/L,Iso-valeric!L4,Iso-valeric!L5,,False
heitkamp_2021,10.1186/s13068-021-02034-5,c60a45ab498d3fbbb25ece27d6cd338b348742f8f03ca8bd126d4a5ffd0ded00,BGP1,104,Iso-valeric,0,Iso-valeric acid [mg/L of sludge],mg/L,Iso-valeric!M4,Iso-valeric!M5,,False
heitkamp_2021,10.1186/s13068-021-02034-5,c60a45ab498d3fbbb25ece27d6cd338b348742f8f03ca8bd126d4a5ffd0ded00,BGP1,111,Iso-valeric,0,Iso-valeric acid [mg/L of sludge],mg/L,Iso-valeric!N4,Iso-valeric!N5,,False
heitkamp_2021,10.1186/s13068-021-02034-5,c60a45ab498d3fbbb25ece27d6cd338b348742f8f03ca8bd126d4a5ffd0ded00,BGP1,118,Iso-valeric,0,Iso-valeric acid [mg/L of sludge],mg/L,Iso-valeric!O4,Iso-valeric!O5,,False
heitkamp_2021,10.1186/s13068-021-02034-5,c60a45ab498d3fbbb25ece27d6cd338b348742f8f03ca8bd126d4a5ffd0ded00,BGP1,132,Iso-valeric,0,Iso-valeric acid [mg/L of sludge],mg/L,Iso-valeric!P4,Iso-valeric!P5,,False
heitkamp_2021,10.1186/s13068-021-02034-5,c60a45ab498d3fbbb25ece27d6cd338b348742f8f03ca8bd126d4a5ffd0ded00,BGP1,146,Iso-valeric,0,Iso-valeric acid [mg/L of sludge],mg/L,Iso-valeric!Q4,Iso-valeric!Q5,,False
heitkamp_2021,10.1186/s13068-021-02034-5,c60a45ab498d3fbbb25ece27d6cd338b348742f8f03ca8bd126d4a5ffd0ded00,BGP1,153,Iso-valeric,0,Iso-valeric acid [mg/L of sludge],mg/L,Iso-valeric!R4,Iso-valeric!R5,,False
heitkamp_2021,10.1186/s13068-021-02034-5,c60a45ab498d3fbbb25ece27d6cd338b348742f8f03ca8bd126d4a5ffd0ded00,BGP1,174,Iso-valeric,0,Iso-valeric acid [mg/L of sludge],mg/L,Iso-valeric!S4,Iso-valeric!S5,,False
heitkamp_2021,10.1186/s13068-021-02034-5,c60a45ab498d3fbbb25ece27d6cd338b348742f8f03ca8bd126d4a5ffd0ded00,BGP1,188,Iso-valeric,0,Iso-valeric acid [mg/L of sludge],mg/L,Iso-valeric!T4,Iso-valeric!T5,,False
heitkamp_2021,10.1186/s13068-021-02034-5,c60a45ab498d3fbbb25ece27d6cd338b348742f8f03ca8bd126d4a5ffd0ded00,BGP1,209,Iso-valeric,0,Iso-valeric acid [mg/L of sludge],mg/L,Iso-valeric!U4,Iso-valeric!U5,,False
heitkamp_2021,10.1186/s13068-021-02034-5,c60a45ab498d3fbbb25ece27d6cd338b348742f8f03ca8bd126d4a5ffd0ded00,BGP1,223,Iso-valeric,0,Iso-valeric acid [mg/L of sludge],mg/L,Iso-valeric!V4,Iso-valeric!V5,,False
heitkamp_2021,10.1186/s13068-021-02034-5,c60a45ab498d3fbbb25ece27d6cd338b348742f8f03ca8bd126d4a5ffd0ded00,BGP1,237,Iso-valeric,0,Iso-valeric acid [mg/L of sludge],mg/L,Iso-valeric!W4,Iso-valeric!W5,,False
heitkamp_2021,10.1186/s13068-021-02034-5,c60a45ab498d3fbbb25ece27d6cd338b348742f8f03ca8bd126d4a5ffd0ded00,BGP1,272,Iso-valeric,0,Iso-valeric acid [mg/L of sludge],mg/L,Iso-valeric!X4,Iso-valeric!X5,,False
heitkamp_2021,10.1186/s13068-021-02034-5,c60a45ab498d3fbbb25ece27d6cd338b348742f8f03ca8bd126d4a5ffd0ded00,BGP1,280,Iso-valeric,0,Iso-valeric acid [mg/L of sludge],mg/L,Iso-valeric!Y4,Iso-valeric!Y5,,False
heitkamp_2021,10.1186/s13068-021-02034-5,c60a45ab498d3fbbb25ece27d6cd338b348742f8f03ca8bd126d4a5ffd0ded00,BGP1,300,Iso-valeric,0,Iso-valeric acid [mg/L of sludge],mg/L,Iso-valeric!Z4,Iso-valeric!Z5,,False
heitkamp_2021,10.1186/s13068-021-02034-5,c60a45ab498d3fbbb25ece27d6cd338b348742f8f03ca8bd126d4a5ffd0ded00,BGP1,328,Iso-valeric,0,Iso-valeric acid [mg/L of sludge],mg/L,Iso-valeric!AA4,Iso-valeric!AA5,,False
heitkamp_2021,10.1186/s13068-021-02034-5,c60a45ab498d3fbbb25ece27d6cd338b348742f8f03ca8bd126d4a5ffd0ded00,BGP1,359,Iso-valeric,0,Iso-valeric acid [mg/L of sludge],mg/L,Iso-valeric!AB4,Iso-valeric!AB5,,False
heitkamp_2021,10.1186/s13068-021-02034-5,c60a45ab498d3fbbb25ece27d6cd338b348742f8f03ca8bd126d4a5ffd0ded00,BGP2,0,Iso-valeric,350,Iso-valeric acid [mg/L of sludge],mg/L,Iso-valeric!C8,Iso-valeric!C9,,False
heitkamp_2021,10.1186/s13068-021-02034-5,c60a45ab498d3fbbb25ece27d6cd338b348742f8f03ca8bd126d4a5ffd0ded00,BGP2,16,Iso-valeric,400,Iso-valeric acid [mg/L of sludge],mg/L,Iso-valeric!D8,Iso-valeric!D9,,False
heitkamp_2021,10.1186/s13068-021-02034-5,c60a45ab498d3fbbb25ece27d6cd338b348742f8f03ca8bd126d4a5ffd0ded00,BGP2,17,Iso-valeric,380,Iso-valeric acid [mg/L of sludge],mg/L,Iso-valeric!E8,Iso-valeric!E9,,False
heitkamp_2021,10.1186/s13068-021-02034-5,c60a45ab498d3fbbb25ece27d6cd338b348742f8f03ca8bd126d4a5ffd0ded00,BGP2,19,Iso-valeric,280,Iso-valeric acid [mg/L of sludge],mg/L,Iso-valeric!F8,Iso-valeric!F9,,False
heitkamp_2021,10.1186/s13068-021-02034-5,c60a45ab498d3fbbb25ece27d6cd338b348742f8f03ca8bd126d4a5ffd0ded00,BGP2,21,Iso-valeric,170,Iso-valeric acid [mg/L of sludge],mg/L,Iso-valeric!G8,Iso-valeric!G9,,False
heitkamp_2021,10.1186/s13068-021-02034-5,c60a45ab498d3fbbb25ece27d6cd338b348742f8f03ca8bd126d4a5ffd0ded00,BGP2,28,Iso-valeric,67,Iso-valeric acid [mg/L of sludge],mg/L,Iso-valeric!H8,Iso-valeric!H9,,False
heitkamp_2021,10.1186/s13068-021-02034-5,c60a45ab498d3fbbb25ece27d6cd338b348742f8f03ca8bd126d4a5ffd0ded00,BGP2,32,Iso-valeric,69,Iso-valeric acid [mg/L of sludge],mg/L,Iso-valeric!I8,Iso-valeric!I9,,False
heitkamp_2021,10.1186/s13068-021-02034-5,c60a45ab498d3fbbb25ece27d6cd338b348742f8f03ca8bd126d4a5ffd0ded00,BGP2,42,Iso-valeric,0,Iso-valeric acid [mg/L of sludge],mg/L,Iso-valeric!J8,Iso-valeric!J9,,False
heitkamp_2021,10.1186/s13068-021-02034-5,c60a45ab498d3fbbb25ece27d6cd338b348742f8f03ca8bd126d4a5ffd0ded00,BGP2,44,Iso-valeric,71,Iso-valeric acid [mg/L of sludge],mg/L,Iso-valeric!K8,Iso-valeric!K9,,False
heitkamp_2021,10.1186/s13068-021-02034-5,c60a45ab498d3fbbb25ece27d6cd338b348742f8f03ca8bd126d4a5ffd0ded00,BGP2,50,Iso-valeric,57,Iso-valeric acid [mg/L of sludge],mg/L,Iso-valeric!L8,Iso-valeric!L9,,False
heitkamp_2021,10.1186/s13068-021-02034-5,c60a45ab498d3fbbb25ece27d6cd338b348742f8f03ca8bd126d4a5ffd0ded00,BGP2,70,Iso-valeric,64,Iso-valeric acid [mg/L of sludge],mg/L,Iso-valeric!M8,Iso-valeric!M9,,False
heitkamp_2021,10.1186/s13068-021-02034-5,c60a45ab498d3fbbb25ece27d6cd338b348742f8f03ca8bd126d4a5ffd0ded00,BGP2,87,Iso-valeric,100,Iso-valeric acid [mg/L of sludge],mg/L,Iso-valeric!N8,Iso-valeric!N9,,False
heitkamp_2021,10.1186/s13068-021-02034-5,c60a45ab498d3fbbb25ece27d6cd338b348742f8f03ca8bd126d4a5ffd0ded00,BGP2,127,Iso-valeric,62,Iso-valeric acid [mg/L of sludge],mg/L,Iso-valeric!O8,Iso-valeric!O9,,False
heitkamp_2021,10.1186/s13068-021-02034-5,c60a45ab498d3fbbb25ece27d6cd338b348742f8f03ca8bd126d4a5ffd0ded00,BGP2,140,Iso-valeric,0,Iso-valeric acid [mg/L of sludge],mg/L,Iso-valeric!P8,Iso-valeric!P9,,False
heitkamp_2021,10.1186/s13068-021-02034-5,c60a45ab498d3fbbb25ece27d6cd338b348742f8f03ca8bd126d4a5ffd0ded00,BGP2,190,Iso-valeric,0,Iso-valeric acid [mg/L of sludge],mg/L,Iso-valeric!Q8,Iso-valeric!Q9,,False
heitkamp_2021,10.1186/s13068-021-02034-5,c60a45ab498d3fbbb25ece27d6cd338b348742f8f03ca8bd126d4a5ffd0ded00,BGP2,273,Iso-valeric,0,Iso-valeric acid [mg/L of sludge],mg/L,Iso-valeric!R8,Iso-valeric!R9,,False
heitkamp_2021,10.1186/s13068-021-02034-5,c60a45ab498d3fbbb25ece27d6cd338b348742f8f03ca8bd126d4a5ffd0ded00,BGP2,315,Iso-valeric,0,Iso-valeric acid [mg/L of sludge],mg/L,Iso-valeric!S8,Iso-valeric!S9,,False
heitkamp_2021,10.1186/s13068-021-02034-5,c60a45ab498d3fbbb25ece27d6cd338b348742f8f03ca8bd126d4a5ffd0ded00,BGP3,0,Iso-valeric,56,Iso-valeric acid [mg/L of sludge],mg/L,Iso-valeric!C12,Iso-valeric!C13,,False
heitkamp_2021,10.1186/s13068-021-02034-5,c60a45ab498d3fbbb25ece27d6cd338b348742f8f03ca8bd126d4a5ffd0ded00,BGP3,178,Iso-valeric,0,Iso-valeric acid [mg/L of sludge],mg/L,Iso-valeric!D12,Iso-valeric!D13,,False
heitkamp_2021,10.1186/s13068-021-02034-5,c60a45ab498d3fbbb25ece27d6cd338b348742f8f03ca8bd126d4a5ffd0ded00,BGP3,367,Iso-valeric,0,Iso-valeric acid [mg/L of sludge],mg/L,Iso-valeric!E12,Iso-valeric!E13,,False
heitkamp_2021,10.1186/s13068-021-02034-5,c60a45ab498d3fbbb25ece27d6cd338b348742f8f03ca8bd126d4a5ffd0ded00,BGP4,0,Iso-valeric,0,Iso-valeric acid [mg/L of sludge],mg/L,Iso-valeric!C16,Iso-valeric!C17,,False
heitkamp_2021,10.1186/s13068-021-02034-5,c60a45ab498d3fbbb25ece27d6cd338b348742f8f03ca8bd126d4a5ffd0ded00,BGP4,29,Iso-valeric,0,Iso-valeric acid [mg/L of sludge],mg/L,Iso-valeric!D16,Iso-valeric!D17,,False
heitkamp_2021,10.1186/s13068-021-02034-5,c60a45ab498d3fbbb25ece27d6cd338b348742f8f03ca8bd126d4a5ffd0ded00,BGP4,42,Iso-valeric,0,Iso-valeric acid [mg/L of sludge],mg/L,Iso-valeric!E16,Iso-valeric!E17,,False
heitkamp_2021,10.1186/s13068-021-02034-5,c60a45ab498d3fbbb25ece27d6cd338b348742f8f03ca8bd126d4a5ffd0ded00,BGP4,73,Iso-valeric,0,Iso-valeric acid [mg/L of sludge],mg/L,Iso-valeric!F16,Iso-valeric!F17,,False
heitkamp_2021,10.1186/s13068-021-02034-5,c60a45ab498d3fbbb25ece27d6cd338b348742f8f03ca8bd126d4a5ffd0ded00,BGP4,114,Iso-valeric,0,Iso-valeric acid [mg/L of sludge],mg/L,Iso-valeric!G16,Iso-valeric!G17,,False
heitkamp_2021,10.1186/s13068-021-02034-5,c60a45ab498d3fbbb25ece27d6cd338b348742f8f03ca8bd126d4a5ffd0ded00,BGP4,140,Iso-valeric,0,Iso-valeric acid [mg/L of sludge],mg/L,Iso-valeric!H16,Iso-valeric!H17,,False
heitkamp_2021,10.1186/s13068-021-02034-5,c60a45ab498d3fbbb25ece27d6cd338b348742f8f03ca8bd126d4a5ffd0ded00,BGP4,169,Iso-valeric,0,Iso-valeric acid [mg/L of sludge],mg/L,Iso-valeric!I16,Iso-valeric!I17,,False
heitkamp_2021,10.1186/s13068-021-02034-5,c60a45ab498d3fbbb25ece27d6cd338b348742f8f03ca8bd126d4a5ffd0ded00,BGP4,204,Iso-valeric,0,Iso-valeric acid [mg/L of sludge],mg/L,Iso-valeric!J16,Iso-valeric!J17,,False
heitkamp_2021,10.1186/s13068-021-02034-5,c60a45ab498d3fbbb25ece27d6cd338b348742f8f03ca8bd126d4a5ffd0ded00,BGP4,238,Iso-valeric,0,Iso-valeric acid [mg/L of sludge],mg/L,Iso-valeric!K16,Iso-valeric!K17,,False
heitkamp_2021,10.1186/s13068-021-02034-5,c60a45ab498d3fbbb25ece27d6cd338b348742f8f03ca8bd126d4a5ffd0ded00,BGP4,259,Iso-valeric,0,Iso-valeric acid [mg/L of sludge],mg/L,Iso-valeric!L16,Iso-valeric!L17,,False
heitkamp_2021,10.1186/s13068-021-02034-5,c60a45ab498d3fbbb25ece27d6cd338b348742f8f03ca8bd126d4a5ffd0ded00,BGP4,288,Iso-valeric,0,Iso-valeric acid [mg/L of sludge],mg/L,Iso-valeric!M16,Iso-valeric!M17,,False
heitkamp_2021,10.1186/s13068-021-02034-5,c60a45ab498d3fbbb25ece27d6cd338b348742f8f03ca8bd126d4a5ffd0ded00,BGP4,319,Iso-valeric,0,Iso-valeric acid [mg/L of sludge],mg/L,Iso-valeric!N16,Iso-valeric!N17,,False
heitkamp_2021,10.1186/s13068-021-02034-5,c60a45ab498d3fbbb25ece27d6cd338b348742f8f03ca8bd126d4a5ffd0ded00,BGP4,354,Iso-valeric,0,Iso-valeric acid [mg/L of sludge],mg/L,Iso-valeric!O16,Iso-valeric!O17,,False
heitkamp_2021,10.1186/s13068-021-02034-5,c60a45ab498d3fbbb25ece27d6cd338b348742f8f03ca8bd126d4a5ffd0ded00,BGP5,0,Iso-valeric,0,Iso-valeric acid [mg/L of sludge],mg/L,Iso-valeric!C20,Iso-valeric!C21,,False
heitkamp_2021,10.1186/s13068-021-02034-5,c60a45ab498d3fbbb25ece27d6cd338b348742f8f03ca8bd126d4a5ffd0ded00,BGP5,50,Iso-valeric,0,Iso-valeric acid [mg/L of sludge],mg/L,Iso-valeric!D20,Iso-valeric!D21,,False
heitkamp_2021,10.1186/s13068-021-02034-5,c60a45ab498d3fbbb25ece27d6cd338b348742f8f03ca8bd126d4a5ffd0ded00,BGP5,153,Iso-valeric,0,Iso-valeric acid [mg/L of sludge],mg/L,Iso-valeric!E20,Iso-valeric!E21,,False
heitkamp_2021,10.1186/s13068-021-02034-5,c60a45ab498d3fbbb25ece27d6cd338b348742f8f03ca8bd126d4a5ffd0ded00,BGP6,0,Iso-valeric,36,Iso-valeric acid [mg/L of sludge],mg/L,Iso-valeric!C24,Iso-valeric!C25,,False
heitkamp_2021,10.1186/s13068-021-02034-5,c60a45ab498d3fbbb25ece27d6cd338b348742f8f03ca8bd126d4a5ffd0ded00,BGP6,14,Iso-valeric,70,Iso-valeric acid [mg/L of sludge],mg/L,Iso-valeric!D24,Iso-valeric!D25,,False
heitkamp_2021,10.1186/s13068-021-02034-5,c60a45ab498d3fbbb25ece27d6cd338b348742f8f03ca8bd126d4a5ffd0ded00,BGP6,28,Iso-valeric,55,Iso-valeric acid [mg/L of sludge],mg/L,Iso-valeric!E24,Iso-valeric!E25,,False
heitkamp_2021,10.1186/s13068-021-02034-5,c60a45ab498d3fbbb25ece27d6cd338b348742f8f03ca8bd126d4a5ffd0ded00,BGP6,35,Iso-valeric,40,Iso-valeric acid [mg/L of sludge],mg/L,Iso-valeric!F24,Iso-valeric!F25,,False
heitkamp_2021,10.1186/s13068-021-02034-5,c60a45ab498d3fbbb25ece27d6cd338b348742f8f03ca8bd126d4a5ffd0ded00,BGP6,48,Iso-valeric,90,Iso-valeric acid [mg/L of sludge],mg/L,Iso-valeric!G24,Iso-valeric!G25,,False
heitkamp_2021,10.1186/s13068-021-02034-5,c60a45ab498d3fbbb25ece27d6cd338b348742f8f03ca8bd126d4a5ffd0ded00,BGP6,77,Iso-valeric,75,Iso-valeric acid [mg/L of sludge],mg/L,Iso-valeric!H24,Iso-valeric!H25,,False
heitkamp_2021,10.1186/s13068-021-02034-5,c60a45ab498d3fbbb25ece27d6cd338b348742f8f03ca8bd126d4a5ffd0ded00,BGP6,98,Iso-valeric,40,Iso-valeric acid [mg/L of sludge],mg/L,Iso-valeric!I24,Iso-valeric!I25,,False
heitkamp_2021,10.1186/s13068-021-02034-5,c60a45ab498d3fbbb25ece27d6cd338b348742f8f03ca8bd126d4a5ffd0ded00,BGP6,106,Iso-valeric,0,Iso-valeric acid [mg/L of sludge],mg/L,Iso-valeric!J24,Iso-valeric!J25,,False
heitkamp_2021,10.1186/s13068-021-02034-5,c60a45ab498d3fbbb25ece27d6cd338b348742f8f03ca8bd126d4a5ffd0ded00,BGP6,115,Iso-valeric,0,Iso-valeric acid [mg/L of sludge],mg/L,Iso-valeric!K24,Iso-valeric!K25,,False
heitkamp_2021,10.1186/s13068-021-02034-5,c60a45ab498d3fbbb25ece27d6cd338b348742f8f03ca8bd126d4a5ffd0ded00,BGP6,130,Iso-valeric,0,Iso-valeric acid [mg/L of sludge],mg/L,Iso-valeric!L24,Iso-valeric!L25,,False
heitkamp_2021,10.1186/s13068-021-02034-5,c60a45ab498d3fbbb25ece27d6cd338b348742f8f03ca8bd126d4a5ffd0ded00,BGP6,155,Iso-valeric,0,Iso-valeric acid [mg/L of sludge],mg/L,Iso-valeric!M24,Iso-valeric!M25,,False
heitkamp_2021,10.1186/s13068-021-02034-5,c60a45ab498d3fbbb25ece27d6cd338b348742f8f03ca8bd126d4a5ffd0ded00,BGP6,175,Iso-valeric,0,Iso-valeric acid [mg/L of sludge],mg/L,Iso-valeric!N24,Iso-valeric!N25,,False
heitkamp_2021,10.1186/s13068-021-02034-5,c60a45ab498d3fbbb25ece27d6cd338b348742f8f03ca8bd126d4a5ffd0ded00,BGP6,189,Iso-valeric,29.5,Iso-valeric acid [mg/L of sludge],mg/L,Iso-valeric!O24,Iso-valeric!O25,,False
heitkamp_2021,10.1186/s13068-021-02034-5,c60a45ab498d3fbbb25ece27d6cd338b348742f8f03ca8bd126d4a5ffd0ded00,BGP6,197,Iso-valeric,0,Iso-valeric acid [mg/L of sludge],mg/L,Iso-valeric!P24,Iso-valeric!P25,,False
heitkamp_2021,10.1186/s13068-021-02034-5,c60a45ab498d3fbbb25ece27d6cd338b348742f8f03ca8bd126d4a5ffd0ded00,BGP6,211,Iso-valeric,85,Iso-valeric acid [mg/L of sludge],mg/L,Iso-valeric!Q24,Iso-valeric!Q25,,False
heitkamp_2021,10.1186/s13068-021-02034-5,c60a45ab498d3fbbb25ece27d6cd338b348742f8f03ca8bd126d4a5ffd0ded00,BGP6,225,Iso-valeric,26,Iso-valeric acid [mg/L of sludge],mg/L,Iso-valeric!R24,Iso-valeric!R25,,False
heitkamp_2021,10.1186/s13068-021-02034-5,c60a45ab498d3fbbb25ece27d6cd338b348742f8f03ca8bd126d4a5ffd0ded00,BGP6,238,Iso-valeric,0,Iso-valeric acid [mg/L of sludge],mg/L,Iso-valeric!S24,Iso-valeric!S25,,False
heitkamp_2021,10.1186/s13068-021-02034-5,c60a45ab498d3fbbb25ece27d6cd338b348742f8f03ca8bd126d4a5ffd0ded00,BGP6,252,Iso-valeric,0,Iso-valeric acid [mg/L of sludge],mg/L,Iso-valeric!T24,Iso-valeric!T25,,False
heitkamp_2021,10.1186/s13068-021-02034-5,c60a45ab498d3fbbb25ece27d6cd338b348742f8f03ca8bd126d4a5ffd0ded00,BGP6,274,Iso-valeric,50,Iso-valeric acid [mg/L of sludge],mg/L,Iso-valeric!U24,Iso-valeric!U25,,False
heitkamp_2021,10.1186/s13068-021-02034-5,c60a45ab498d3fbbb25ece27d6cd338b348742f8f03ca8bd126d4a5ffd0ded00,BGP6,280,Iso-valeric,0,Iso-valeric acid [mg/L of sludge],mg/L,Iso-valeric!V24,Iso-valeric!V25,,False
heitkamp_2021,10.1186/s13068-021-02034-5,c60a45ab498d3fbbb25ece27d6cd338b348742f8f03ca8bd126d4a5ffd0ded00,BGP6,288,Iso-valeric,32,Iso-valeric acid [mg/L of sludge],mg/L,Iso-valeric!W24,Iso-valeric!W25,,False
heitkamp_2021,10.1186/s13068-021-02034-5,c60a45ab498d3fbbb25ece27d6cd338b348742f8f03ca8bd126d4a5ffd0ded00,BGP6,309,Iso-valeric,410,Iso-valeric acid [mg/L of sludge],mg/L,Iso-valeric!X24,Iso-valeric!X25,,False
heitkamp_2021,10.1186/s13068-021-02034-5,c60a45ab498d3fbbb25ece27d6cd338b348742f8f03ca8bd126d4a5ffd0ded00,BGP7,0,Iso-valeric,0,Iso-valeric acid [mg/L of sludge],mg/L,Iso-valeric!C28,Iso-valeric!C29,,False
heitkamp_2021,10.1186/s13068-021-02034-5,c60a45ab498d3fbbb25ece27d6cd338b348742f8f03ca8bd126d4a5ffd0ded00,BGP7,31,Iso-valeric,0,Iso-valeric acid [mg/L of sludge],mg/L,Iso-valeric!D28,Iso-valeric!D29,,False
heitkamp_2021,10.1186/s13068-021-02034-5,c60a45ab498d3fbbb25ece27d6cd338b348742f8f03ca8bd126d4a5ffd0ded00,BGP7,49,Iso-valeric,0,Iso-valeric acid [mg/L of sludge],mg/L,Iso-valeric!E28,Iso-valeric!E29,,False
heitkamp_2021,10.1186/s13068-021-02034-5,c60a45ab498d3fbbb25ece27d6cd338b348742f8f03ca8bd126d4a5ffd0ded00,BGP7,77,Iso-valeric,0,Iso-valeric acid [mg/L of sludge],mg/L,Iso-valeric!F28,Iso-valeric!F29,,False
heitkamp_2021,10.1186/s13068-021-02034-5,c60a45ab498d3fbbb25ece27d6cd338b348742f8f03ca8bd126d4a5ffd0ded00,BGP7,91,Iso-valeric,0,Iso-valeric acid [mg/L of sludge],mg/L,Iso-valeric!G28,Iso-valeric!G29,,False
heitkamp_2021,10.1186/s13068-021-02034-5,c60a45ab498d3fbbb25ece27d6cd338b348742f8f03ca8bd126d4a5ffd0ded00,BGP7,112,Iso-valeric,0,Iso-valeric acid [mg/L of sludge],mg/L,Iso-valeric!H28,Iso-valeric!H29,,False
heitkamp_2021,10.1186/s13068-021-02034-5,c60a45ab498d3fbbb25ece27d6cd338b348742f8f03ca8bd126d4a5ffd0ded00,BGP7,147,Iso-valeric,0,Iso-valeric acid [mg/L of sludge],mg/L,Iso-valeric!I28,Iso-valeric!I29,,False
heitkamp_2021,10.1186/s13068-021-02034-5,c60a45ab498d3fbbb25ece27d6cd338b348742f8f03ca8bd126d4a5ffd0ded00,BGP1,0,Caproic,0,Caproic acid [mg/L of sludge] ,mg/L,Caproic!C4,Caproic!C5,,False
heitkamp_2021,10.1186/s13068-021-02034-5,c60a45ab498d3fbbb25ece27d6cd338b348742f8f03ca8bd126d4a5ffd0ded00,BGP1,6,Caproic,0,Caproic acid [mg/L of sludge] ,mg/L,Caproic!D4,Caproic!D5,,False
heitkamp_2021,10.1186/s13068-021-02034-5,c60a45ab498d3fbbb25ece27d6cd338b348742f8f03ca8bd126d4a5ffd0ded00,BGP1,14,Caproic,0,Caproic acid [mg/L of sludge] ,mg/L,Caproic!E4,Caproic!E5,,False
heitkamp_2021,10.1186/s13068-021-02034-5,c60a45ab498d3fbbb25ece27d6cd338b348742f8f03ca8bd126d4a5ffd0ded00,BGP1,34,Caproic,0,Caproic acid [mg/L of sludge] ,mg/L,Caproic!F4,Caproic!F5,,False
heitkamp_2021,10.1186/s13068-021-02034-5,c60a45ab498d3fbbb25ece27d6cd338b348742f8f03ca8bd126d4a5ffd0ded00,BGP1,41,Caproic,0,Caproic acid [mg/L of sludge] ,mg/L,Caproic!G4,Caproic!G5,,False
heitkamp_2021,10.1186/s13068-021-02034-5,c60a45ab498d3fbbb25ece27d6cd338b348742f8f03ca8bd126d4a5ffd0ded00,BGP1,55,Caproic,0,Caproic acid [mg/L of sludge] ,mg/L,Caproic!H4,Caproic!H5,,False
heitkamp_2021,10.1186/s13068-021-02034-5,c60a45ab498d3fbbb25ece27d6cd338b348742f8f03ca8bd126d4a5ffd0ded00,BGP1,69,Caproic,0,Caproic acid [mg/L of sludge] ,mg/L,Caproic!I4,Caproic!I5,,False
heitkamp_2021,10.1186/s13068-021-02034-5,c60a45ab498d3fbbb25ece27d6cd338b348742f8f03ca8bd126d4a5ffd0ded00,BGP1,83,Caproic,0,Caproic acid [mg/L of sludge] ,mg/L,Caproic!J4,Caproic!J5,,False
heitkamp_2021,10.1186/s13068-021-02034-5,c60a45ab498d3fbbb25ece27d6cd338b348742f8f03ca8bd126d4a5ffd0ded00,BGP1,90,Caproic,0,Caproic acid [mg/L of sludge] ,mg/L,Caproic!K4,Caproic!K5,,False
heitkamp_2021,10.1186/s13068-021-02034-5,c60a45ab498d3fbbb25ece27d6cd338b348742f8f03ca8bd126d4a5ffd0ded00,BGP1,97,Caproic,0,Caproic acid [mg/L of sludge] ,mg/L,Caproic!L4,Caproic!L5,,False
heitkamp_2021,10.1186/s13068-021-02034-5,c60a45ab498d3fbbb25ece27d6cd338b348742f8f03ca8bd126d4a5ffd0ded00,BGP1,104,Caproic,0,Caproic acid [mg/L of sludge] ,mg/L,Caproic!M4,Caproic!M5,,False
heitkamp_2021,10.1186/s13068-021-02034-5,c60a45ab498d3fbbb25ece27d6cd338b348742f8f03ca8bd126d4a5ffd0ded00,BGP1,111,Caproic,0,Caproic acid [mg/L of sludge] ,mg/L,Caproic!N4,Caproic!N5,,False
heitkamp_2021,10.1186/s13068-021-02034-5,c60a45ab498d3fbbb25ece27d6cd338b348742f8f03ca8bd126d4a5ffd0ded00,BGP1,118,Caproic,0,Caproic acid [mg/L of sludge] ,mg/L,Caproic!O4,Caproic!O5,,False
heitkamp_2021,10.1186/s13068-021-02034-5,c60a45ab498d3fbbb25ece27d6cd338b348742f8f03ca8bd126d4a5ffd0ded00,BGP1,132,Caproic,0,Caproic acid [mg/L of sludge] ,mg/L,Caproic!P4,Caproic!P5,,False
heitkamp_2021,10.1186/s13068-021-02034-5,c60a45ab498d3fbbb25ece27d6cd338b348742f8f03ca8bd126d4a5ffd0ded00,BGP1,146,Caproic,0,Caproic acid [mg/L of sludge] ,mg/L,Caproic!Q4,Caproic!Q5,,False
heitkamp_2021,10.1186/s13068-021-02034-5,c60a45ab498d3fbbb25ece27d6cd338b348742f8f03ca8bd126d4a5ffd0ded00,BGP1,153,Caproic,0,Caproic acid [mg/L of sludge] ,mg/L,Caproic!R4,Caproic!R5,,False
heitkamp_2021,10.1186/s13068-021-02034-5,c60a45ab498d3fbbb25ece27d6cd338b348742f8f03ca8bd126d4a5ffd0ded00,BGP1,174,Caproic,0,Caproic acid [mg/L of sludge] ,mg/L,Caproic!S4,Caproic!S5,,False
heitkamp_2021,10.1186/s13068-021-02034-5,c60a45ab498d3fbbb25ece27d6cd338b348742f8f03ca8bd126d4a5ffd0ded00,BGP1,188,Caproic,0,Caproic acid [mg/L of sludge] ,mg/L,Caproic!T4,Caproic!T5,,False
heitkamp_2021,10.1186/s13068-021-02034-5,c60a45ab498d3fbbb25ece27d6cd338b348742f8f03ca8bd126d4a5ffd0ded00,BGP1,209,Caproic,0,Caproic acid [mg/L of sludge] ,mg/L,Caproic!U4,Caproic!U5,,False
heitkamp_2021,10.1186/s13068-021-02034-5,c60a45ab498d3fbbb25ece27d6cd338b348742f8f03ca8bd126d4a5ffd0ded00,BGP1,223,Caproic,0,Caproic acid [mg/L of sludge] ,mg/L,Caproic!V4,Caproic!V5,,False
heitkamp_2021,10.1186/s13068-021-02034-5,c60a45ab498d3fbbb25ece27d6cd338b348742f8f03ca8bd126d4a5ffd0ded00,BGP1,237,Caproic,0,Caproic acid [mg/L of sludge] ,mg/L,Caproic!W4,Caproic!W5,,False
heitkamp_2021,10.1186/s13068-021-02034-5,c60a45ab498d3fbbb25ece27d6cd338b348742f8f03ca8bd126d4a5ffd0ded00,BGP1,272,Caproic,0,Caproic acid [mg/L of sludge] ,mg/L,Caproic!X4,Caproic!X5,,False
heitkamp_2021,10.1186/s13068-021-02034-5,c60a45ab498d3fbbb25ece27d6cd338b348742f8f03ca8bd126d4a5ffd0ded00,BGP1,280,Caproic,0,Caproic acid [mg/L of sludge] ,mg/L,Caproic!Y4,Caproic!Y5,,False
heitkamp_2021,10.1186/s13068-021-02034-5,c60a45ab498d3fbbb25ece27d6cd338b348742f8f03ca8bd126d4a5ffd0ded00,BGP1,300,Caproic,0,Caproic acid [mg/L of sludge] ,mg/L,Caproic!Z4,Caproic!Z5,,False
heitkamp_2021,10.1186/s13068-021-02034-5,c60a45ab498d3fbbb25ece27d6cd338b348742f8f03ca8bd126d4a5ffd0ded00,BGP1,328,Caproic,0,Caproic acid [mg/L of sludge] ,mg/L,Caproic!AA4,Caproic!AA5,,False
heitkamp_2021,10.1186/s13068-021-02034-5,c60a45ab498d3fbbb25ece27d6cd338b348742f8f03ca8bd126d4a5ffd0ded00,BGP1,359,Caproic,0,Caproic acid [mg/L of sludge] ,mg/L,Caproic!AB4,Caproic!AB5,,False
heitkamp_2021,10.1186/s13068-021-02034-5,c60a45ab498d3fbbb25ece27d6cd338b348742f8f03ca8bd126d4a5ffd0ded00,BGP2,0,Caproic,0,Caproic acid [mg/L of sludge] ,mg/L,Caproic!C8,Caproic!C9,,False
heitkamp_2021,10.1186/s13068-021-02034-5,c60a45ab498d3fbbb25ece27d6cd338b348742f8f03ca8bd126d4a5ffd0ded00,BGP2,16,Caproic,0,Caproic acid [mg/L of sludge] ,mg/L,Caproic!D8,Caproic!D9,,False
heitkamp_2021,10.1186/s13068-021-02034-5,c60a45ab498d3fbbb25ece27d6cd338b348742f8f03ca8bd126d4a5ffd0ded00,BGP2,17,Caproic,0,Caproic acid [mg/L of sludge] ,mg/L,Caproic!E8,Caproic!E9,,False
heitkamp_2021,10.1186/s13068-021-02034-5,c60a45ab498d3fbbb25ece27d6cd338b348742f8f03ca8bd126d4a5ffd0ded00,BGP2,19,Caproic,0,Caproic acid [mg/L of sludge] ,mg/L,Caproic!F8,Caproic!F9,,False
heitkamp_2021,10.1186/s13068-021-02034-5,c60a45ab498d3fbbb25ece27d6cd338b348742f8f03ca8bd126d4a5ffd0ded00,BGP2,21,Caproic,0,Caproic acid [mg/L of sludge] ,mg/L,Caproic!G8,Caproic!G9,,False
heitkamp_2021,10.1186/s13068-021-02034-5,c60a45ab498d3fbbb25ece27d6cd338b348742f8f03ca8bd126d4a5ffd0ded00,BGP2,28,Caproic,0,Caproic acid [mg/L of sludge] ,mg/L,Caproic!H8,Caproic!H9,,False
heitkamp_2021,10.1186/s13068-021-02034-5,c60a45ab498d3fbbb25ece27d6cd338b348742f8f03ca8bd126d4a5ffd0ded00,BGP2,32,Caproic,0,Caproic acid [mg/L of sludge] ,mg/L,Caproic!I8,Caproic!I9,,False
heitkamp_2021,10.1186/s13068-021-02034-5,c60a45ab498d3fbbb25ece27d6cd338b348742f8f03ca8bd126d4a5ffd0ded00,BGP2,42,Caproic,0,Caproic acid [mg/L of sludge] ,mg/L,Caproic!J8,Caproic!J9,,False
heitkamp_2021,10.1186/s13068-021-02034-5,c60a45ab498d3fbbb25ece27d6cd338b348742f8f03ca8bd126d4a5ffd0ded00,BGP2,44,Caproic,0,Caproic acid [mg/L of sludge] ,mg/L,Caproic!K8,Caproic!K9,,False
heitkamp_2021,10.1186/s13068-021-02034-5,c60a45ab498d3fbbb25ece27d6cd338b348742f8f03ca8bd126d4a5ffd0ded00,BGP2,50,Caproic,0,Caproic acid [mg/L of sludge] ,mg/L,Caproic!L8,Caproic!L9,,False
heitkamp_2021,10.1186/s13068-021-02034-5,c60a45ab498d3fbbb25ece27d6cd338b348742f8f03ca8bd126d4a5ffd0ded00,BGP2,70,Caproic,0,Caproic acid [mg/L of sludge] ,mg/L,Caproic!M8,Caproic!M9,,False
heitkamp_2021,10.1186/s13068-021-02034-5,c60a45ab498d3fbbb25ece27d6cd338b348742f8f03ca8bd126d4a5ffd0ded00,BGP2,87,Caproic,0,Caproic acid [mg/L of sludge] ,mg/L,Caproic!N8,Caproic!N9,,False
heitkamp_2021,10.1186/s13068-021-02034-5,c60a45ab498d3fbbb25ece27d6cd338b348742f8f03ca8bd126d4a5ffd0ded00,BGP2,127,Caproic,0,Caproic acid [mg/L of sludge] ,mg/L,Caproic!O8,Caproic!O9,,False
heitkamp_2021,10.1186/s13068-021-02034-5,c60a45ab498d3fbbb25ece27d6cd338b348742f8f03ca8bd126d4a5ffd0ded00,BGP2,140,Caproic,0,Caproic acid [mg/L of sludge] ,mg/L,Caproic!P8,Caproic!P9,,False
heitkamp_2021,10.1186/s13068-021-02034-5,c60a45ab498d3fbbb25ece27d6cd338b348742f8f03ca8bd126d4a5ffd0ded00,BGP2,190,Caproic,0,Caproic acid [mg/L of sludge] ,mg/L,Caproic!Q8,Caproic!Q9,,False
heitkamp_2021,10.1186/s13068-021-02034-5,c60a45ab498d3fbbb25ece27d6cd338b348742f8f03ca8bd126d4a5ffd0ded00,BGP2,273,Caproic,0,Caproic acid [mg/L of sludge] ,mg/L,Caproic!R8,Caproic!R9,,False
heitkamp_2021,10.1186/s13068-021-02034-5,c60a45ab498d3fbbb25ece27d6cd338b348742f8f03ca8bd126d4a5ffd0ded00,BGP2,315,Caproic,0,Caproic acid [mg/L of sludge] ,mg/L,Caproic!S8,Caproic!S9,,False
heitkamp_2021,10.1186/s13068-021-02034-5,c60a45ab498d3fbbb25ece27d6cd338b348742f8f03ca8bd126d4a5ffd0ded00,BGP3,0,Caproic,0,Caproic acid [mg/L of sludge] ,mg/L,Caproic!C12,Caproic!C13,,False
heitkamp_2021,10.1186/s13068-021-02034-5,c60a45ab498d3fbbb25ece27d6cd338b348742f8f03ca8bd126d4a5ffd0ded00,BGP3,178,Caproic,0,Caproic acid [mg/L of sludge] ,mg/L,Caproic!D12,Caproic!D13,,False
heitkamp_2021,10.1186/s13068-021-02034-5,c60a45ab498d3fbbb25ece27d6cd338b348742f8f03ca8bd126d4a5ffd0ded00,BGP3,367,Caproic,0,Caproic acid [mg/L of sludge] ,mg/L,Caproic!E12,Caproic!E13,,False
heitkamp_2021,10.1186/s13068-021-02034-5,c60a45ab498d3fbbb25ece27d6cd338b348742f8f03ca8bd126d4a5ffd0ded00,BGP4,0,Caproic,0,Caproic acid [mg/L of sludge] ,mg/L,Caproic!C16,Caproic!C17,,False
heitkamp_2021,10.1186/s13068-021-02034-5,c60a45ab498d3fbbb25ece27d6cd338b348742f8f03ca8bd126d4a5ffd0ded00,BGP4,29,Caproic,0,Caproic acid [mg/L of sludge] ,mg/L,Caproic!D16,Caproic!D17,,False
heitkamp_2021,10.1186/s13068-021-02034-5,c60a45ab498d3fbbb25ece27d6cd338b348742f8f03ca8bd126d4a5ffd0ded00,BGP4,42,Caproic,0,Caproic acid [mg/L of sludge] ,mg/L,Caproic!E16,Caproic!E17,,False
heitkamp_2021,10.1186/s13068-021-02034-5,c60a45ab498d3fbbb25ece27d6cd338b348742f8f03ca8bd126d4a5ffd0ded00,BGP4,73,Caproic,0,Caproic acid [mg/L of sludge] ,mg/L,Caproic!F16,Caproic!F17,,False
heitkamp_2021,10.1186/s13068-021-02034-5,c60a45ab498d3fbbb25ece27d6cd338b348742f8f03ca8bd126d4a5ffd0ded00,BGP4,114,Caproic,0,Caproic acid [mg/L of sludge] ,mg/L,Caproic!G16,Caproic!G17,,False
heitkamp_2021,10.1186/s13068-021-02034-5,c60a45ab498d3fbbb25ece27d6cd338b348742f8f03ca8bd126d4a5ffd0ded00,BGP4,140,Caproic,0,Caproic acid [mg/L of sludge] ,mg/L,Caproic!H16,Caproic!H17,,False
heitkamp_2021,10.1186/s13068-021-02034-5,c60a45ab498d3fbbb25ece27d6cd338b348742f8f03ca8bd126d4a5ffd0ded00,BGP4,169,Caproic,0,Caproic acid [mg/L of sludge] ,mg/L,Caproic!I16,Caproic!I17,,False
heitkamp_2021,10.1186/s13068-021-02034-5,c60a45ab498d3fbbb25ece27d6cd338b348742f8f03ca8bd126d4a5ffd0ded00,BGP4,204,Caproic,0,Caproic acid [mg/L of sludge] ,mg/L,Caproic!J16,Caproic!J17,,False
heitkamp_2021,10.1186/s13068-021-02034-5,c60a45ab498d3fbbb25ece27d6cd338b348742f8f03ca8bd126d4a5ffd0ded00,BGP4,238,Caproic,0,Caproic acid [mg/L of sludge] ,mg/L,Caproic!K16,Caproic!K17,,False
heitkamp_2021,10.1186/s13068-021-02034-5,c60a45ab498d3fbbb25ece27d6cd338b348742f8f03ca8bd126d4a5ffd0ded00,BGP4,259,Caproic,0,Caproic acid [mg/L of sludge] ,mg/L,Caproic!L16,Caproic!L17,,False
heitkamp_2021,10.1186/s13068-021-02034-5,c60a45ab498d3fbbb25ece27d6cd338b348742f8f03ca8bd126d4a5ffd0ded00,BGP4,288,Caproic,0,Caproic acid [mg/L of sludge] ,mg/L,Caproic!M16,Caproic!M17,,False
heitkamp_2021,10.1186/s13068-021-02034-5,c60a45ab498d3fbbb25ece27d6cd338b348742f8f03ca8bd126d4a5ffd0ded00,BGP4,319,Caproic,0,Caproic acid [mg/L of sludge] ,mg/L,Caproic!N16,Caproic!N17,,False
heitkamp_2021,10.1186/s13068-021-02034-5,c60a45ab498d3fbbb25ece27d6cd338b348742f8f03ca8bd126d4a5ffd0ded00,BGP4,354,Caproic,0,Caproic acid [mg/L of sludge] ,mg/L,Caproic!O16,Caproic!O17,,False
heitkamp_2021,10.1186/s13068-021-02034-5,c60a45ab498d3fbbb25ece27d6cd338b348742f8f03ca8bd126d4a5ffd0ded00,BGP5,0,Caproic,0,Caproic acid [mg/L of sludge] ,mg/L,Caproic!C20,Caproic!C21,,False
heitkamp_2021,10.1186/s13068-021-02034-5,c60a45ab498d3fbbb25ece27d6cd338b348742f8f03ca8bd126d4a5ffd0ded00,BGP5,50,Caproic,0,Caproic acid [mg/L of sludge] ,mg/L,Caproic!D20,Caproic!D21,,False
heitkamp_2021,10.1186/s13068-021-02034-5,c60a45ab498d3fbbb25ece27d6cd338b348742f8f03ca8bd126d4a5ffd0ded00,BGP5,153,Caproic,0,Caproic acid [mg/L of sludge] ,mg/L,Caproic!E20,Caproic!E21,,False
heitkamp_2021,10.1186/s13068-021-02034-5,c60a45ab498d3fbbb25ece27d6cd338b348742f8f03ca8bd126d4a5ffd0ded00,BGP6,0,Caproic,0,Caproic acid [mg/L of sludge] ,mg/L,Caproic!C24,Caproic!C25,,False
heitkamp_2021,10.1186/s13068-021-02034-5,c60a45ab498d3fbbb25ece27d6cd338b348742f8f03ca8bd126d4a5ffd0ded00,BGP6,14,Caproic,0,Caproic acid [mg/L of sludge] ,mg/L,Caproic!D24,Caproic!D25,,False
heitkamp_2021,10.1186/s13068-021-02034-5,c60a45ab498d3fbbb25ece27d6cd338b348742f8f03ca8bd126d4a5ffd0ded00,BGP6,28,Caproic,0,Caproic acid [mg/L of sludge] ,mg/L,Caproic!E24,Caproic!E25,,False
heitkamp_2021,10.1186/s13068-021-02034-5,c60a45ab498d3fbbb25ece27d6cd338b348742f8f03ca8bd126d4a5ffd0ded00,BGP6,35,Caproic,0,Caproic acid [mg/L of sludge] ,mg/L,Caproic!F24,Caproic!F25,,False
heitkamp_2021,10.1186/s13068-021-02034-5,c60a45ab498d3fbbb25ece27d6cd338b348742f8f03ca8bd126d4a5ffd0ded00,BGP6,48,Caproic,0,Caproic acid [mg/L of sludge] ,mg/L,Caproic!G24,Caproic!G25,,False
heitkamp_2021,10.1186/s13068-021-02034-5,c60a45ab498d3fbbb25ece27d6cd338b348742f8f03ca8bd126d4a5ffd0ded00,BGP6,77,Caproic,0,Caproic acid [mg/L of sludge] ,mg/L,Caproic!H24,Caproic!H25,,False
heitkamp_2021,10.1186/s13068-021-02034-5,c60a45ab498d3fbbb25ece27d6cd338b348742f8f03ca8bd126d4a5ffd0ded00,BGP6,98,Caproic,0,Caproic acid [mg/L of sludge] ,mg/L,Caproic!I24,Caproic!I25,,False
heitkamp_2021,10.1186/s13068-021-02034-5,c60a45ab498d3fbbb25ece27d6cd338b348742f8f03ca8bd126d4a5ffd0ded00,BGP6,106,Caproic,0,Caproic acid [mg/L of sludge] ,mg/L,Caproic!J24,Caproic!J25,,False
heitkamp_2021,10.1186/s13068-021-02034-5,c60a45ab498d3fbbb25ece27d6cd338b348742f8f03ca8bd126d4a5ffd0ded00,BGP6,115,Caproic,0,Caproic acid [mg/L of sludge] ,mg/L,Caproic!K24,Caproic!K25,,False
heitkamp_2021,10.1186/s13068-021-02034-5,c60a45ab498d3fbbb25ece27d6cd338b348742f8f03ca8bd126d4a5ffd0ded00,BGP6,130,Caproic,0,Caproic acid [mg/L of sludge] ,mg/L,Caproic!L24,Caproic!L25,,False
heitkamp_2021,10.1186/s13068-021-02034-5,c60a45ab498d3fbbb25ece27d6cd338b348742f8f03ca8bd126d4a5ffd0ded00,BGP6,155,Caproic,0,Caproic acid [mg/L of sludge] ,mg/L,Caproic!M24,Caproic!M25,,False
heitkamp_2021,10.1186/s13068-021-02034-5,c60a45ab498d3fbbb25ece27d6cd338b348742f8f03ca8bd126d4a5ffd0ded00,BGP6,175,Caproic,0,Caproic acid [mg/L of sludge] ,mg/L,Caproic!N24,Caproic!N25,,False
heitkamp_2021,10.1186/s13068-021-02034-5,c60a45ab498d3fbbb25ece27d6cd338b348742f8f03ca8bd126d4a5ffd0ded00,BGP6,189,Caproic,0,Caproic acid [mg/L of sludge] ,mg/L,Caproic!O24,Caproic!O25,,False
heitkamp_2021,10.1186/s13068-021-02034-5,c60a45ab498d3fbbb25ece27d6cd338b348742f8f03ca8bd126d4a5ffd0ded00,BGP6,197,Caproic,0,Caproic acid [mg/L of sludge] ,mg/L,Caproic!P24,Caproic!P25,,False
heitkamp_2021,10.1186/s13068-021-02034-5,c60a45ab498d3fbbb25ece27d6cd338b348742f8f03ca8bd126d4a5ffd0ded00,BGP6,211,Caproic,0,Caproic acid [mg/L of sludge] ,mg/L,Caproic!Q24,Caproic!Q25,,False
heitkamp_2021,10.1186/s13068-021-02034-5,c60a45ab498d3fbbb25ece27d6cd338b348742f8f03ca8bd126d4a5ffd0ded00,BGP6,225,Caproic,0,Caproic acid [mg/L of sludge] ,mg/L,Caproic!R24,Caproic!R25,,False
heitkamp_2021,10.1186/s13068-021-02034-5,c60a45ab498d3fbbb25ece27d6cd338b348742f8f03ca8bd126d4a5ffd0ded00,BGP6,238,Caproic,0,Caproic acid [mg/L of sludge] ,mg/L,Caproic!S24,Caproic!S25,,False
heitkamp_2021,10.1186/s13068-021-02034-5,c60a45ab498d3fbbb25ece27d6cd338b348742f8f03ca8bd126d4a5ffd0ded00,BGP6,252,Caproic,0,Caproic acid [mg/L of sludge] ,mg/L,Caproic!T24,Caproic!T25,,False
heitkamp_2021,10.1186/s13068-021-02034-5,c60a45ab498d3fbbb25ece27d6cd338b348742f8f03ca8bd126d4a5ffd0ded00,BGP6,274,Caproic,0,Caproic acid [mg/L of sludge] ,mg/L,Caproic!U24,Caproic!U25,,False
heitkamp_2021,10.1186/s13068-021-02034-5,c60a45ab498d3fbbb25ece27d6cd338b348742f8f03ca8bd126d4a5ffd0ded00,BGP6,280,Caproic,0,Caproic acid [mg/L of sludge] ,mg/L,Caproic!V24,Caproic!V25,,False
heitkamp_2021,10.1186/s13068-021-02034-5,c60a45ab498d3fbbb25ece27d6cd338b348742f8f03ca8bd126d4a5ffd0ded00,BGP6,288,Caproic,0,Caproic acid [mg/L of sludge] ,mg/L,Caproic!W24,Caproic!W25,,False
heitkamp_2021,10.1186/s13068-021-02034-5,c60a45ab498d3fbbb25ece27d6cd338b348742f8f03ca8bd126d4a5ffd0ded00,BGP6,309,Caproic,0,Caproic acid [mg/L of sludge] ,mg/L,Caproic!X24,Caproic!X25,,False
heitkamp_2021,10.1186/s13068-021-02034-5,c60a45ab498d3fbbb25ece27d6cd338b348742f8f03ca8bd126d4a5ffd0ded00,BGP7,0,Caproic,0,Caproic acid [mg/L of sludge] ,mg/L,Caproic!C28,Caproic!C29,,False
heitkamp_2021,10.1186/s13068-021-02034-5,c60a45ab498d3fbbb25ece27d6cd338b348742f8f03ca8bd126d4a5ffd0ded00,BGP7,31,Caproic,0,Caproic acid [mg/L of sludge] ,mg/L,Caproic!D28,Caproic!D29,,False
heitkamp_2021,10.1186/s13068-021-02034-5,c60a45ab498d3fbbb25ece27d6cd338b348742f8f03ca8bd126d4a5ffd0ded00,BGP7,49,Caproic,0,Caproic acid [mg/L of sludge] ,mg/L,Caproic!E28,Caproic!E29,,False
heitkamp_2021,10.1186/s13068-021-02034-5,c60a45ab498d3fbbb25ece27d6cd338b348742f8f03ca8bd126d4a5ffd0ded00,BGP7,77,Caproic,0,Caproic acid [mg/L of sludge] ,mg/L,Caproic!F28,Caproic!F29,,False
heitkamp_2021,10.1186/s13068-021-02034-5,c60a45ab498d3fbbb25ece27d6cd338b348742f8f03ca8bd126d4a5ffd0ded00,BGP7,91,Caproic,0,Caproic acid [mg/L of sludge] ,mg/L,Caproic!G28,Caproic!G29,,False
heitkamp_2021,10.1186/s13068-021-02034-5,c60a45ab498d3fbbb25ece27d6cd338b348742f8f03ca8bd126d4a5ffd0ded00,BGP7,112,Caproic,0,Caproic acid [mg/L of sludge] ,mg/L,Caproic!H28,Caproic!H29,,False
heitkamp_2021,10.1186/s13068-021-02034-5,c60a45ab498d3fbbb25ece27d6cd338b348742f8f03ca8bd126d4a5ffd0ded00,BGP7,147,Caproic,0,Caproic acid [mg/L of sludge] ,mg/L,Caproic!I28,Caproic!I29,,False
heitkamp_2021,10.1186/s13068-021-02034-5,c60a45ab498d3fbbb25ece27d6cd338b348742f8f03ca8bd126d4a5ffd0ded00,BGP1,0,TVFA,1172.09,TVFA [mg/L of sludge],mg/L,TVFA!C4,TVFA!C5,source_total_basis_not_recomputed,False
heitkamp_2021,10.1186/s13068-021-02034-5,c60a45ab498d3fbbb25ece27d6cd338b348742f8f03ca8bd126d4a5ffd0ded00,BGP1,6,TVFA,1205.3,TVFA [mg/L of sludge],mg/L,TVFA!D4,TVFA!D5,source_total_basis_not_recomputed,False
heitkamp_2021,10.1186/s13068-021-02034-5,c60a45ab498d3fbbb25ece27d6cd338b348742f8f03ca8bd126d4a5ffd0ded00,BGP1,14,TVFA,1553.9,TVFA [mg/L of sludge],mg/L,TVFA!E4,TVFA!E5,source_total_basis_not_recomputed,False
heitkamp_2021,10.1186/s13068-021-02034-5,c60a45ab498d3fbbb25ece27d6cd338b348742f8f03ca8bd126d4a5ffd0ded00,BGP1,34,TVFA,2415.6,TVFA [mg/L of sludge],mg/L,TVFA!F4,TVFA!F5,source_total_basis_not_recomputed,False
heitkamp_2021,10.1186/s13068-021-02034-5,c60a45ab498d3fbbb25ece27d6cd338b348742f8f03ca8bd126d4a5ffd0ded00,BGP1,41,TVFA,1575.4,TVFA [mg/L of sludge],mg/L,TVFA!G4,TVFA!G5,source_total_basis_not_recomputed,False
heitkamp_2021,10.1186/s13068-021-02034-5,c60a45ab498d3fbbb25ece27d6cd338b348742f8f03ca8bd126d4a5ffd0ded00,BGP1,55,TVFA,707.8050000000001,TVFA [mg/L of sludge],mg/L,TVFA!H4,TVFA!H5,source_total_basis_not_recomputed,False
heitkamp_2021,10.1186/s13068-021-02034-5,c60a45ab498d3fbbb25ece27d6cd338b348742f8f03ca8bd126d4a5ffd0ded00,BGP1,69,TVFA,1084.57,TVFA [mg/L of sludge],mg/L,TVFA!I4,TVFA!I5,source_total_basis_not_recomputed,False
heitkamp_2021,10.1186/s13068-021-02034-5,c60a45ab498d3fbbb25ece27d6cd338b348742f8f03ca8bd126d4a5ffd0ded00,BGP1,83,TVFA,1281.255,TVFA [mg/L of sludge],mg/L,TVFA!J4,TVFA!J5,source_total_basis_not_recomputed,False
heitkamp_2021,10.1186/s13068-021-02034-5,c60a45ab498d3fbbb25ece27d6cd338b348742f8f03ca8bd126d4a5ffd0ded00,BGP1,90,TVFA,1433.25,TVFA [mg/L of sludge],mg/L,TVFA!K4,TVFA!K5,source_total_basis_not_recomputed,False
heitkamp_2021,10.1186/s13068-021-02034-5,c60a45ab498d3fbbb25ece27d6cd338b348742f8f03ca8bd126d4a5ffd0ded00,BGP1,97,TVFA,1293.1999999999998,TVFA [mg/L of sludge],mg/L,TVFA!L4,TVFA!L5,source_total_basis_not_recomputed,False
heitkamp_2021,10.1186/s13068-021-02034-5,c60a45ab498d3fbbb25ece27d6cd338b348742f8f03ca8bd126d4a5ffd0ded00,BGP1,104,TVFA,1341.875,TVFA [mg/L of sludge],mg/L,TVFA!M4,TVFA!M5,source_total_basis_not_recomputed,False
heitkamp_2021,10.1186/s13068-021-02034-5,c60a45ab498d3fbbb25ece27d6cd338b348742f8f03ca8bd126d4a5ffd0ded00,BGP1,111,TVFA,1491.6,TVFA [mg/L of sludge],mg/L,TVFA!N4,TVFA!N5,source_total_basis_not_recomputed,False
heitkamp_2021,10.1186/s13068-021-02034-5,c60a45ab498d3fbbb25ece27d6cd338b348742f8f03ca8bd126d4a5ffd0ded00,BGP1,118,TVFA,2306.1,TVFA [mg/L of sludge],mg/L,TVFA!O4,TVFA!O5,source_total_basis_not_recomputed,False
heitkamp_2021,10.1186/s13068-021-02034-5,c60a45ab498d3fbbb25ece27d6cd338b348742f8f03ca8bd126d4a5ffd0ded00,BGP1,132,TVFA,1461.85,TVFA [mg/L of sludge],mg/L,TVFA!P4,TVFA!P5,source_total_basis_not_recomputed,False
heitkamp_2021,10.1186/s13068-021-02034-5,c60a45ab498d3fbbb25ece27d6cd338b348742f8f03ca8bd126d4a5ffd0ded00,BGP1,146,TVFA,1143.15,TVFA [mg/L of sludge],mg/L,TVFA!Q4,TVFA!Q5,source_total_basis_not_recomputed,False
heitkamp_2021,10.1186/s13068-021-02034-5,c60a45ab498d3fbbb25ece27d6cd338b348742f8f03ca8bd126d4a5ffd0ded00,BGP1,153,TVFA,684.085,TVFA [mg/L of sludge],mg/L,TVFA!R4,TVFA!R5,source_total_basis_not_recomputed,False
heitkamp_2021,10.1186/s13068-021-02034-5,c60a45ab498d3fbbb25ece27d6cd338b348742f8f03ca8bd126d4a5ffd0ded00,BGP1,174,TVFA,626.1700000000001,TVFA [mg/L of sludge],mg/L,TVFA!S4,TVFA!S5,source_total_basis_not_recomputed,False
heitkamp_2021,10.1186/s13068-021-02034-5,c60a45ab498d3fbbb25ece27d6cd338b348742f8f03ca8bd126d4a5ffd0ded00,BGP1,188,TVFA,620.655,TVFA [mg/L of sludge],mg/L,TVFA!T4,TVFA!T5,source_total_basis_not_recomputed,False
heitkamp_2021,10.1186/s13068-021-02034-5,c60a45ab498d3fbbb25ece27d6cd338b348742f8f03ca8bd126d4a5ffd0ded00,BGP1,209,TVFA,505.655,TVFA [mg/L of sludge],mg/L,TVFA!U4,TVFA!U5,source_total_basis_not_recomputed,False
heitkamp_2021,10.1186/s13068-021-02034-5,c60a45ab498d3fbbb25ece27d6cd338b348742f8f03ca8bd126d4a5ffd0ded00,BGP1,223,TVFA,590.47,TVFA [mg/L of sludge],mg/L,TVFA!V4,TVFA!V5,source_total_basis_not_recomputed,False
heitkamp_2021,10.1186/s13068-021-02034-5,c60a45ab498d3fbbb25ece27d6cd338b348742f8f03ca8bd126d4a5ffd0ded00,BGP1,237,TVFA,510,TVFA [mg/L of sludge],mg/L,TVFA!W4,TVFA!W5,source_total_basis_not_recomputed,False
heitkamp_2021,10.1186/s13068-021-02034-5,c60a45ab498d3fbbb25ece27d6cd338b348742f8f03ca8bd126d4a5ffd0ded00,BGP1,272,TVFA,650,TVFA [mg/L of sludge],mg/L,TVFA!X4,TVFA!X5,source_total_basis_not_recomputed,False
heitkamp_2021,10.1186/s13068-021-02034-5,c60a45ab498d3fbbb25ece27d6cd338b348742f8f03ca8bd126d4a5ffd0ded00,BGP1,280,TVFA,545,TVFA [mg/L of sludge],mg/L,TVFA!Y4,TVFA!Y5,source_total_basis_not_recomputed,False
heitkamp_2021,10.1186/s13068-021-02034-5,c60a45ab498d3fbbb25ece27d6cd338b348742f8f03ca8bd126d4a5ffd0ded00,BGP1,300,TVFA,540,TVFA [mg/L of sludge],mg/L,TVFA!Z4,TVFA!Z5,source_total_basis_not_recomputed,False
heitkamp_2021,10.1186/s13068-021-02034-5,c60a45ab498d3fbbb25ece27d6cd338b348742f8f03ca8bd126d4a5ffd0ded00,BGP1,328,TVFA,455,TVFA [mg/L of sludge],mg/L,TVFA!AA4,TVFA!AA5,source_total_basis_not_recomputed,False
heitkamp_2021,10.1186/s13068-021-02034-5,c60a45ab498d3fbbb25ece27d6cd338b348742f8f03ca8bd126d4a5ffd0ded00,BGP1,359,TVFA,485,TVFA [mg/L of sludge],mg/L,TVFA!AB4,TVFA!AB5,source_total_basis_not_recomputed,False
heitkamp_2021,10.1186/s13068-021-02034-5,c60a45ab498d3fbbb25ece27d6cd338b348742f8f03ca8bd126d4a5ffd0ded00,BGP2,0,TVFA,8058.98,TVFA [mg/L of sludge],mg/L,TVFA!C8,TVFA!C9,source_total_basis_not_recomputed,False
heitkamp_2021,10.1186/s13068-021-02034-5,c60a45ab498d3fbbb25ece27d6cd338b348742f8f03ca8bd126d4a5ffd0ded00,BGP2,16,TVFA,6802.72,TVFA [mg/L of sludge],mg/L,TVFA!D8,TVFA!D9,source_total_basis_not_recomputed,False
heitkamp_2021,10.1186/s13068-021-02034-5,c60a45ab498d3fbbb25ece27d6cd338b348742f8f03ca8bd126d4a5ffd0ded00,BGP2,17,TVFA,5987.48,TVFA [mg/L of sludge],mg/L,TVFA!E8,TVFA!E9,source_total_basis_not_recomputed,False
heitkamp_2021,10.1186/s13068-021-02034-5,c60a45ab498d3fbbb25ece27d6cd338b348742f8f03ca8bd126d4a5ffd0ded00,BGP2,19,TVFA,4982.2,TVFA [mg/L of sludge],mg/L,TVFA!F8,TVFA!F9,source_total_basis_not_recomputed,False
heitkamp_2021,10.1186/s13068-021-02034-5,c60a45ab498d3fbbb25ece27d6cd338b348742f8f03ca8bd126d4a5ffd0ded00,BGP2,21,TVFA,4715.9,TVFA [mg/L of sludge],mg/L,TVFA!G8,TVFA!G9,source_total_basis_not_recomputed,False
heitkamp_2021,10.1186/s13068-021-02034-5,c60a45ab498d3fbbb25ece27d6cd338b348742f8f03ca8bd126d4a5ffd0ded00,BGP2,28,TVFA,3535.67,TVFA [mg/L of sludge],mg/L,TVFA!H8,TVFA!H9,source_total_basis_not_recomputed,False
heitkamp_2021,10.1186/s13068-021-02034-5,c60a45ab498d3fbbb25ece27d6cd338b348742f8f03ca8bd126d4a5ffd0ded00,BGP2,32,TVFA,3546.39,TVFA [mg/L of sludge],mg/L,TVFA!I8,TVFA!I9,source_total_basis_not_recomputed,False
heitkamp_2021,10.1186/s13068-021-02034-5,c60a45ab498d3fbbb25ece27d6cd338b348742f8f03ca8bd126d4a5ffd0ded00,BGP2,42,TVFA,2877.9,TVFA [mg/L of sludge],mg/L,TVFA!J8,TVFA!J9,source_total_basis_not_recomputed,False
heitkamp_2021,10.1186/s13068-021-02034-5,c60a45ab498d3fbbb25ece27d6cd338b348742f8f03ca8bd126d4a5ffd0ded00,BGP2,44,TVFA,3749.39,TVFA [mg/L of sludge],mg/L,TVFA!K8,TVFA!K9,source_total_basis_not_recomputed,False
heitkamp_2021,10.1186/s13068-021-02034-5,c60a45ab498d3fbbb25ece27d6cd338b348742f8f03ca8bd126d4a5ffd0ded00,BGP2,50,TVFA,3337.43,TVFA [mg/L of sludge],mg/L,TVFA!L8,TVFA!L9,source_total_basis_not_recomputed,False
heitkamp_2021,10.1186/s13068-021-02034-5,c60a45ab498d3fbbb25ece27d6cd338b348742f8f03ca8bd126d4a5ffd0ded00,BGP2,70,TVFA,3225.96,TVFA [mg/L of sludge],mg/L,TVFA!M8,TVFA!M9,source_total_basis_not_recomputed,False
heitkamp_2021,10.1186/s13068-021-02034-5,c60a45ab498d3fbbb25ece27d6cd338b348742f8f03ca8bd126d4a5ffd0ded00,BGP2,87,TVFA,4613.34,TVFA [mg/L of sludge],mg/L,TVFA!N8,TVFA!N9,source_total_basis_not_recomputed,False
heitkamp_2021,10.1186/s13068-021-02034-5,c60a45ab498d3fbbb25ece27d6cd338b348742f8f03ca8bd126d4a5ffd0ded00,BGP2,127,TVFA,3953.7,TVFA [mg/L of sludge],mg/L,TVFA!O8,TVFA!O9,source_total_basis_not_recomputed,False
heitkamp_2021,10.1186/s13068-021-02034-5,c60a45ab498d3fbbb25ece27d6cd338b348742f8f03ca8bd126d4a5ffd0ded00,BGP2,140,TVFA,1863.09,TVFA [mg/L of sludge],mg/L,TVFA!P8,TVFA!P9,source_total_basis_not_recomputed,False
heitkamp_2021,10.1186/s13068-021-02034-5,c60a45ab498d3fbbb25ece27d6cd338b348742f8f03ca8bd126d4a5ffd0ded00,BGP2,190,TVFA,2340.2,TVFA [mg/L of sludge],mg/L,TVFA!Q8,TVFA!Q9,source_total_basis_not_recomputed,False
heitkamp_2021,10.1186/s13068-021-02034-5,c60a45ab498d3fbbb25ece27d6cd338b348742f8f03ca8bd126d4a5ffd0ded00,BGP2,273,TVFA,1667.3,TVFA [mg/L of sludge],mg/L,TVFA!R8,TVFA!R9,source_total_basis_not_recomputed,False
heitkamp_2021,10.1186/s13068-021-02034-5,c60a45ab498d3fbbb25ece27d6cd338b348742f8f03ca8bd126d4a5ffd0ded00,BGP2,315,TVFA,1959.2,TVFA [mg/L of sludge],mg/L,TVFA!S8,TVFA!S9,source_total_basis_not_recomputed,False
heitkamp_2021,10.1186/s13068-021-02034-5,c60a45ab498d3fbbb25ece27d6cd338b348742f8f03ca8bd126d4a5ffd0ded00,BGP3,0,TVFA,1051.14,TVFA [mg/L of sludge],mg/L,TVFA!C12,TVFA!C13,source_total_basis_not_recomputed,False
heitkamp_2021,10.1186/s13068-021-02034-5,c60a45ab498d3fbbb25ece27d6cd338b348742f8f03ca8bd126d4a5ffd0ded00,BGP3,178,TVFA,160,TVFA [mg/L of sludge],mg/L,TVFA!D12,TVFA!D13,source_total_basis_not_recomputed,False
heitkamp_2021,10.1186/s13068-021-02034-5,c60a45ab498d3fbbb25ece27d6cd338b348742f8f03ca8bd126d4a5ffd0ded00,BGP3,367,TVFA,120,TVFA [mg/L of sludge],mg/L,TVFA!E12,TVFA!E13,source_total_basis_not_recomputed,False
heitkamp_2021,10.1186/s13068-021-02034-5,c60a45ab498d3fbbb25ece27d6cd338b348742f8f03ca8bd126d4a5ffd0ded00,BGP4,0,TVFA,145,TVFA [mg/L of sludge],mg/L,TVFA!C16,TVFA!C17,source_total_basis_not_recomputed,False
heitkamp_2021,10.1186/s13068-021-02034-5,c60a45ab498d3fbbb25ece27d6cd338b348742f8f03ca8bd126d4a5ffd0ded00,BGP4,29,TVFA,320,TVFA [mg/L of sludge],mg/L,TVFA!D16,TVFA!D17,source_total_basis_not_recomputed,False
heitkamp_2021,10.1186/s13068-021-02034-5,c60a45ab498d3fbbb25ece27d6cd338b348742f8f03ca8bd126d4a5ffd0ded00,BGP4,42,TVFA,535,TVFA [mg/L of sludge],mg/L,TVFA!E16,TVFA!E17,source_total_basis_not_recomputed,False
heitkamp_2021,10.1186/s13068-021-02034-5,c60a45ab498d3fbbb25ece27d6cd338b348742f8f03ca8bd126d4a5ffd0ded00,BGP4,73,TVFA,369,TVFA [mg/L of sludge],mg/L,TVFA!F16,TVFA!F17,source_total_basis_not_recomputed,False
heitkamp_2021,10.1186/s13068-021-02034-5,c60a45ab498d3fbbb25ece27d6cd338b348742f8f03ca8bd126d4a5ffd0ded00,BGP4,114,TVFA,390,TVFA [mg/L of sludge],mg/L,TVFA!G16,TVFA!G17,source_total_basis_not_recomputed,False
heitkamp_2021,10.1186/s13068-021-02034-5,c60a45ab498d3fbbb25ece27d6cd338b348742f8f03ca8bd126d4a5ffd0ded00,BGP4,140,TVFA,n.a,TVFA [mg/L of sludge],mg/L,TVFA!H16,TVFA!H17,nonnumeric_value_requires_review;source_total_basis_not_recomputed,False
heitkamp_2021,10.1186/s13068-021-02034-5,c60a45ab498d3fbbb25ece27d6cd338b348742f8f03ca8bd126d4a5ffd0ded00,BGP4,169,TVFA,421,TVFA [mg/L of sludge],mg/L,TVFA!I16,TVFA!I17,source_total_basis_not_recomputed,False
heitkamp_2021,10.1186/s13068-021-02034-5,c60a45ab498d3fbbb25ece27d6cd338b348742f8f03ca8bd126d4a5ffd0ded00,BGP4,204,TVFA,162,TVFA [mg/L of sludge],mg/L,TVFA!J16,TVFA!J17,source_total_basis_not_recomputed,False
heitkamp_2021,10.1186/s13068-021-02034-5,c60a45ab498d3fbbb25ece27d6cd338b348742f8f03ca8bd126d4a5ffd0ded00,BGP4,238,TVFA,127,TVFA [mg/L of sludge],mg/L,TVFA!K16,TVFA!K17,source_total_basis_not_recomputed,False
heitkamp_2021,10.1186/s13068-021-02034-5,c60a45ab498d3fbbb25ece27d6cd338b348742f8f03ca8bd126d4a5ffd0ded00,BGP4,259,TVFA,170,TVFA [mg/L of sludge],mg/L,TVFA!L16,TVFA!L17,source_total_basis_not_recomputed,False
heitkamp_2021,10.1186/s13068-021-02034-5,c60a45ab498d3fbbb25ece27d6cd338b348742f8f03ca8bd126d4a5ffd0ded00,BGP4,288,TVFA,82,TVFA [mg/L of sludge],mg/L,TVFA!M16,TVFA!M17,source_total_basis_not_recomputed,False
heitkamp_2021,10.1186/s13068-021-02034-5,c60a45ab498d3fbbb25ece27d6cd338b348742f8f03ca8bd126d4a5ffd0ded00,BGP4,319,TVFA,75,TVFA [mg/L of sludge],mg/L,TVFA!N16,TVFA!N17,source_total_basis_not_recomputed,False
heitkamp_2021,10.1186/s13068-021-02034-5,c60a45ab498d3fbbb25ece27d6cd338b348742f8f03ca8bd126d4a5ffd0ded00,BGP4,354,TVFA,196,TVFA [mg/L of sludge],mg/L,TVFA!O16,TVFA!O17,source_total_basis_not_recomputed,False
heitkamp_2021,10.1186/s13068-021-02034-5,c60a45ab498d3fbbb25ece27d6cd338b348742f8f03ca8bd126d4a5ffd0ded00,BGP5,0,TVFA,1262,TVFA [mg/L of sludge],mg/L,TVFA!C20,TVFA!C21,source_total_basis_not_recomputed,False
heitkamp_2021,10.1186/s13068-021-02034-5,c60a45ab498d3fbbb25ece27d6cd338b348742f8f03ca8bd126d4a5ffd0ded00,BGP5,50,TVFA,1145.8,TVFA [mg/L of sludge],mg/L,TVFA!D20,TVFA!D21,source_total_basis_not_recomputed,False
heitkamp_2021,10.1186/s13068-021-02034-5,c60a45ab498d3fbbb25ece27d6cd338b348742f8f03ca8bd126d4a5ffd0ded00,BGP5,153,TVFA,220,TVFA [mg/L of sludge],mg/L,TVFA!E20,TVFA!E21,source_total_basis_not_recomputed,False
heitkamp_2021,10.1186/s13068-021-02034-5,c60a45ab498d3fbbb25ece27d6cd338b348742f8f03ca8bd126d4a5ffd0ded00,BGP6,0,TVFA,2696.19,TVFA [mg/L of sludge],mg/L,TVFA!C24,TVFA!C25,source_total_basis_not_recomputed,False
heitkamp_2021,10.1186/s13068-021-02034-5,c60a45ab498d3fbbb25ece27d6cd338b348742f8f03ca8bd126d4a5ffd0ded00,BGP6,14,TVFA,1427.65,TVFA [mg/L of sludge],mg/L,TVFA!D24,TVFA!D25,source_total_basis_not_recomputed,False
heitkamp_2021,10.1186/s13068-021-02034-5,c60a45ab498d3fbbb25ece27d6cd338b348742f8f03ca8bd126d4a5ffd0ded00,BGP6,28,TVFA,2325.91,TVFA [mg/L of sludge],mg/L,TVFA!E24,TVFA!E25,source_total_basis_not_recomputed,False
heitkamp_2021,10.1186/s13068-021-02034-5,c60a45ab498d3fbbb25ece27d6cd338b348742f8f03ca8bd126d4a5ffd0ded00,BGP6,35,TVFA,2843.07,TVFA [mg/L of sludge],mg/L,TVFA!F24,TVFA!F25,source_total_basis_not_recomputed,False
heitkamp_2021,10.1186/s13068-021-02034-5,c60a45ab498d3fbbb25ece27d6cd338b348742f8f03ca8bd126d4a5ffd0ded00,BGP6,48,TVFA,2045.8500000000001,TVFA [mg/L of sludge],mg/L,TVFA!G24,TVFA!G25,source_total_basis_not_recomputed,False
heitkamp_2021,10.1186/s13068-021-02034-5,c60a45ab498d3fbbb25ece27d6cd338b348742f8f03ca8bd126d4a5ffd0ded00,BGP6,77,TVFA,2726.54,TVFA [mg/L of sludge],mg/L,TVFA!H24,TVFA!H25,source_total_basis_not_recomputed,False
heitkamp_2021,10.1186/s13068-021-02034-5,c60a45ab498d3fbbb25ece27d6cd338b348742f8f03ca8bd126d4a5ffd0ded00,BGP6,98,TVFA,1539.31,TVFA [mg/L of sludge],mg/L,TVFA!I24,TVFA!I25,source_total_basis_not_recomputed,False
heitkamp_2021,10.1186/s13068-021-02034-5,c60a45ab498d3fbbb25ece27d6cd338b348742f8f03ca8bd126d4a5ffd0ded00,BGP6,106,TVFA,405.35,TVFA [mg/L of sludge],mg/L,TVFA!J24,TVFA!J25,source_total_basis_not_recomputed,False
heitkamp_2021,10.1186/s13068-021-02034-5,c60a45ab498d3fbbb25ece27d6cd338b348742f8f03ca8bd126d4a5ffd0ded00,BGP6,115,TVFA,776.25,TVFA [mg/L of sludge],mg/L,TVFA!K24,TVFA!K25,source_total_basis_not_recomputed,False
heitkamp_2021,10.1186/s13068-021-02034-5,c60a45ab498d3fbbb25ece27d6cd338b348742f8f03ca8bd126d4a5ffd0ded00,BGP6,130,TVFA,197.56,TVFA [mg/L of sludge],mg/L,TVFA!L24,TVFA!L25,source_total_basis_not_recomputed,False
heitkamp_2021,10.1186/s13068-021-02034-5,c60a45ab498d3fbbb25ece27d6cd338b348742f8f03ca8bd126d4a5ffd0ded00,BGP6,155,TVFA,1384.75,TVFA [mg/L of sludge],mg/L,TVFA!M24,TVFA!M25,source_total_basis_not_recomputed,False
heitkamp_2021,10.1186/s13068-021-02034-5,c60a45ab498d3fbbb25ece27d6cd338b348742f8f03ca8bd126d4a5ffd0ded00,BGP6,175,TVFA,1095.5,TVFA [mg/L of sludge],mg/L,TVFA!N24,TVFA!N25,source_total_basis_not_recomputed,False
heitkamp_2021,10.1186/s13068-021-02034-5,c60a45ab498d3fbbb25ece27d6cd338b348742f8f03ca8bd126d4a5ffd0ded00,BGP6,189,TVFA,1671.165,TVFA [mg/L of sludge],mg/L,TVFA!O24,TVFA!O25,source_total_basis_not_recomputed,False
heitkamp_2021,10.1186/s13068-021-02034-5,c60a45ab498d3fbbb25ece27d6cd338b348742f8f03ca8bd126d4a5ffd0ded00,BGP6,197,TVFA,71.5,TVFA [mg/L of sludge],mg/L,TVFA!P24,TVFA!P25,source_total_basis_not_recomputed,False
heitkamp_2021,10.1186/s13068-021-02034-5,c60a45ab498d3fbbb25ece27d6cd338b348742f8f03ca8bd126d4a5ffd0ded00,BGP6,211,TVFA,2553.6000000000004,TVFA [mg/L of sludge],mg/L,TVFA!Q24,TVFA!Q25,source_total_basis_not_recomputed,False
heitkamp_2021,10.1186/s13068-021-02034-5,c60a45ab498d3fbbb25ece27d6cd338b348742f8f03ca8bd126d4a5ffd0ded00,BGP6,225,TVFA,1856.18,TVFA [mg/L of sludge],mg/L,TVFA!R24,TVFA!R25,source_total_basis_not_recomputed,False
heitkamp_2021,10.1186/s13068-021-02034-5,c60a45ab498d3fbbb25ece27d6cd338b348742f8f03ca8bd126d4a5ffd0ded00,BGP6,238,TVFA,820.2,TVFA [mg/L of sludge],mg/L,TVFA!S24,TVFA!S25,source_total_basis_not_recomputed,False
heitkamp_2021,10.1186/s13068-021-02034-5,c60a45ab498d3fbbb25ece27d6cd338b348742f8f03ca8bd126d4a5ffd0ded00,BGP6,252,TVFA,612.45,TVFA [mg/L of sludge],mg/L,TVFA!T24,TVFA!T25,source_total_basis_not_recomputed,False
heitkamp_2021,10.1186/s13068-021-02034-5,c60a45ab498d3fbbb25ece27d6cd338b348742f8f03ca8bd126d4a5ffd0ded00,BGP6,274,TVFA,1419.9099999999999,TVFA [mg/L of sludge],mg/L,TVFA!U24,TVFA!U25,source_total_basis_not_recomputed,False
heitkamp_2021,10.1186/s13068-021-02034-5,c60a45ab498d3fbbb25ece27d6cd338b348742f8f03ca8bd126d4a5ffd0ded00,BGP6,280,TVFA,889.95,TVFA [mg/L of sludge],mg/L,TVFA!V24,TVFA!V25,source_total_basis_not_recomputed,False
heitkamp_2021,10.1186/s13068-021-02034-5,c60a45ab498d3fbbb25ece27d6cd338b348742f8f03ca8bd126d4a5ffd0ded00,BGP6,288,TVFA,843.93,TVFA [mg/L of sludge],mg/L,TVFA!W24,TVFA!W25,source_total_basis_not_recomputed,False
heitkamp_2021,10.1186/s13068-021-02034-5,c60a45ab498d3fbbb25ece27d6cd338b348742f8f03ca8bd126d4a5ffd0ded00,BGP6,309,TVFA,4071.1000000000004,TVFA [mg/L of sludge],mg/L,TVFA!X24,TVFA!X25,source_total_basis_not_recomputed,False
heitkamp_2021,10.1186/s13068-021-02034-5,c60a45ab498d3fbbb25ece27d6cd338b348742f8f03ca8bd126d4a5ffd0ded00,BGP7,0,TVFA,223,TVFA [mg/L of sludge],mg/L,TVFA!C28,TVFA!C29,source_total_basis_not_recomputed,False
heitkamp_2021,10.1186/s13068-021-02034-5,c60a45ab498d3fbbb25ece27d6cd338b348742f8f03ca8bd126d4a5ffd0ded00,BGP7,31,TVFA,355,TVFA [mg/L of sludge],mg/L,TVFA!D28,TVFA!D29,source_total_basis_not_recomputed,False
heitkamp_2021,10.1186/s13068-021-02034-5,c60a45ab498d3fbbb25ece27d6cd338b348742f8f03ca8bd126d4a5ffd0ded00,BGP7,49,TVFA,n.a,TVFA [mg/L of sludge],mg/L,TVFA!E28,TVFA!E29,nonnumeric_value_requires_review;source_total_basis_not_recomputed,False
heitkamp_2021,10.1186/s13068-021-02034-5,c60a45ab498d3fbbb25ece27d6cd338b348742f8f03ca8bd126d4a5ffd0ded00,BGP7,77,TVFA,175,TVFA [mg/L of sludge],mg/L,TVFA!F28,TVFA!F29,source_total_basis_not_recomputed,False
heitkamp_2021,10.1186/s13068-021-02034-5,c60a45ab498d3fbbb25ece27d6cd338b348742f8f03ca8bd126d4a5ffd0ded00,BGP7,91,TVFA,n.a,TVFA [mg/L of sludge],mg/L,TVFA!G28,TVFA!G29,nonnumeric_value_requires_review;source_total_basis_not_recomputed,False
heitkamp_2021,10.1186/s13068-021-02034-5,c60a45ab498d3fbbb25ece27d6cd338b348742f8f03ca8bd126d4a5ffd0ded00,BGP7,112,TVFA,166,TVFA [mg/L of sludge],mg/L,TVFA!H28,TVFA!H29,source_total_basis_not_recomputed,False
heitkamp_2021,10.1186/s13068-021-02034-5,c60a45ab498d3fbbb25ece27d6cd338b348742f8f03ca8bd126d4a5ffd0ded00,BGP7,147,TVFA,322,TVFA [mg/L of sludge],mg/L,TVFA!I28,TVFA!I29,source_total_basis_not_recomputed,False
heitkamp_2021,10.1186/s13068-021-02034-5,c60a45ab498d3fbbb25ece27d6cd338b348742f8f03ca8bd126d4a5ffd0ded00,BGP1,0,FOS,5900,FOS [mg/L of sludge],mg/L,FOS!C4,FOS!C5,,False
heitkamp_2021,10.1186/s13068-021-02034-5,c60a45ab498d3fbbb25ece27d6cd338b348742f8f03ca8bd126d4a5ffd0ded00,BGP1,6,FOS,6100,FOS [mg/L of sludge],mg/L,FOS!D4,FOS!D5,,False
heitkamp_2021,10.1186/s13068-021-02034-5,c60a45ab498d3fbbb25ece27d6cd338b348742f8f03ca8bd126d4a5ffd0ded00,BGP1,14,FOS,6400,FOS [mg/L of sludge],mg/L,FOS!E4,FOS!E5,,False
heitkamp_2021,10.1186/s13068-021-02034-5,c60a45ab498d3fbbb25ece27d6cd338b348742f8f03ca8bd126d4a5ffd0ded00,BGP1,34,FOS,7400,FOS [mg/L of sludge],mg/L,FOS!F4,FOS!F5,,False
heitkamp_2021,10.1186/s13068-021-02034-5,c60a45ab498d3fbbb25ece27d6cd338b348742f8f03ca8bd126d4a5ffd0ded00,BGP1,41,FOS,5250,FOS [mg/L of sludge],mg/L,FOS!G4,FOS!G5,,False
heitkamp_2021,10.1186/s13068-021-02034-5,c60a45ab498d3fbbb25ece27d6cd338b348742f8f03ca8bd126d4a5ffd0ded00,BGP1,55,FOS,5600,FOS [mg/L of sludge],mg/L,FOS!H4,FOS!H5,,False
heitkamp_2021,10.1186/s13068-021-02034-5,c60a45ab498d3fbbb25ece27d6cd338b348742f8f03ca8bd126d4a5ffd0ded00,BGP1,69,FOS,6150,FOS [mg/L of sludge],mg/L,FOS!I4,FOS!I5,,False
heitkamp_2021,10.1186/s13068-021-02034-5,c60a45ab498d3fbbb25ece27d6cd338b348742f8f03ca8bd126d4a5ffd0ded00,BGP1,83,FOS,6200,FOS [mg/L of sludge],mg/L,FOS!J4,FOS!J5,,False
heitkamp_2021,10.1186/s13068-021-02034-5,c60a45ab498d3fbbb25ece27d6cd338b348742f8f03ca8bd126d4a5ffd0ded00,BGP1,90,FOS,6300,FOS [mg/L of sludge],mg/L,FOS!K4,FOS!K5,,False
heitkamp_2021,10.1186/s13068-021-02034-5,c60a45ab498d3fbbb25ece27d6cd338b348742f8f03ca8bd126d4a5ffd0ded00,BGP1,97,FOS,6050,FOS [mg/L of sludge],mg/L,FOS!L4,FOS!L5,,False
heitkamp_2021,10.1186/s13068-021-02034-5,c60a45ab498d3fbbb25ece27d6cd338b348742f8f03ca8bd126d4a5ffd0ded00,BGP1,104,FOS,6350,FOS [mg/L of sludge],mg/L,FOS!M4,FOS!M5,,False
heitkamp_2021,10.1186/s13068-021-02034-5,c60a45ab498d3fbbb25ece27d6cd338b348742f8f03ca8bd126d4a5ffd0ded00,BGP1,111,FOS,6500,FOS [mg/L of sludge],mg/L,FOS!N4,FOS!N5,,False
heitkamp_2021,10.1186/s13068-021-02034-5,c60a45ab498d3fbbb25ece27d6cd338b348742f8f03ca8bd126d4a5ffd0ded00,BGP1,118,FOS,6700,FOS [mg/L of sludge],mg/L,FOS!O4,FOS!O5,,False
heitkamp_2021,10.1186/s13068-021-02034-5,c60a45ab498d3fbbb25ece27d6cd338b348742f8f03ca8bd126d4a5ffd0ded00,BGP1,132,FOS,6300,FOS [mg/L of sludge],mg/L,FOS!P4,FOS!P5,,False
heitkamp_2021,10.1186/s13068-021-02034-5,c60a45ab498d3fbbb25ece27d6cd338b348742f8f03ca8bd126d4a5ffd0ded00,BGP1,146,FOS,5900,FOS [mg/L of sludge],mg/L,FOS!Q4,FOS!Q5,,False
heitkamp_2021,10.1186/s13068-021-02034-5,c60a45ab498d3fbbb25ece27d6cd338b348742f8f03ca8bd126d4a5ffd0ded00,BGP1,153,FOS,6100,FOS [mg/L of sludge],mg/L,FOS!R4,FOS!R5,,False
heitkamp_2021,10.1186/s13068-021-02034-5,c60a45ab498d3fbbb25ece27d6cd338b348742f8f03ca8bd126d4a5ffd0ded00,BGP1,174,FOS,5550,FOS [mg/L of sludge],mg/L,FOS!S4,FOS!S5,,False
heitkamp_2021,10.1186/s13068-021-02034-5,c60a45ab498d3fbbb25ece27d6cd338b348742f8f03ca8bd126d4a5ffd0ded00,BGP1,188,FOS,5900,FOS [mg/L of sludge],mg/L,FOS!T4,FOS!T5,,False
heitkamp_2021,10.1186/s13068-021-02034-5,c60a45ab498d3fbbb25ece27d6cd338b348742f8f03ca8bd126d4a5ffd0ded00,BGP1,209,FOS,5550,FOS [mg/L of sludge],mg/L,FOS!U4,FOS!U5,,False
heitkamp_2021,10.1186/s13068-021-02034-5,c60a45ab498d3fbbb25ece27d6cd338b348742f8f03ca8bd126d4a5ffd0ded00,BGP1,223,FOS,5450,FOS [mg/L of sludge],mg/L,FOS!V4,FOS!V5,,False
heitkamp_2021,10.1186/s13068-021-02034-5,c60a45ab498d3fbbb25ece27d6cd338b348742f8f03ca8bd126d4a5ffd0ded00,BGP1,237,FOS,5250,FOS [mg/L of sludge],mg/L,FOS!W4,FOS!W5,,False
heitkamp_2021,10.1186/s13068-021-02034-5,c60a45ab498d3fbbb25ece27d6cd338b348742f8f03ca8bd126d4a5ffd0ded00,BGP1,272,FOS,8330,FOS [mg/L of sludge],mg/L,FOS!X4,FOS!X5,,False
heitkamp_2021,10.1186/s13068-021-02034-5,c60a45ab498d3fbbb25ece27d6cd338b348742f8f03ca8bd126d4a5ffd0ded00,BGP1,280,FOS,6985,FOS [mg/L of sludge],mg/L,FOS!Y4,FOS!Y5,,False
heitkamp_2021,10.1186/s13068-021-02034-5,c60a45ab498d3fbbb25ece27d6cd338b348742f8f03ca8bd126d4a5ffd0ded00,BGP1,300,FOS,10700,FOS [mg/L of sludge],mg/L,FOS!Z4,FOS!Z5,,False
heitkamp_2021,10.1186/s13068-021-02034-5,c60a45ab498d3fbbb25ece27d6cd338b348742f8f03ca8bd126d4a5ffd0ded00,BGP1,328,FOS,6745,FOS [mg/L of sludge],mg/L,FOS!AA4,FOS!AA5,,False
heitkamp_2021,10.1186/s13068-021-02034-5,c60a45ab498d3fbbb25ece27d6cd338b348742f8f03ca8bd126d4a5ffd0ded00,BGP1,359,FOS,5550,FOS [mg/L of sludge],mg/L,FOS!AB4,FOS!AB5,,False
heitkamp_2021,10.1186/s13068-021-02034-5,c60a45ab498d3fbbb25ece27d6cd338b348742f8f03ca8bd126d4a5ffd0ded00,BGP2,0,FOS,11000,FOS [mg/L of sludge],mg/L,FOS!C8,FOS!C9,,False
heitkamp_2021,10.1186/s13068-021-02034-5,c60a45ab498d3fbbb25ece27d6cd338b348742f8f03ca8bd126d4a5ffd0ded00,BGP2,16,FOS,11000,FOS [mg/L of sludge],mg/L,FOS!D8,FOS!D9,,False
heitkamp_2021,10.1186/s13068-021-02034-5,c60a45ab498d3fbbb25ece27d6cd338b348742f8f03ca8bd126d4a5ffd0ded00,BGP2,17,FOS,10000,FOS [mg/L of sludge],mg/L,FOS!E8,FOS!E9,,False
heitkamp_2021,10.1186/s13068-021-02034-5,c60a45ab498d3fbbb25ece27d6cd338b348742f8f03ca8bd126d4a5ffd0ded00,BGP2,19,FOS,9100,FOS [mg/L of sludge],mg/L,FOS!F8,FOS!F9,,False
heitkamp_2021,10.1186/s13068-021-02034-5,c60a45ab498d3fbbb25ece27d6cd338b348742f8f03ca8bd126d4a5ffd0ded00,BGP2,21,FOS,9100,FOS [mg/L of sludge],mg/L,FOS!G8,FOS!G9,,False
heitkamp_2021,10.1186/s13068-021-02034-5,c60a45ab498d3fbbb25ece27d6cd338b348742f8f03ca8bd126d4a5ffd0ded00,BGP2,28,FOS,8400,FOS [mg/L of sludge],mg/L,FOS!H8,FOS!H9,,False
heitkamp_2021,10.1186/s13068-021-02034-5,c60a45ab498d3fbbb25ece27d6cd338b348742f8f03ca8bd126d4a5ffd0ded00,BGP2,32,FOS,7400,FOS [mg/L of sludge],mg/L,FOS!I8,FOS!I9,,False
heitkamp_2021,10.1186/s13068-021-02034-5,c60a45ab498d3fbbb25ece27d6cd338b348742f8f03ca8bd126d4a5ffd0ded00,BGP2,42,FOS,7000,FOS [mg/L of sludge],mg/L,FOS!J8,FOS!J9,,False
heitkamp_2021,10.1186/s13068-021-02034-5,c60a45ab498d3fbbb25ece27d6cd338b348742f8f03ca8bd126d4a5ffd0ded00,BGP2,44,FOS,7400,FOS [mg/L of sludge],mg/L,FOS!K8,FOS!K9,,False
heitkamp_2021,10.1186/s13068-021-02034-5,c60a45ab498d3fbbb25ece27d6cd338b348742f8f03ca8bd126d4a5ffd0ded00,BGP2,50,FOS,7700,FOS [mg/L of sludge],mg/L,FOS!L8,FOS!L9,,False
heitkamp_2021,10.1186/s13068-021-02034-5,c60a45ab498d3fbbb25ece27d6cd338b348742f8f03ca8bd126d4a5ffd0ded00,BGP2,70,FOS,7900,FOS [mg/L of sludge],mg/L,FOS!M8,FOS!M9,,False
heitkamp_2021,10.1186/s13068-021-02034-5,c60a45ab498d3fbbb25ece27d6cd338b348742f8f03ca8bd126d4a5ffd0ded00,BGP2,87,FOS,8100,FOS [mg/L of sludge],mg/L,FOS!N8,FOS!N9,,False
heitkamp_2021,10.1186/s13068-021-02034-5,c60a45ab498d3fbbb25ece27d6cd338b348742f8f03ca8bd126d4a5ffd0ded00,BGP2,127,FOS,7500,FOS [mg/L of sludge],mg/L,FOS!O8,FOS!O9,,False
heitkamp_2021,10.1186/s13068-021-02034-5,c60a45ab498d3fbbb25ece27d6cd338b348742f8f03ca8bd126d4a5ffd0ded00,BGP2,140,FOS,6700,FOS [mg/L of sludge],mg/L,FOS!P8,FOS!P9,,False
heitkamp_2021,10.1186/s13068-021-02034-5,c60a45ab498d3fbbb25ece27d6cd338b348742f8f03ca8bd126d4a5ffd0ded00,BGP2,190,FOS,7000,FOS [mg/L of sludge],mg/L,FOS!Q8,FOS!Q9,,False
heitkamp_2021,10.1186/s13068-021-02034-5,c60a45ab498d3fbbb25ece27d6cd338b348742f8f03ca8bd126d4a5ffd0ded00,BGP2,273,FOS,6400,FOS [mg/L of sludge],mg/L,FOS!R8,FOS!R9,,False
heitkamp_2021,10.1186/s13068-021-02034-5,c60a45ab498d3fbbb25ece27d6cd338b348742f8f03ca8bd126d4a5ffd0ded00,BGP2,315,FOS,8100,FOS [mg/L of sludge],mg/L,FOS!S8,FOS!S9,,False
heitkamp_2021,10.1186/s13068-021-02034-5,c60a45ab498d3fbbb25ece27d6cd338b348742f8f03ca8bd126d4a5ffd0ded00,BGP3,0,FOS,4200,FOS [mg/L of sludge],mg/L,FOS!C12,FOS!C13,,False
heitkamp_2021,10.1186/s13068-021-02034-5,c60a45ab498d3fbbb25ece27d6cd338b348742f8f03ca8bd126d4a5ffd0ded00,BGP3,178,FOS,2600,FOS [mg/L of sludge],mg/L,FOS!D12,FOS!D13,,False
heitkamp_2021,10.1186/s13068-021-02034-5,c60a45ab498d3fbbb25ece27d6cd338b348742f8f03ca8bd126d4a5ffd0ded00,BGP3,367,FOS,3000,FOS [mg/L of sludge],mg/L,FOS!E12,FOS!E13,,False
heitkamp_2021,10.1186/s13068-021-02034-5,c60a45ab498d3fbbb25ece27d6cd338b348742f8f03ca8bd126d4a5ffd0ded00,BGP4,0,FOS,2550,FOS [mg/L of sludge],mg/L,FOS!C16,FOS!C17,,False
heitkamp_2021,10.1186/s13068-021-02034-5,c60a45ab498d3fbbb25ece27d6cd338b348742f8f03ca8bd126d4a5ffd0ded00,BGP4,29,FOS,2710,FOS [mg/L of sludge],mg/L,FOS!D16,FOS!D17,,False
heitkamp_2021,10.1186/s13068-021-02034-5,c60a45ab498d3fbbb25ece27d6cd338b348742f8f03ca8bd126d4a5ffd0ded00,BGP4,42,FOS,3150,FOS [mg/L of sludge],mg/L,FOS!E16,FOS!E17,,False
heitkamp_2021,10.1186/s13068-021-02034-5,c60a45ab498d3fbbb25ece27d6cd338b348742f8f03ca8bd126d4a5ffd0ded00,BGP4,73,FOS,3380,FOS [mg/L of sludge],mg/L,FOS!F16,FOS!F17,,False
heitkamp_2021,10.1186/s13068-021-02034-5,c60a45ab498d3fbbb25ece27d6cd338b348742f8f03ca8bd126d4a5ffd0ded00,BGP4,114,FOS,4120,FOS [mg/L of sludge],mg/L,FOS!G16,FOS!G17,,False
heitkamp_2021,10.1186/s13068-021-02034-5,c60a45ab498d3fbbb25ece27d6cd338b348742f8f03ca8bd126d4a5ffd0ded00,BGP4,140,FOS,3500,FOS [mg/L of sludge],mg/L,FOS!H16,FOS!H17,,False
heitkamp_2021,10.1186/s13068-021-02034-5,c60a45ab498d3fbbb25ece27d6cd338b348742f8f03ca8bd126d4a5ffd0ded00,BGP4,169,FOS,3100,FOS [mg/L of sludge],mg/L,FOS!I16,FOS!I17,,False
heitkamp_2021,10.1186/s13068-021-02034-5,c60a45ab498d3fbbb25ece27d6cd338b348742f8f03ca8bd126d4a5ffd0ded00,BGP4,204,FOS,3390,FOS [mg/L of sludge],mg/L,FOS!J16,FOS!J17,,False
heitkamp_2021,10.1186/s13068-021-02034-5,c60a45ab498d3fbbb25ece27d6cd338b348742f8f03ca8bd126d4a5ffd0ded00,BGP4,238,FOS,3230,FOS [mg/L of sludge],mg/L,FOS!K16,FOS!K17,,False
heitkamp_2021,10.1186/s13068-021-02034-5,c60a45ab498d3fbbb25ece27d6cd338b348742f8f03ca8bd126d4a5ffd0ded00,BGP4,259,FOS,2930,FOS [mg/L of sludge],mg/L,FOS!L16,FOS!L17,,False
heitkamp_2021,10.1186/s13068-021-02034-5,c60a45ab498d3fbbb25ece27d6cd338b348742f8f03ca8bd126d4a5ffd0ded00,BGP4,288,FOS,2820,FOS [mg/L of sludge],mg/L,FOS!M16,FOS!M17,,False
heitkamp_2021,10.1186/s13068-021-02034-5,c60a45ab498d3fbbb25ece27d6cd338b348742f8f03ca8bd126d4a5ffd0ded00,BGP4,319,FOS,2630,FOS [mg/L of sludge],mg/L,FOS!N16,FOS!N17,,False
heitkamp_2021,10.1186/s13068-021-02034-5,c60a45ab498d3fbbb25ece27d6cd338b348742f8f03ca8bd126d4a5ffd0ded00,BGP4,354,FOS,3680,FOS [mg/L of sludge],mg/L,FOS!O16,FOS!O17,,False
heitkamp_2021,10.1186/s13068-021-02034-5,c60a45ab498d3fbbb25ece27d6cd338b348742f8f03ca8bd126d4a5ffd0ded00,BGP5,0,FOS,6300,FOS [mg/L of sludge],mg/L,FOS!C20,FOS!C21,,False
heitkamp_2021,10.1186/s13068-021-02034-5,c60a45ab498d3fbbb25ece27d6cd338b348742f8f03ca8bd126d4a5ffd0ded00,BGP5,50,FOS,6100,FOS [mg/L of sludge],mg/L,FOS!D20,FOS!D21,,False
heitkamp_2021,10.1186/s13068-021-02034-5,c60a45ab498d3fbbb25ece27d6cd338b348742f8f03ca8bd126d4a5ffd0ded00,BGP5,153,FOS,4300,FOS [mg/L of sludge],mg/L,FOS!E20,FOS!E21,,False
heitkamp_2021,10.1186/s13068-021-02034-5,c60a45ab498d3fbbb25ece27d6cd338b348742f8f03ca8bd126d4a5ffd0ded00,BGP6,0,FOS,8000,FOS [mg/L of sludge],mg/L,FOS!C24,FOS!C25,,False
heitkamp_2021,10.1186/s13068-021-02034-5,c60a45ab498d3fbbb25ece27d6cd338b348742f8f03ca8bd126d4a5ffd0ded00,BGP6,14,FOS,7500,FOS [mg/L of sludge],mg/L,FOS!D24,FOS!D25,,False
heitkamp_2021,10.1186/s13068-021-02034-5,c60a45ab498d3fbbb25ece27d6cd338b348742f8f03ca8bd126d4a5ffd0ded00,BGP6,28,FOS,7850,FOS [mg/L of sludge],mg/L,FOS!E24,FOS!E25,,False
heitkamp_2021,10.1186/s13068-021-02034-5,c60a45ab498d3fbbb25ece27d6cd338b348742f8f03ca8bd126d4a5ffd0ded00,BGP6,35,FOS,8700,FOS [mg/L of sludge],mg/L,FOS!F24,FOS!F25,,False
heitkamp_2021,10.1186/s13068-021-02034-5,c60a45ab498d3fbbb25ece27d6cd338b348742f8f03ca8bd126d4a5ffd0ded00,BGP6,48,FOS,7700,FOS [mg/L of sludge],mg/L,FOS!G24,FOS!G25,,False
heitkamp_2021,10.1186/s13068-021-02034-5,c60a45ab498d3fbbb25ece27d6cd338b348742f8f03ca8bd126d4a5ffd0ded00,BGP6,77,FOS,8350,FOS [mg/L of sludge],mg/L,FOS!H24,FOS!H25,,False
heitkamp_2021,10.1186/s13068-021-02034-5,c60a45ab498d3fbbb25ece27d6cd338b348742f8f03ca8bd126d4a5ffd0ded00,BGP6,98,FOS,7450,FOS [mg/L of sludge],mg/L,FOS!I24,FOS!I25,,False
heitkamp_2021,10.1186/s13068-021-02034-5,c60a45ab498d3fbbb25ece27d6cd338b348742f8f03ca8bd126d4a5ffd0ded00,BGP6,106,FOS,6500,FOS [mg/L of sludge],mg/L,FOS!J24,FOS!J25,,False
heitkamp_2021,10.1186/s13068-021-02034-5,c60a45ab498d3fbbb25ece27d6cd338b348742f8f03ca8bd126d4a5ffd0ded00,BGP6,115,FOS,7300,FOS [mg/L of sludge],mg/L,FOS!K24,FOS!K25,,False
heitkamp_2021,10.1186/s13068-021-02034-5,c60a45ab498d3fbbb25ece27d6cd338b348742f8f03ca8bd126d4a5ffd0ded00,BGP6,130,FOS,6350,FOS [mg/L of sludge],mg/L,FOS!L24,FOS!L25,,False
heitkamp_2021,10.1186/s13068-021-02034-5,c60a45ab498d3fbbb25ece27d6cd338b348742f8f03ca8bd126d4a5ffd0ded00,BGP6,155,FOS,7050,FOS [mg/L of sludge],mg/L,FOS!M24,FOS!M25,,False
heitkamp_2021,10.1186/s13068-021-02034-5,c60a45ab498d3fbbb25ece27d6cd338b348742f8f03ca8bd126d4a5ffd0ded00,BGP6,175,FOS,6800,FOS [mg/L of sludge],mg/L,FOS!N24,FOS!N25,,False
heitkamp_2021,10.1186/s13068-021-02034-5,c60a45ab498d3fbbb25ece27d6cd338b348742f8f03ca8bd126d4a5ffd0ded00,BGP6,189,FOS,6650,FOS [mg/L of sludge],mg/L,FOS!O24,FOS!O25,,False
heitkamp_2021,10.1186/s13068-021-02034-5,c60a45ab498d3fbbb25ece27d6cd338b348742f8f03ca8bd126d4a5ffd0ded00,BGP6,197,FOS,5950,FOS [mg/L of sludge],mg/L,FOS!P24,FOS!P25,,False
heitkamp_2021,10.1186/s13068-021-02034-5,c60a45ab498d3fbbb25ece27d6cd338b348742f8f03ca8bd126d4a5ffd0ded00,BGP6,211,FOS,7600,FOS [mg/L of sludge],mg/L,FOS!Q24,FOS!Q25,,False
heitkamp_2021,10.1186/s13068-021-02034-5,c60a45ab498d3fbbb25ece27d6cd338b348742f8f03ca8bd126d4a5ffd0ded00,BGP6,225,FOS,7150,FOS [mg/L of sludge],mg/L,FOS!R24,FOS!R25,,False
heitkamp_2021,10.1186/s13068-021-02034-5,c60a45ab498d3fbbb25ece27d6cd338b348742f8f03ca8bd126d4a5ffd0ded00,BGP6,238,FOS,6550,FOS [mg/L of sludge],mg/L,FOS!S24,FOS!S25,,False
heitkamp_2021,10.1186/s13068-021-02034-5,c60a45ab498d3fbbb25ece27d6cd338b348742f8f03ca8bd126d4a5ffd0ded00,BGP6,252,FOS,6050,FOS [mg/L of sludge],mg/L,FOS!T24,FOS!T25,,False
heitkamp_2021,10.1186/s13068-021-02034-5,c60a45ab498d3fbbb25ece27d6cd338b348742f8f03ca8bd126d4a5ffd0ded00,BGP6,274,FOS,7150,FOS [mg/L of sludge],mg/L,FOS!U24,FOS!U25,,False
heitkamp_2021,10.1186/s13068-021-02034-5,c60a45ab498d3fbbb25ece27d6cd338b348742f8f03ca8bd126d4a5ffd0ded00,BGP6,280,FOS,6500,FOS [mg/L of sludge],mg/L,FOS!V24,FOS!V25,,False
heitkamp_2021,10.1186/s13068-021-02034-5,c60a45ab498d3fbbb25ece27d6cd338b348742f8f03ca8bd126d4a5ffd0ded00,BGP6,288,FOS,6400,FOS [mg/L of sludge],mg/L,FOS!W24,FOS!W25,,False
heitkamp_2021,10.1186/s13068-021-02034-5,c60a45ab498d3fbbb25ece27d6cd338b348742f8f03ca8bd126d4a5ffd0ded00,BGP6,309,FOS,9350,FOS [mg/L of sludge],mg/L,FOS!X24,FOS!X25,,False
heitkamp_2021,10.1186/s13068-021-02034-5,c60a45ab498d3fbbb25ece27d6cd338b348742f8f03ca8bd126d4a5ffd0ded00,BGP7,0,FOS,1863,FOS [mg/L of sludge],mg/L,FOS!C28,FOS!C29,,False
heitkamp_2021,10.1186/s13068-021-02034-5,c60a45ab498d3fbbb25ece27d6cd338b348742f8f03ca8bd126d4a5ffd0ded00,BGP7,31,FOS,1950,FOS [mg/L of sludge],mg/L,FOS!D28,FOS!D29,,False
heitkamp_2021,10.1186/s13068-021-02034-5,c60a45ab498d3fbbb25ece27d6cd338b348742f8f03ca8bd126d4a5ffd0ded00,BGP7,49,FOS,1896,FOS [mg/L of sludge],mg/L,FOS!E28,FOS!E29,,False
heitkamp_2021,10.1186/s13068-021-02034-5,c60a45ab498d3fbbb25ece27d6cd338b348742f8f03ca8bd126d4a5ffd0ded00,BGP7,77,FOS,1805,FOS [mg/L of sludge],mg/L,FOS!F28,FOS!F29,,False
heitkamp_2021,10.1186/s13068-021-02034-5,c60a45ab498d3fbbb25ece27d6cd338b348742f8f03ca8bd126d4a5ffd0ded00,BGP7,91,FOS,1659,FOS [mg/L of sludge],mg/L,FOS!G28,FOS!G29,,False
heitkamp_2021,10.1186/s13068-021-02034-5,c60a45ab498d3fbbb25ece27d6cd338b348742f8f03ca8bd126d4a5ffd0ded00,BGP7,112,FOS,1614,FOS [mg/L of sludge],mg/L,FOS!H28,FOS!H29,,False
heitkamp_2021,10.1186/s13068-021-02034-5,c60a45ab498d3fbbb25ece27d6cd338b348742f8f03ca8bd126d4a5ffd0ded00,BGP7,147,FOS,2298,FOS [mg/L of sludge],mg/L,FOS!I28,FOS!I29,,False
heitkamp_2021,10.1186/s13068-021-02034-5,c60a45ab498d3fbbb25ece27d6cd338b348742f8f03ca8bd126d4a5ffd0ded00,BGP1,0,TAC,32000,TAC [mg/L of sludge],mg/L,TAC!C4,TAC!C5,,False
heitkamp_2021,10.1186/s13068-021-02034-5,c60a45ab498d3fbbb25ece27d6cd338b348742f8f03ca8bd126d4a5ffd0ded00,BGP1,6,TAC,32000,TAC [mg/L of sludge],mg/L,TAC!D4,TAC!D5,,False
heitkamp_2021,10.1186/s13068-021-02034-5,c60a45ab498d3fbbb25ece27d6cd338b348742f8f03ca8bd126d4a5ffd0ded00,BGP1,14,TAC,31000,TAC [mg/L of sludge],mg/L,TAC!E4,TAC!E5,,False
heitkamp_2021,10.1186/s13068-021-02034-5,c60a45ab498d3fbbb25ece27d6cd338b348742f8f03ca8bd126d4a5ffd0ded00,BGP1,34,TAC,33000,TAC [mg/L of sludge],mg/L,TAC!F4,TAC!F5,,False
heitkamp_2021,10.1186/s13068-021-02034-5,c60a45ab498d3fbbb25ece27d6cd338b348742f8f03ca8bd126d4a5ffd0ded00,BGP1,41,TAC,21000,TAC [mg/L of sludge],mg/L,TAC!G4,TAC!G5,,False
heitkamp_2021,10.1186/s13068-021-02034-5,c60a45ab498d3fbbb25ece27d6cd338b348742f8f03ca8bd126d4a5ffd0ded00,BGP1,55,TAC,33500,TAC [mg/L of sludge],mg/L,TAC!H4,TAC!H5,,False
heitkamp_2021,10.1186/s13068-021-02034-5,c60a45ab498d3fbbb25ece27d6cd338b348742f8f03ca8bd126d4a5ffd0ded00,BGP1,69,TAC,33500,TAC [mg/L of sludge],mg/L,TAC!I4,TAC!I5,,False
heitkamp_2021,10.1186/s13068-021-02034-5,c60a45ab498d3fbbb25ece27d6cd338b348742f8f03ca8bd126d4a5ffd0ded00,BGP1,83,TAC,33500,TAC [mg/L of sludge],mg/L,TAC!J4,TAC!J5,,False
heitkamp_2021,10.1186/s13068-021-02034-5,c60a45ab498d3fbbb25ece27d6cd338b348742f8f03ca8bd126d4a5ffd0ded00,BGP1,90,TAC,32000,TAC [mg/L of sludge],mg/L,TAC!K4,TAC!K5,,False
heitkamp_2021,10.1186/s13068-021-02034-5,c60a45ab498d3fbbb25ece27d6cd338b348742f8f03ca8bd126d4a5ffd0ded00,BGP1,97,TAC,31500,TAC [mg/L of sludge],mg/L,TAC!L4,TAC!L5,,False
heitkamp_2021,10.1186/s13068-021-02034-5,c60a45ab498d3fbbb25ece27d6cd338b348742f8f03ca8bd126d4a5ffd0ded00,BGP1,104,TAC,32000,TAC [mg/L of sludge],mg/L,TAC!M4,TAC!M5,,False
heitkamp_2021,10.1186/s13068-021-02034-5,c60a45ab498d3fbbb25ece27d6cd338b348742f8f03ca8bd126d4a5ffd0ded00,BGP1,111,TAC,31500,TAC [mg/L of sludge],mg/L,TAC!N4,TAC!N5,,False
heitkamp_2021,10.1186/s13068-021-02034-5,c60a45ab498d3fbbb25ece27d6cd338b348742f8f03ca8bd126d4a5ffd0ded00,BGP1,118,TAC,30500,TAC [mg/L of sludge],mg/L,TAC!O4,TAC!O5,,False
heitkamp_2021,10.1186/s13068-021-02034-5,c60a45ab498d3fbbb25ece27d6cd338b348742f8f03ca8bd126d4a5ffd0ded00,BGP1,132,TAC,31500,TAC [mg/L of sludge],mg/L,TAC!P4,TAC!P5,,False
heitkamp_2021,10.1186/s13068-021-02034-5,c60a45ab498d3fbbb25ece27d6cd338b348742f8f03ca8bd126d4a5ffd0ded00,BGP1,146,TAC,31500,TAC [mg/L of sludge],mg/L,TAC!Q4,TAC!Q5,,False
heitkamp_2021,10.1186/s13068-021-02034-5,c60a45ab498d3fbbb25ece27d6cd338b348742f8f03ca8bd126d4a5ffd0ded00,BGP1,153,TAC,31500,TAC [mg/L of sludge],mg/L,TAC!R4,TAC!R5,,False
heitkamp_2021,10.1186/s13068-021-02034-5,c60a45ab498d3fbbb25ece27d6cd338b348742f8f03ca8bd126d4a5ffd0ded00,BGP1,174,TAC,29500,TAC [mg/L of sludge],mg/L,TAC!S4,TAC!S5,,False
heitkamp_2021,10.1186/s13068-021-02034-5,c60a45ab498d3fbbb25ece27d6cd338b348742f8f03ca8bd126d4a5ffd0ded00,BGP1,188,TAC,30000,TAC [mg/L of sludge],mg/L,TAC!T4,TAC!T5,,False
heitkamp_2021,10.1186/s13068-021-02034-5,c60a45ab498d3fbbb25ece27d6cd338b348742f8f03ca8bd126d4a5ffd0ded00,BGP1,209,TAC,29000,TAC [mg/L of sludge],mg/L,TAC!U4,TAC!U5,,False
heitkamp_2021,10.1186/s13068-021-02034-5,c60a45ab498d3fbbb25ece27d6cd338b348742f8f03ca8bd126d4a5ffd0ded00,BGP1,223,TAC,28000,TAC [mg/L of sludge],mg/L,TAC!V4,TAC!V5,,False
heitkamp_2021,10.1186/s13068-021-02034-5,c60a45ab498d3fbbb25ece27d6cd338b348742f8f03ca8bd126d4a5ffd0ded00,BGP1,237,TAC,28500,TAC [mg/L of sludge],mg/L,TAC!W4,TAC!W5,,False
heitkamp_2021,10.1186/s13068-021-02034-5,c60a45ab498d3fbbb25ece27d6cd338b348742f8f03ca8bd126d4a5ffd0ded00,BGP1,272,TAC,29150,TAC [mg/L of sludge],mg/L,TAC!X4,TAC!X5,,False
heitkamp_2021,10.1186/s13068-021-02034-5,c60a45ab498d3fbbb25ece27d6cd338b348742f8f03ca8bd126d4a5ffd0ded00,BGP1,280,TAC,30600,TAC [mg/L of sludge],mg/L,TAC!Y4,TAC!Y5,,False
heitkamp_2021,10.1186/s13068-021-02034-5,c60a45ab498d3fbbb25ece27d6cd338b348742f8f03ca8bd126d4a5ffd0ded00,BGP1,300,TAC,39000,TAC [mg/L of sludge],mg/L,TAC!Z4,TAC!Z5,,False
heitkamp_2021,10.1186/s13068-021-02034-5,c60a45ab498d3fbbb25ece27d6cd338b348742f8f03ca8bd126d4a5ffd0ded00,BGP1,328,TAC,28550,TAC [mg/L of sludge],mg/L,TAC!AA4,TAC!AA5,,False
heitkamp_2021,10.1186/s13068-021-02034-5,c60a45ab498d3fbbb25ece27d6cd338b348742f8f03ca8bd126d4a5ffd0ded00,BGP1,359,TAC,29500,TAC [mg/L of sludge],mg/L,TAC!AB4,TAC!AB5,,False
heitkamp_2021,10.1186/s13068-021-02034-5,c60a45ab498d3fbbb25ece27d6cd338b348742f8f03ca8bd126d4a5ffd0ded00,BGP2,0,TAC,30000,TAC [mg/L of sludge],mg/L,TAC!C8,TAC!C9,,False
heitkamp_2021,10.1186/s13068-021-02034-5,c60a45ab498d3fbbb25ece27d6cd338b348742f8f03ca8bd126d4a5ffd0ded00,BGP2,16,TAC,29000,TAC [mg/L of sludge],mg/L,TAC!D8,TAC!D9,,False
heitkamp_2021,10.1186/s13068-021-02034-5,c60a45ab498d3fbbb25ece27d6cd338b348742f8f03ca8bd126d4a5ffd0ded00,BGP2,17,TAC,31000,TAC [mg/L of sludge],mg/L,TAC!E8,TAC!E9,,False
heitkamp_2021,10.1186/s13068-021-02034-5,c60a45ab498d3fbbb25ece27d6cd338b348742f8f03ca8bd126d4a5ffd0ded00,BGP2,19,TAC,30000,TAC [mg/L of sludge],mg/L,TAC!F8,TAC!F9,,False
heitkamp_2021,10.1186/s13068-021-02034-5,c60a45ab498d3fbbb25ece27d6cd338b348742f8f03ca8bd126d4a5ffd0ded00,BGP2,21,TAC,32000,TAC [mg/L of sludge],mg/L,TAC!G8,TAC!G9,,False
heitkamp_2021,10.1186/s13068-021-02034-5,c60a45ab498d3fbbb25ece27d6cd338b348742f8f03ca8bd126d4a5ffd0ded00,BGP2,28,TAC,33000,TAC [mg/L of sludge],mg/L,TAC!H8,TAC!H9,,False
heitkamp_2021,10.1186/s13068-021-02034-5,c60a45ab498d3fbbb25ece27d6cd338b348742f8f03ca8bd126d4a5ffd0ded00,BGP2,32,TAC,30000,TAC [mg/L of sludge],mg/L,TAC!I8,TAC!I9,,False
heitkamp_2021,10.1186/s13068-021-02034-5,c60a45ab498d3fbbb25ece27d6cd338b348742f8f03ca8bd126d4a5ffd0ded00,BGP2,42,TAC,30000,TAC [mg/L of sludge],mg/L,TAC!J8,TAC!J9,,False
heitkamp_2021,10.1186/s13068-021-02034-5,c60a45ab498d3fbbb25ece27d6cd338b348742f8f03ca8bd126d4a5ffd0ded00,BGP2,44,TAC,31000,TAC [mg/L of sludge],mg/L,TAC!K8,TAC!K9,,False
heitkamp_2021,10.1186/s13068-021-02034-5,c60a45ab498d3fbbb25ece27d6cd338b348742f8f03ca8bd126d4a5ffd0ded00,BGP2,50,TAC,31000,TAC [mg/L of sludge],mg/L,TAC!L8,TAC!L9,,False
heitkamp_2021,10.1186/s13068-021-02034-5,c60a45ab498d3fbbb25ece27d6cd338b348742f8f03ca8bd126d4a5ffd0ded00,BGP2,70,TAC,32000,TAC [mg/L of sludge],mg/L,TAC!M8,TAC!M9,,False
heitkamp_2021,10.1186/s13068-021-02034-5,c60a45ab498d3fbbb25ece27d6cd338b348742f8f03ca8bd126d4a5ffd0ded00,BGP2,87,TAC,30000,TAC [mg/L of sludge],mg/L,TAC!N8,TAC!N9,,False
heitkamp_2021,10.1186/s13068-021-02034-5,c60a45ab498d3fbbb25ece27d6cd338b348742f8f03ca8bd126d4a5ffd0ded00,BGP2,127,TAC,28000,TAC [mg/L of sludge],mg/L,TAC!O8,TAC!O9,,False
heitkamp_2021,10.1186/s13068-021-02034-5,c60a45ab498d3fbbb25ece27d6cd338b348742f8f03ca8bd126d4a5ffd0ded00,BGP2,140,TAC,31000,TAC [mg/L of sludge],mg/L,TAC!P8,TAC!P9,,False
heitkamp_2021,10.1186/s13068-021-02034-5,c60a45ab498d3fbbb25ece27d6cd338b348742f8f03ca8bd126d4a5ffd0ded00,BGP2,190,TAC,33000,TAC [mg/L of sludge],mg/L,TAC!Q8,TAC!Q9,,False
heitkamp_2021,10.1186/s13068-021-02034-5,c60a45ab498d3fbbb25ece27d6cd338b348742f8f03ca8bd126d4a5ffd0ded00,BGP2,273,TAC,36000,TAC [mg/L of sludge],mg/L,TAC!R8,TAC!R9,,False
heitkamp_2021,10.1186/s13068-021-02034-5,c60a45ab498d3fbbb25ece27d6cd338b348742f8f03ca8bd126d4a5ffd0ded00,BGP2,315,TAC,37000,TAC [mg/L of sludge],mg/L,TAC!S8,TAC!S9,,False
heitkamp_2021,10.1186/s13068-021-02034-5,c60a45ab498d3fbbb25ece27d6cd338b348742f8f03ca8bd126d4a5ffd0ded00,BGP3,0,TAC,13000,TAC [mg/L of sludge],mg/L,TAC!C12,TAC!C13,,False
heitkamp_2021,10.1186/s13068-021-02034-5,c60a45ab498d3fbbb25ece27d6cd338b348742f8f03ca8bd126d4a5ffd0ded00,BGP3,178,TAC,13000,TAC [mg/L of sludge],mg/L,TAC!D12,TAC!D13,,False
heitkamp_2021,10.1186/s13068-021-02034-5,c60a45ab498d3fbbb25ece27d6cd338b348742f8f03ca8bd126d4a5ffd0ded00,BGP3,367,TAC,14000,TAC [mg/L of sludge],mg/L,TAC!E12,TAC!E13,,False
heitkamp_2021,10.1186/s13068-021-02034-5,c60a45ab498d3fbbb25ece27d6cd338b348742f8f03ca8bd126d4a5ffd0ded00,BGP4,0,TAC,12870,TAC [mg/L of sludge],mg/L,TAC!C16,TAC!C17,,False
heitkamp_2021,10.1186/s13068-021-02034-5,c60a45ab498d3fbbb25ece27d6cd338b348742f8f03ca8bd126d4a5ffd0ded00,BGP4,29,TAC,13120,TAC [mg/L of sludge],mg/L,TAC!D16,TAC!D17,,False
heitkamp_2021,10.1186/s13068-021-02034-5,c60a45ab498d3fbbb25ece27d6cd338b348742f8f03ca8bd126d4a5ffd0ded00,BGP4,42,TAC,13780,TAC [mg/L of sludge],mg/L,TAC!E16,TAC!E17,,False
heitkamp_2021,10.1186/s13068-021-02034-5,c60a45ab498d3fbbb25ece27d6cd338b348742f8f03ca8bd126d4a5ffd0ded00,BGP4,73,TAC,16500,TAC [mg/L of sludge],mg/L,TAC!F16,TAC!F17,,False
heitkamp_2021,10.1186/s13068-021-02034-5,c60a45ab498d3fbbb25ece27d6cd338b348742f8f03ca8bd126d4a5ffd0ded00,BGP4,114,TAC,18200,TAC [mg/L of sludge],mg/L,TAC!G16,TAC!G17,,False
heitkamp_2021,10.1186/s13068-021-02034-5,c60a45ab498d3fbbb25ece27d6cd338b348742f8f03ca8bd126d4a5ffd0ded00,BGP4,140,TAC,15610,TAC [mg/L of sludge],mg/L,TAC!H16,TAC!H17,,False
heitkamp_2021,10.1186/s13068-021-02034-5,c60a45ab498d3fbbb25ece27d6cd338b348742f8f03ca8bd126d4a5ffd0ded00,BGP4,169,TAC,14080,TAC [mg/L of sludge],mg/L,TAC!I16,TAC!I17,,False
heitkamp_2021,10.1186/s13068-021-02034-5,c60a45ab498d3fbbb25ece27d6cd338b348742f8f03ca8bd126d4a5ffd0ded00,BGP4,204,TAC,13270,TAC [mg/L of sludge],mg/L,TAC!J16,TAC!J17,,False
heitkamp_2021,10.1186/s13068-021-02034-5,c60a45ab498d3fbbb25ece27d6cd338b348742f8f03ca8bd126d4a5ffd0ded00,BGP4,238,TAC,12510,TAC [mg/L of sludge],mg/L,TAC!K16,TAC!K17,,False
heitkamp_2021,10.1186/s13068-021-02034-5,c60a45ab498d3fbbb25ece27d6cd338b348742f8f03ca8bd126d4a5ffd0ded00,BGP4,259,TAC,12150,TAC [mg/L of sludge],mg/L,TAC!L16,TAC!L17,,False
heitkamp_2021,10.1186/s13068-021-02034-5,c60a45ab498d3fbbb25ece27d6cd338b348742f8f03ca8bd126d4a5ffd0ded00,BGP4,288,TAC,11340,TAC [mg/L of sludge],mg/L,TAC!M16,TAC!M17,,False
heitkamp_2021,10.1186/s13068-021-02034-5,c60a45ab498d3fbbb25ece27d6cd338b348742f8f03ca8bd126d4a5ffd0ded00,BGP4,319,TAC,11270,TAC [mg/L of sludge],mg/L,TAC!N16,TAC!N17,,False
heitkamp_2021,10.1186/s13068-021-02034-5,c60a45ab498d3fbbb25ece27d6cd338b348742f8f03ca8bd126d4a5ffd0ded00,BGP4,354,TAC,13610,TAC [mg/L of sludge],mg/L,TAC!O16,TAC!O17,,False
heitkamp_2021,10.1186/s13068-021-02034-5,c60a45ab498d3fbbb25ece27d6cd338b348742f8f03ca8bd126d4a5ffd0ded00,BGP5,0,TAC,29000,TAC [mg/L of sludge],mg/L,TAC!C20,TAC!C21,,False
heitkamp_2021,10.1186/s13068-021-02034-5,c60a45ab498d3fbbb25ece27d6cd338b348742f8f03ca8bd126d4a5ffd0ded00,BGP5,50,TAC,27000,TAC [mg/L of sludge],mg/L,TAC!D20,TAC!D21,,False
heitkamp_2021,10.1186/s13068-021-02034-5,c60a45ab498d3fbbb25ece27d6cd338b348742f8f03ca8bd126d4a5ffd0ded00,BGP5,153,TAC,19000,TAC [mg/L of sludge],mg/L,TAC!E20,TAC!E21,,False
heitkamp_2021,10.1186/s13068-021-02034-5,c60a45ab498d3fbbb25ece27d6cd338b348742f8f03ca8bd126d4a5ffd0ded00,BGP6,0,TAC,34500,TAC [mg/L of sludge],mg/L,TAC!C24,TAC!C25,,False
heitkamp_2021,10.1186/s13068-021-02034-5,c60a45ab498d3fbbb25ece27d6cd338b348742f8f03ca8bd126d4a5ffd0ded00,BGP6,14,TAC,37000,TAC [mg/L of sludge],mg/L,TAC!D24,TAC!D25,,False
heitkamp_2021,10.1186/s13068-021-02034-5,c60a45ab498d3fbbb25ece27d6cd338b348742f8f03ca8bd126d4a5ffd0ded00,BGP6,28,TAC,36500,TAC [mg/L of sludge],mg/L,TAC!E24,TAC!E25,,False
heitkamp_2021,10.1186/s13068-021-02034-5,c60a45ab498d3fbbb25ece27d6cd338b348742f8f03ca8bd126d4a5ffd0ded00,BGP6,35,TAC,38000,TAC [mg/L of sludge],mg/L,TAC!F24,TAC!F25,,False
heitkamp_2021,10.1186/s13068-021-02034-5,c60a45ab498d3fbbb25ece27d6cd338b348742f8f03ca8bd126d4a5ffd0ded00,BGP6,48,TAC,35500,TAC [mg/L of sludge],mg/L,TAC!G24,TAC!G25,,False
heitkamp_2021,10.1186/s13068-021-02034-5,c60a45ab498d3fbbb25ece27d6cd338b348742f8f03ca8bd126d4a5ffd0ded00,BGP6,77,TAC,34000,TAC [mg/L of sludge],mg/L,TAC!H24,TAC!H25,,False
heitkamp_2021,10.1186/s13068-021-02034-5,c60a45ab498d3fbbb25ece27d6cd338b348742f8f03ca8bd126d4a5ffd0ded00,BGP6,98,TAC,33000,TAC [mg/L of sludge],mg/L,TAC!I24,TAC!I25,,False
heitkamp_2021,10.1186/s13068-021-02034-5,c60a45ab498d3fbbb25ece27d6cd338b348742f8f03ca8bd126d4a5ffd0ded00,BGP6,106,TAC,33000,TAC [mg/L of sludge],mg/L,TAC!J24,TAC!J25,,False
heitkamp_2021,10.1186/s13068-021-02034-5,c60a45ab498d3fbbb25ece27d6cd338b348742f8f03ca8bd126d4a5ffd0ded00,BGP6,115,TAC,34500,TAC [mg/L of sludge],mg/L,TAC!K24,TAC!K25,,False
heitkamp_2021,10.1186/s13068-021-02034-5,c60a45ab498d3fbbb25ece27d6cd338b348742f8f03ca8bd126d4a5ffd0ded00,BGP6,130,TAC,33000,TAC [mg/L of sludge],mg/L,TAC!L24,TAC!L25,,False
heitkamp_2021,10.1186/s13068-021-02034-5,c60a45ab498d3fbbb25ece27d6cd338b348742f8f03ca8bd126d4a5ffd0ded00,BGP6,155,TAC,32500,TAC [mg/L of sludge],mg/L,TAC!M24,TAC!M25,,False
heitkamp_2021,10.1186/s13068-021-02034-5,c60a45ab498d3fbbb25ece27d6cd338b348742f8f03ca8bd126d4a5ffd0ded00,BGP6,175,TAC,32000,TAC [mg/L of sludge],mg/L,TAC!N24,TAC!N25,,False
heitkamp_2021,10.1186/s13068-021-02034-5,c60a45ab498d3fbbb25ece27d6cd338b348742f8f03ca8bd126d4a5ffd0ded00,BGP6,189,TAC,30500,TAC [mg/L of sludge],mg/L,TAC!O24,TAC!O25,,False
heitkamp_2021,10.1186/s13068-021-02034-5,c60a45ab498d3fbbb25ece27d6cd338b348742f8f03ca8bd126d4a5ffd0ded00,BGP6,197,TAC,32000,TAC [mg/L of sludge],mg/L,TAC!P24,TAC!P25,,False
heitkamp_2021,10.1186/s13068-021-02034-5,c60a45ab498d3fbbb25ece27d6cd338b348742f8f03ca8bd126d4a5ffd0ded00,BGP6,211,TAC,32000,TAC [mg/L of sludge],mg/L,TAC!Q24,TAC!Q25,,False
heitkamp_2021,10.1186/s13068-021-02034-5,c60a45ab498d3fbbb25ece27d6cd338b348742f8f03ca8bd126d4a5ffd0ded00,BGP6,225,TAC,30500,TAC [mg/L of sludge],mg/L,TAC!R24,TAC!R25,,False
heitkamp_2021,10.1186/s13068-021-02034-5,c60a45ab498d3fbbb25ece27d6cd338b348742f8f03ca8bd126d4a5ffd0ded00,BGP6,238,TAC,31500,TAC [mg/L of sludge],mg/L,TAC!S24,TAC!S25,,False
heitkamp_2021,10.1186/s13068-021-02034-5,c60a45ab498d3fbbb25ece27d6cd338b348742f8f03ca8bd126d4a5ffd0ded00,BGP6,252,TAC,30500,TAC [mg/L of sludge],mg/L,TAC!T24,TAC!T25,,False
heitkamp_2021,10.1186/s13068-021-02034-5,c60a45ab498d3fbbb25ece27d6cd338b348742f8f03ca8bd126d4a5ffd0ded00,BGP6,274,TAC,31000,TAC [mg/L of sludge],mg/L,TAC!U24,TAC!U25,,False
heitkamp_2021,10.1186/s13068-021-02034-5,c60a45ab498d3fbbb25ece27d6cd338b348742f8f03ca8bd126d4a5ffd0ded00,BGP6,280,TAC,30500,TAC [mg/L of sludge],mg/L,TAC!V24,TAC!V25,,False
heitkamp_2021,10.1186/s13068-021-02034-5,c60a45ab498d3fbbb25ece27d6cd338b348742f8f03ca8bd126d4a5ffd0ded00,BGP6,288,TAC,30000,TAC [mg/L of sludge],mg/L,TAC!W24,TAC!W25,,False
heitkamp_2021,10.1186/s13068-021-02034-5,c60a45ab498d3fbbb25ece27d6cd338b348742f8f03ca8bd126d4a5ffd0ded00,BGP6,309,TAC,26000,TAC [mg/L of sludge],mg/L,TAC!X24,TAC!X25,,False
heitkamp_2021,10.1186/s13068-021-02034-5,c60a45ab498d3fbbb25ece27d6cd338b348742f8f03ca8bd126d4a5ffd0ded00,BGP7,0,TAC,10358,TAC [mg/L of sludge],mg/L,TAC!C28,TAC!C29,,False
heitkamp_2021,10.1186/s13068-021-02034-5,c60a45ab498d3fbbb25ece27d6cd338b348742f8f03ca8bd126d4a5ffd0ded00,BGP7,31,TAC,10211,TAC [mg/L of sludge],mg/L,TAC!D28,TAC!D29,,False
heitkamp_2021,10.1186/s13068-021-02034-5,c60a45ab498d3fbbb25ece27d6cd338b348742f8f03ca8bd126d4a5ffd0ded00,BGP7,49,TAC,10434,TAC [mg/L of sludge],mg/L,TAC!E28,TAC!E29,,False
heitkamp_2021,10.1186/s13068-021-02034-5,c60a45ab498d3fbbb25ece27d6cd338b348742f8f03ca8bd126d4a5ffd0ded00,BGP7,77,TAC,10140,TAC [mg/L of sludge],mg/L,TAC!F28,TAC!F29,,False
heitkamp_2021,10.1186/s13068-021-02034-5,c60a45ab498d3fbbb25ece27d6cd338b348742f8f03ca8bd126d4a5ffd0ded00,BGP7,91,TAC,9699,TAC [mg/L of sludge],mg/L,TAC!G28,TAC!G29,,False
heitkamp_2021,10.1186/s13068-021-02034-5,c60a45ab498d3fbbb25ece27d6cd338b348742f8f03ca8bd126d4a5ffd0ded00,BGP7,112,TAC,9788,TAC [mg/L of sludge],mg/L,TAC!H28,TAC!H29,,False
heitkamp_2021,10.1186/s13068-021-02034-5,c60a45ab498d3fbbb25ece27d6cd338b348742f8f03ca8bd126d4a5ffd0ded00,BGP7,147,TAC,11430,TAC [mg/L of sludge],mg/L,TAC!I28,TAC!I29,,False
heitkamp_2021,10.1186/s13068-021-02034-5,c60a45ab498d3fbbb25ece27d6cd338b348742f8f03ca8bd126d4a5ffd0ded00,BGP1,0,FOS TAC,0.18,FOS/TAC,FOS/TAC,FOS TAC!C4,FOS TAC!C5,,False
heitkamp_2021,10.1186/s13068-021-02034-5,c60a45ab498d3fbbb25ece27d6cd338b348742f8f03ca8bd126d4a5ffd0ded00,BGP1,6,FOS TAC,0.19,FOS/TAC,FOS/TAC,FOS TAC!D4,FOS TAC!D5,,False
heitkamp_2021,10.1186/s13068-021-02034-5,c60a45ab498d3fbbb25ece27d6cd338b348742f8f03ca8bd126d4a5ffd0ded00,BGP1,14,FOS TAC,0.21,FOS/TAC,FOS/TAC,FOS TAC!E4,FOS TAC!E5,,False
heitkamp_2021,10.1186/s13068-021-02034-5,c60a45ab498d3fbbb25ece27d6cd338b348742f8f03ca8bd126d4a5ffd0ded00,BGP1,34,FOS TAC,0.23,FOS/TAC,FOS/TAC,FOS TAC!F4,FOS TAC!F5,,False
heitkamp_2021,10.1186/s13068-021-02034-5,c60a45ab498d3fbbb25ece27d6cd338b348742f8f03ca8bd126d4a5ffd0ded00,BGP1,41,FOS TAC,0.255,FOS/TAC,FOS/TAC,FOS TAC!G4,FOS TAC!G5,,False
heitkamp_2021,10.1186/s13068-021-02034-5,c60a45ab498d3fbbb25ece27d6cd338b348742f8f03ca8bd126d4a5ffd0ded00,BGP1,55,FOS TAC,0.16999999999999998,FOS/TAC,FOS/TAC,FOS TAC!H4,FOS TAC!H5,,False
heitkamp_2021,10.1186/s13068-021-02034-5,c60a45ab498d3fbbb25ece27d6cd338b348742f8f03ca8bd126d4a5ffd0ded00,BGP1,69,FOS TAC,0.18,FOS/TAC,FOS/TAC,FOS TAC!I4,FOS TAC!I5,,False
heitkamp_2021,10.1186/s13068-021-02034-5,c60a45ab498d3fbbb25ece27d6cd338b348742f8f03ca8bd126d4a5ffd0ded00,BGP1,83,FOS TAC,0.19,FOS/TAC,FOS/TAC,FOS TAC!J4,FOS TAC!J5,,False
heitkamp_2021,10.1186/s13068-021-02034-5,c60a45ab498d3fbbb25ece27d6cd338b348742f8f03ca8bd126d4a5ffd0ded00,BGP1,90,FOS TAC,0.195,FOS/TAC,FOS/TAC,FOS TAC!K4,FOS TAC!K5,,False
heitkamp_2021,10.1186/s13068-021-02034-5,c60a45ab498d3fbbb25ece27d6cd338b348742f8f03ca8bd126d4a5ffd0ded00,BGP1,97,FOS TAC,0.19,FOS/TAC,FOS/TAC,FOS TAC!L4,FOS TAC!L5,,False
heitkamp_2021,10.1186/s13068-021-02034-5,c60a45ab498d3fbbb25ece27d6cd338b348742f8f03ca8bd126d4a5ffd0ded00,BGP1,104,FOS TAC,0.195,FOS/TAC,FOS/TAC,FOS TAC!M4,FOS TAC!M5,,False
heitkamp_2021,10.1186/s13068-021-02034-5,c60a45ab498d3fbbb25ece27d6cd338b348742f8f03ca8bd126d4a5ffd0ded00,BGP1,111,FOS TAC,0.21000000000000002,FOS/TAC,FOS/TAC,FOS TAC!N4,FOS TAC!N5,,False
heitkamp_2021,10.1186/s13068-021-02034-5,c60a45ab498d3fbbb25ece27d6cd338b348742f8f03ca8bd126d4a5ffd0ded00,BGP1,118,FOS TAC,0.22,FOS/TAC,FOS/TAC,FOS TAC!O4,FOS TAC!O5,,False
heitkamp_2021,10.1186/s13068-021-02034-5,c60a45ab498d3fbbb25ece27d6cd338b348742f8f03ca8bd126d4a5ffd0ded00,BGP1,132,FOS TAC,0.195,FOS/TAC,FOS/TAC,FOS TAC!P4,FOS TAC!P5,,False
heitkamp_2021,10.1186/s13068-021-02034-5,c60a45ab498d3fbbb25ece27d6cd338b348742f8f03ca8bd126d4a5ffd0ded00,BGP1,146,FOS TAC,0.19,FOS/TAC,FOS/TAC,FOS TAC!Q4,FOS TAC!Q5,,False
heitkamp_2021,10.1186/s13068-021-02034-5,c60a45ab498d3fbbb25ece27d6cd338b348742f8f03ca8bd126d4a5ffd0ded00,BGP1,153,FOS TAC,0.195,FOS/TAC,FOS/TAC,FOS TAC!R4,FOS TAC!R5,,False
heitkamp_2021,10.1186/s13068-021-02034-5,c60a45ab498d3fbbb25ece27d6cd338b348742f8f03ca8bd126d4a5ffd0ded00,BGP1,174,FOS TAC,0.19,FOS/TAC,FOS/TAC,FOS TAC!S4,FOS TAC!S5,,False
heitkamp_2021,10.1186/s13068-021-02034-5,c60a45ab498d3fbbb25ece27d6cd338b348742f8f03ca8bd126d4a5ffd0ded00,BGP1,188,FOS TAC,0.2,FOS/TAC,FOS/TAC,FOS TAC!T4,FOS TAC!T5,,False
heitkamp_2021,10.1186/s13068-021-02034-5,c60a45ab498d3fbbb25ece27d6cd338b348742f8f03ca8bd126d4a5ffd0ded00,BGP1,209,FOS TAC,0.19,FOS/TAC,FOS/TAC,FOS TAC!U4,FOS TAC!U5,,False
heitkamp_2021,10.1186/s13068-021-02034-5,c60a45ab498d3fbbb25ece27d6cd338b348742f8f03ca8bd126d4a5ffd0ded00,BGP1,223,FOS TAC,0.19,FOS/TAC,FOS/TAC,FOS TAC!V4,FOS TAC!V5,,False
heitkamp_2021,10.1186/s13068-021-02034-5,c60a45ab498d3fbbb25ece27d6cd338b348742f8f03ca8bd126d4a5ffd0ded00,BGP1,237,FOS TAC,0.185,FOS/TAC,FOS/TAC,FOS TAC!W4,FOS TAC!W5,,False
heitkamp_2021,10.1186/s13068-021-02034-5,c60a45ab498d3fbbb25ece27d6cd338b348742f8f03ca8bd126d4a5ffd0ded00,BGP1,272,FOS TAC,0.28800000000000003,FOS/TAC,FOS/TAC,FOS TAC!X4,FOS TAC!X5,,False
heitkamp_2021,10.1186/s13068-021-02034-5,c60a45ab498d3fbbb25ece27d6cd338b348742f8f03ca8bd126d4a5ffd0ded00,BGP1,280,FOS TAC,0.22849999999999998,FOS/TAC,FOS/TAC,FOS TAC!Y4,FOS TAC!Y5,,False
heitkamp_2021,10.1186/s13068-021-02034-5,c60a45ab498d3fbbb25ece27d6cd338b348742f8f03ca8bd126d4a5ffd0ded00,BGP1,300,FOS TAC,0.22,FOS/TAC,FOS/TAC,FOS TAC!Z4,FOS TAC!Z5,,False
heitkamp_2021,10.1186/s13068-021-02034-5,c60a45ab498d3fbbb25ece27d6cd338b348742f8f03ca8bd126d4a5ffd0ded00,BGP1,328,FOS TAC,0.23550000000000001,FOS/TAC,FOS/TAC,FOS TAC!AA4,FOS TAC!AA5,,False
heitkamp_2021,10.1186/s13068-021-02034-5,c60a45ab498d3fbbb25ece27d6cd338b348742f8f03ca8bd126d4a5ffd0ded00,BGP1,359,FOS TAC,0.185,FOS/TAC,FOS/TAC,FOS TAC!AB4,FOS TAC!AB5,,False
heitkamp_2021,10.1186/s13068-021-02034-5,c60a45ab498d3fbbb25ece27d6cd338b348742f8f03ca8bd126d4a5ffd0ded00,BGP2,0,FOS TAC,0.38,FOS/TAC,FOS/TAC,FOS TAC!C8,FOS TAC!C9,,False
heitkamp_2021,10.1186/s13068-021-02034-5,c60a45ab498d3fbbb25ece27d6cd338b348742f8f03ca8bd126d4a5ffd0ded00,BGP2,16,FOS TAC,0.36,FOS/TAC,FOS/TAC,FOS TAC!D8,FOS TAC!D9,,False
heitkamp_2021,10.1186/s13068-021-02034-5,c60a45ab498d3fbbb25ece27d6cd338b348742f8f03ca8bd126d4a5ffd0ded00,BGP2,17,FOS TAC,0.32,FOS/TAC,FOS/TAC,FOS TAC!E8,FOS TAC!E9,,False
heitkamp_2021,10.1186/s13068-021-02034-5,c60a45ab498d3fbbb25ece27d6cd338b348742f8f03ca8bd126d4a5ffd0ded00,BGP2,19,FOS TAC,0.31,FOS/TAC,FOS/TAC,FOS TAC!F8,FOS TAC!F9,,False
heitkamp_2021,10.1186/s13068-021-02034-5,c60a45ab498d3fbbb25ece27d6cd338b348742f8f03ca8bd126d4a5ffd0ded00,BGP2,21,FOS TAC,0.29,FOS/TAC,FOS/TAC,FOS TAC!G8,FOS TAC!G9,,False
heitkamp_2021,10.1186/s13068-021-02034-5,c60a45ab498d3fbbb25ece27d6cd338b348742f8f03ca8bd126d4a5ffd0ded00,BGP2,28,FOS TAC,0.26,FOS/TAC,FOS/TAC,FOS TAC!H8,FOS TAC!H9,,False
heitkamp_2021,10.1186/s13068-021-02034-5,c60a45ab498d3fbbb25ece27d6cd338b348742f8f03ca8bd126d4a5ffd0ded00,BGP2,32,FOS TAC,0.25,FOS/TAC,FOS/TAC,FOS TAC!I8,FOS TAC!I9,,False
heitkamp_2021,10.1186/s13068-021-02034-5,c60a45ab498d3fbbb25ece27d6cd338b348742f8f03ca8bd126d4a5ffd0ded00,BGP2,42,FOS TAC,0.23,FOS/TAC,FOS/TAC,FOS TAC!J8,FOS TAC!J9,,False
heitkamp_2021,10.1186/s13068-021-02034-5,c60a45ab498d3fbbb25ece27d6cd338b348742f8f03ca8bd126d4a5ffd0ded00,BGP2,44,FOS TAC,0.24,FOS/TAC,FOS/TAC,FOS TAC!K8,FOS TAC!K9,,False
heitkamp_2021,10.1186/s13068-021-02034-5,c60a45ab498d3fbbb25ece27d6cd338b348742f8f03ca8bd126d4a5ffd0ded00,BGP2,50,FOS TAC,0.24,FOS/TAC,FOS/TAC,FOS TAC!L8,FOS TAC!L9,,False
heitkamp_2021,10.1186/s13068-021-02034-5,c60a45ab498d3fbbb25ece27d6cd338b348742f8f03ca8bd126d4a5ffd0ded00,BGP2,70,FOS TAC,0.25,FOS/TAC,FOS/TAC,FOS TAC!M8,FOS TAC!M9,,False
heitkamp_2021,10.1186/s13068-021-02034-5,c60a45ab498d3fbbb25ece27d6cd338b348742f8f03ca8bd126d4a5ffd0ded00,BGP2,87,FOS TAC,0.27,FOS/TAC,FOS/TAC,FOS TAC!N8,FOS TAC!N9,,False
heitkamp_2021,10.1186/s13068-021-02034-5,c60a45ab498d3fbbb25ece27d6cd338b348742f8f03ca8bd126d4a5ffd0ded00,BGP2,127,FOS TAC,0.27,FOS/TAC,FOS/TAC,FOS TAC!O8,FOS TAC!O9,,False
heitkamp_2021,10.1186/s13068-021-02034-5,c60a45ab498d3fbbb25ece27d6cd338b348742f8f03ca8bd126d4a5ffd0ded00,BGP2,140,FOS TAC,0.22,FOS/TAC,FOS/TAC,FOS TAC!P8,FOS TAC!P9,,False
heitkamp_2021,10.1186/s13068-021-02034-5,c60a45ab498d3fbbb25ece27d6cd338b348742f8f03ca8bd126d4a5ffd0ded00,BGP2,190,FOS TAC,0.21,FOS/TAC,FOS/TAC,FOS TAC!Q8,FOS TAC!Q9,,False
heitkamp_2021,10.1186/s13068-021-02034-5,c60a45ab498d3fbbb25ece27d6cd338b348742f8f03ca8bd126d4a5ffd0ded00,BGP2,273,FOS TAC,0.18,FOS/TAC,FOS/TAC,FOS TAC!R8,FOS TAC!R9,,False
heitkamp_2021,10.1186/s13068-021-02034-5,c60a45ab498d3fbbb25ece27d6cd338b348742f8f03ca8bd126d4a5ffd0ded00,BGP2,315,FOS TAC,0.22,FOS/TAC,FOS/TAC,FOS TAC!S8,FOS TAC!S9,,False
heitkamp_2021,10.1186/s13068-021-02034-5,c60a45ab498d3fbbb25ece27d6cd338b348742f8f03ca8bd126d4a5ffd0ded00,BGP3,0,FOS TAC,0.33,FOS/TAC,FOS/TAC,FOS TAC!C12,FOS TAC!C13,,False
heitkamp_2021,10.1186/s13068-021-02034-5,c60a45ab498d3fbbb25ece27d6cd338b348742f8f03ca8bd126d4a5ffd0ded00,BGP3,178,FOS TAC,0.2,FOS/TAC,FOS/TAC,FOS TAC!D12,FOS TAC!D13,,False
heitkamp_2021,10.1186/s13068-021-02034-5,c60a45ab498d3fbbb25ece27d6cd338b348742f8f03ca8bd126d4a5ffd0ded00,BGP3,367,FOS TAC,0.22,FOS/TAC,FOS/TAC,FOS TAC!E12,FOS TAC!E13,,False
heitkamp_2021,10.1186/s13068-021-02034-5,c60a45ab498d3fbbb25ece27d6cd338b348742f8f03ca8bd126d4a5ffd0ded00,BGP4,0,FOS TAC,0.2,FOS/TAC,FOS/TAC,FOS TAC!C16,FOS TAC!C17,,False
heitkamp_2021,10.1186/s13068-021-02034-5,c60a45ab498d3fbbb25ece27d6cd338b348742f8f03ca8bd126d4a5ffd0ded00,BGP4,29,FOS TAC,0.21,FOS/TAC,FOS/TAC,FOS TAC!D16,FOS TAC!D17,,False
heitkamp_2021,10.1186/s13068-021-02034-5,c60a45ab498d3fbbb25ece27d6cd338b348742f8f03ca8bd126d4a5ffd0ded00,BGP4,42,FOS TAC,0.23,FOS/TAC,FOS/TAC,FOS TAC!E16,FOS TAC!E17,,False
heitkamp_2021,10.1186/s13068-021-02034-5,c60a45ab498d3fbbb25ece27d6cd338b348742f8f03ca8bd126d4a5ffd0ded00,BGP4,73,FOS TAC,0.21,FOS/TAC,FOS/TAC,FOS TAC!F16,FOS TAC!F17,,False
heitkamp_2021,10.1186/s13068-021-02034-5,c60a45ab498d3fbbb25ece27d6cd338b348742f8f03ca8bd126d4a5ffd0ded00,BGP4,114,FOS TAC,0.23,FOS/TAC,FOS/TAC,FOS TAC!G16,FOS TAC!G17,,False
heitkamp_2021,10.1186/s13068-021-02034-5,c60a45ab498d3fbbb25ece27d6cd338b348742f8f03ca8bd126d4a5ffd0ded00,BGP4,140,FOS TAC,0.22,FOS/TAC,FOS/TAC,FOS TAC!H16,FOS TAC!H17,,False
heitkamp_2021,10.1186/s13068-021-02034-5,c60a45ab498d3fbbb25ece27d6cd338b348742f8f03ca8bd126d4a5ffd0ded00,BGP4,169,FOS TAC,0.22,FOS/TAC,FOS/TAC,FOS TAC!I16,FOS TAC!I17,,False
heitkamp_2021,10.1186/s13068-021-02034-5,c60a45ab498d3fbbb25ece27d6cd338b348742f8f03ca8bd126d4a5ffd0ded00,BGP4,204,FOS TAC,0.26,FOS/TAC,FOS/TAC,FOS TAC!J16,FOS TAC!J17,,False
heitkamp_2021,10.1186/s13068-021-02034-5,c60a45ab498d3fbbb25ece27d6cd338b348742f8f03ca8bd126d4a5ffd0ded00,BGP4,238,FOS TAC,0.26,FOS/TAC,FOS/TAC,FOS TAC!K16,FOS TAC!K17,,False
heitkamp_2021,10.1186/s13068-021-02034-5,c60a45ab498d3fbbb25ece27d6cd338b348742f8f03ca8bd126d4a5ffd0ded00,BGP4,259,FOS TAC,0.24,FOS/TAC,FOS/TAC,FOS TAC!L16,FOS TAC!L17,,False
heitkamp_2021,10.1186/s13068-021-02034-5,c60a45ab498d3fbbb25ece27d6cd338b348742f8f03ca8bd126d4a5ffd0ded00,BGP4,288,FOS TAC,0.25,FOS/TAC,FOS/TAC,FOS TAC!M16,FOS TAC!M17,,False
heitkamp_2021,10.1186/s13068-021-02034-5,c60a45ab498d3fbbb25ece27d6cd338b348742f8f03ca8bd126d4a5ffd0ded00,BGP4,319,FOS TAC,0.23,FOS/TAC,FOS/TAC,FOS TAC!N16,FOS TAC!N17,,False
heitkamp_2021,10.1186/s13068-021-02034-5,c60a45ab498d3fbbb25ece27d6cd338b348742f8f03ca8bd126d4a5ffd0ded00,BGP4,354,FOS TAC,0.27,FOS/TAC,FOS/TAC,FOS TAC!O16,FOS TAC!O17,,False
heitkamp_2021,10.1186/s13068-021-02034-5,c60a45ab498d3fbbb25ece27d6cd338b348742f8f03ca8bd126d4a5ffd0ded00,BGP5,0,FOS TAC,0.22,FOS/TAC,FOS/TAC,FOS TAC!C20,FOS TAC!C21,,False
heitkamp_2021,10.1186/s13068-021-02034-5,c60a45ab498d3fbbb25ece27d6cd338b348742f8f03ca8bd126d4a5ffd0ded00,BGP5,50,FOS TAC,0.23,FOS/TAC,FOS/TAC,FOS TAC!D20,FOS TAC!D21,,False
heitkamp_2021,10.1186/s13068-021-02034-5,c60a45ab498d3fbbb25ece27d6cd338b348742f8f03ca8bd126d4a5ffd0ded00,BGP5,153,FOS TAC,0.23,FOS/TAC,FOS/TAC,FOS TAC!E20,FOS TAC!E21,,False
heitkamp_2021,10.1186/s13068-021-02034-5,c60a45ab498d3fbbb25ece27d6cd338b348742f8f03ca8bd126d4a5ffd0ded00,BGP6,0,FOS TAC,0.23,FOS/TAC,FOS/TAC,FOS TAC!C24,FOS TAC!C25,,False
heitkamp_2021,10.1186/s13068-021-02034-5,c60a45ab498d3fbbb25ece27d6cd338b348742f8f03ca8bd126d4a5ffd0ded00,BGP6,14,FOS TAC,0.20500000000000002,FOS/TAC,FOS/TAC,FOS TAC!D24,FOS TAC!D25,,False
heitkamp_2021,10.1186/s13068-021-02034-5,c60a45ab498d3fbbb25ece27d6cd338b348742f8f03ca8bd126d4a5ffd0ded00,BGP6,28,FOS TAC,0.22000000000000003,FOS/TAC,FOS/TAC,FOS TAC!E24,FOS TAC!E25,,False
heitkamp_2021,10.1186/s13068-021-02034-5,c60a45ab498d3fbbb25ece27d6cd338b348742f8f03ca8bd126d4a5ffd0ded00,BGP6,35,FOS TAC,0.23,FOS/TAC,FOS/TAC,FOS TAC!F24,FOS TAC!F25,,False
heitkamp_2021,10.1186/s13068-021-02034-5,c60a45ab498d3fbbb25ece27d6cd338b348742f8f03ca8bd126d4a5ffd0ded00,BGP6,48,FOS TAC,0.2175,FOS/TAC,FOS/TAC,FOS TAC!G24,FOS TAC!G25,,False
heitkamp_2021,10.1186/s13068-021-02034-5,c60a45ab498d3fbbb25ece27d6cd338b348742f8f03ca8bd126d4a5ffd0ded00,BGP6,77,FOS TAC,0.25,FOS/TAC,FOS/TAC,FOS TAC!H24,FOS TAC!H25,,False
heitkamp_2021,10.1186/s13068-021-02034-5,c60a45ab498d3fbbb25ece27d6cd338b348742f8f03ca8bd126d4a5ffd0ded00,BGP6,98,FOS TAC,0.23,FOS/TAC,FOS/TAC,FOS TAC!I24,FOS TAC!I25,,False
heitkamp_2021,10.1186/s13068-021-02034-5,c60a45ab498d3fbbb25ece27d6cd338b348742f8f03ca8bd126d4a5ffd0ded00,BGP6,106,FOS TAC,0.2,FOS/TAC,FOS/TAC,FOS TAC!J24,FOS TAC!J25,,False
heitkamp_2021,10.1186/s13068-021-02034-5,c60a45ab498d3fbbb25ece27d6cd338b348742f8f03ca8bd126d4a5ffd0ded00,BGP6,115,FOS TAC,0.21,FOS/TAC,FOS/TAC,FOS TAC!K24,FOS TAC!K25,,False
heitkamp_2021,10.1186/s13068-021-02034-5,c60a45ab498d3fbbb25ece27d6cd338b348742f8f03ca8bd126d4a5ffd0ded00,BGP6,130,FOS TAC,0.19,FOS/TAC,FOS/TAC,FOS TAC!L24,FOS TAC!L25,,False
heitkamp_2021,10.1186/s13068-021-02034-5,c60a45ab498d3fbbb25ece27d6cd338b348742f8f03ca8bd126d4a5ffd0ded00,BGP6,155,FOS TAC,0.215,FOS/TAC,FOS/TAC,FOS TAC!M24,FOS TAC!M25,,False
heitkamp_2021,10.1186/s13068-021-02034-5,c60a45ab498d3fbbb25ece27d6cd338b348742f8f03ca8bd126d4a5ffd0ded00,BGP6,175,FOS TAC,0.215,FOS/TAC,FOS/TAC,FOS TAC!N24,FOS TAC!N25,,False
heitkamp_2021,10.1186/s13068-021-02034-5,c60a45ab498d3fbbb25ece27d6cd338b348742f8f03ca8bd126d4a5ffd0ded00,BGP6,189,FOS TAC,0.22,FOS/TAC,FOS/TAC,FOS TAC!O24,FOS TAC!O25,,False
heitkamp_2021,10.1186/s13068-021-02034-5,c60a45ab498d3fbbb25ece27d6cd338b348742f8f03ca8bd126d4a5ffd0ded00,BGP6,197,FOS TAC,0.185,FOS/TAC,FOS/TAC,FOS TAC!P24,FOS TAC!P25,,False
heitkamp_2021,10.1186/s13068-021-02034-5,c60a45ab498d3fbbb25ece27d6cd338b348742f8f03ca8bd126d4a5ffd0ded00,BGP6,211,FOS TAC,0.24,FOS/TAC,FOS/TAC,FOS TAC!Q24,FOS TAC!Q25,,False
heitkamp_2021,10.1186/s13068-021-02034-5,c60a45ab498d3fbbb25ece27d6cd338b348742f8f03ca8bd126d4a5ffd0ded00,BGP6,225,FOS TAC,0.235,FOS/TAC,FOS/TAC,FOS TAC!R24,FOS TAC!R25,,False
heitkamp_2021,10.1186/s13068-021-02034-5,c60a45ab498d3fbbb25ece27d6cd338b348742f8f03ca8bd126d4a5ffd0ded00,BGP6,238,FOS TAC,0.21,FOS/TAC,FOS/TAC,FOS TAC!S24,FOS TAC!S25,,False
heitkamp_2021,10.1186/s13068-021-02034-5,c60a45ab498d3fbbb25ece27d6cd338b348742f8f03ca8bd126d4a5ffd0ded00,BGP6,252,FOS TAC,0.2,FOS/TAC,FOS/TAC,FOS TAC!T24,FOS TAC!T25,,False
heitkamp_2021,10.1186/s13068-021-02034-5,c60a45ab498d3fbbb25ece27d6cd338b348742f8f03ca8bd126d4a5ffd0ded00,BGP6,274,FOS TAC,0.23500000000000001,FOS/TAC,FOS/TAC,FOS TAC!U24,FOS TAC!U25,,False
heitkamp_2021,10.1186/s13068-021-02034-5,c60a45ab498d3fbbb25ece27d6cd338b348742f8f03ca8bd126d4a5ffd0ded00,BGP6,280,FOS TAC,0.215,FOS/TAC,FOS/TAC,FOS TAC!V24,FOS TAC!V25,,False
heitkamp_2021,10.1186/s13068-021-02034-5,c60a45ab498d3fbbb25ece27d6cd338b348742f8f03ca8bd126d4a5ffd0ded00,BGP6,288,FOS TAC,0.215,FOS/TAC,FOS/TAC,FOS TAC!W24,FOS TAC!W25,,False
heitkamp_2021,10.1186/s13068-021-02034-5,c60a45ab498d3fbbb25ece27d6cd338b348742f8f03ca8bd126d4a5ffd0ded00,BGP6,309,FOS TAC,0.37,FOS/TAC,FOS/TAC,FOS TAC!X24,FOS TAC!X25,,False
heitkamp_2021,10.1186/s13068-021-02034-5,c60a45ab498d3fbbb25ece27d6cd338b348742f8f03ca8bd126d4a5ffd0ded00,BGP7,0,FOS TAC,0.18,FOS/TAC,FOS/TAC,FOS TAC!C28,FOS TAC!C29,,False
heitkamp_2021,10.1186/s13068-021-02034-5,c60a45ab498d3fbbb25ece27d6cd338b348742f8f03ca8bd126d4a5ffd0ded00,BGP7,31,FOS TAC,0.19,FOS/TAC,FOS/TAC,FOS TAC!D28,FOS TAC!D29,,False
heitkamp_2021,10.1186/s13068-021-02034-5,c60a45ab498d3fbbb25ece27d6cd338b348742f8f03ca8bd126d4a5ffd0ded00,BGP7,49,FOS TAC,0.18,FOS/TAC,FOS/TAC,FOS TAC!E28,FOS TAC!E29,,False
heitkamp_2021,10.1186/s13068-021-02034-5,c60a45ab498d3fbbb25ece27d6cd338b348742f8f03ca8bd126d4a5ffd0ded00,BGP7,77,FOS TAC,0.18,FOS/TAC,FOS/TAC,FOS TAC!F28,FOS TAC!F29,,False
heitkamp_2021,10.1186/s13068-021-02034-5,c60a45ab498d3fbbb25ece27d6cd338b348742f8f03ca8bd126d4a5ffd0ded00,BGP7,91,FOS TAC,0.17,FOS/TAC,FOS/TAC,FOS TAC!G28,FOS TAC!G29,,False
heitkamp_2021,10.1186/s13068-021-02034-5,c60a45ab498d3fbbb25ece27d6cd338b348742f8f03ca8bd126d4a5ffd0ded00,BGP7,112,FOS TAC,0.16,FOS/TAC,FOS/TAC,FOS TAC!H28,FOS TAC!H29,,False
heitkamp_2021,10.1186/s13068-021-02034-5,c60a45ab498d3fbbb25ece27d6cd338b348742f8f03ca8bd126d4a5ffd0ded00,BGP7,147,FOS TAC,0.2,FOS/TAC,FOS/TAC,FOS TAC!I28,FOS TAC!I29,,False
heitkamp_2021,10.1186/s13068-021-02034-5,c60a45ab498d3fbbb25ece27d6cd338b348742f8f03ca8bd126d4a5ffd0ded00,BGP1,0,TS,10.8,Total solids [% of fresh biomass],%,TS!C4,TS!C5,,False
heitkamp_2021,10.1186/s13068-021-02034-5,c60a45ab498d3fbbb25ece27d6cd338b348742f8f03ca8bd126d4a5ffd0ded00,BGP1,6,TS,10.5,Total solids [% of fresh biomass],%,TS!D4,TS!D5,,False
heitkamp_2021,10.1186/s13068-021-02034-5,c60a45ab498d3fbbb25ece27d6cd338b348742f8f03ca8bd126d4a5ffd0ded00,BGP1,14,TS,12.4,Total solids [% of fresh biomass],%,TS!E4,TS!E5,,False
heitkamp_2021,10.1186/s13068-021-02034-5,c60a45ab498d3fbbb25ece27d6cd338b348742f8f03ca8bd126d4a5ffd0ded00,BGP1,34,TS,11.8,Total solids [% of fresh biomass],%,TS!F4,TS!F5,,False
heitkamp_2021,10.1186/s13068-021-02034-5,c60a45ab498d3fbbb25ece27d6cd338b348742f8f03ca8bd126d4a5ffd0ded00,BGP1,41,TS,9.5,Total solids [% of fresh biomass],%,TS!G4,TS!G5,,False
heitkamp_2021,10.1186/s13068-021-02034-5,c60a45ab498d3fbbb25ece27d6cd338b348742f8f03ca8bd126d4a5ffd0ded00,BGP1,55,TS,11,Total solids [% of fresh biomass],%,TS!H4,TS!H5,,False
heitkamp_2021,10.1186/s13068-021-02034-5,c60a45ab498d3fbbb25ece27d6cd338b348742f8f03ca8bd126d4a5ffd0ded00,BGP1,69,TS,11.55,Total solids [% of fresh biomass],%,TS!I4,TS!I5,,False
heitkamp_2021,10.1186/s13068-021-02034-5,c60a45ab498d3fbbb25ece27d6cd338b348742f8f03ca8bd126d4a5ffd0ded00,BGP1,83,TS,11.350000000000001,Total solids [% of fresh biomass],%,TS!J4,TS!J5,,False
heitkamp_2021,10.1186/s13068-021-02034-5,c60a45ab498d3fbbb25ece27d6cd338b348742f8f03ca8bd126d4a5ffd0ded00,BGP1,90,TS,11.4,Total solids [% of fresh biomass],%,TS!K4,TS!K5,,False
heitkamp_2021,10.1186/s13068-021-02034-5,c60a45ab498d3fbbb25ece27d6cd338b348742f8f03ca8bd126d4a5ffd0ded00,BGP1,97,TS,12.149999999999999,Total solids [% of fresh biomass],%,TS!L4,TS!L5,,False
heitkamp_2021,10.1186/s13068-021-02034-5,c60a45ab498d3fbbb25ece27d6cd338b348742f8f03ca8bd126d4a5ffd0ded00,BGP1,104,TS,12.25,Total solids [% of fresh biomass],%,TS!M4,TS!M5,,False
heitkamp_2021,10.1186/s13068-021-02034-5,c60a45ab498d3fbbb25ece27d6cd338b348742f8f03ca8bd126d4a5ffd0ded00,BGP1,111,TS,12.15,Total solids [% of fresh biomass],%,TS!N4,TS!N5,,False
heitkamp_2021,10.1186/s13068-021-02034-5,c60a45ab498d3fbbb25ece27d6cd338b348742f8f03ca8bd126d4a5ffd0ded00,BGP1,118,TS,12.5,Total solids [% of fresh biomass],%,TS!O4,TS!O5,,False
heitkamp_2021,10.1186/s13068-021-02034-5,c60a45ab498d3fbbb25ece27d6cd338b348742f8f03ca8bd126d4a5ffd0ded00,BGP1,132,TS,13.05,Total solids [% of fresh biomass],%,TS!P4,TS!P5,,False
heitkamp_2021,10.1186/s13068-021-02034-5,c60a45ab498d3fbbb25ece27d6cd338b348742f8f03ca8bd126d4a5ffd0ded00,BGP1,146,TS,12.55,Total solids [% of fresh biomass],%,TS!Q4,TS!Q5,,False
heitkamp_2021,10.1186/s13068-021-02034-5,c60a45ab498d3fbbb25ece27d6cd338b348742f8f03ca8bd126d4a5ffd0ded00,BGP1,153,TS,11.95,Total solids [% of fresh biomass],%,TS!R4,TS!R5,,False
heitkamp_2021,10.1186/s13068-021-02034-5,c60a45ab498d3fbbb25ece27d6cd338b348742f8f03ca8bd126d4a5ffd0ded00,BGP1,174,TS,12.5,Total solids [% of fresh biomass],%,TS!S4,TS!S5,,False
heitkamp_2021,10.1186/s13068-021-02034-5,c60a45ab498d3fbbb25ece27d6cd338b348742f8f03ca8bd126d4a5ffd0ded00,BGP1,188,TS,11.350000000000001,Total solids [% of fresh biomass],%,TS!T4,TS!T5,,False
heitkamp_2021,10.1186/s13068-021-02034-5,c60a45ab498d3fbbb25ece27d6cd338b348742f8f03ca8bd126d4a5ffd0ded00,BGP1,209,TS,12.8,Total solids [% of fresh biomass],%,TS!U4,TS!U5,,False
heitkamp_2021,10.1186/s13068-021-02034-5,c60a45ab498d3fbbb25ece27d6cd338b348742f8f03ca8bd126d4a5ffd0ded00,BGP1,223,TS,12.5,Total solids [% of fresh biomass],%,TS!V4,TS!V5,,False
heitkamp_2021,10.1186/s13068-021-02034-5,c60a45ab498d3fbbb25ece27d6cd338b348742f8f03ca8bd126d4a5ffd0ded00,BGP1,237,TS,12.35,Total solids [% of fresh biomass],%,TS!W4,TS!W5,,False
heitkamp_2021,10.1186/s13068-021-02034-5,c60a45ab498d3fbbb25ece27d6cd338b348742f8f03ca8bd126d4a5ffd0ded00,BGP1,272,TS,11.5,Total solids [% of fresh biomass],%,TS!X4,TS!X5,,False
heitkamp_2021,10.1186/s13068-021-02034-5,c60a45ab498d3fbbb25ece27d6cd338b348742f8f03ca8bd126d4a5ffd0ded00,BGP1,280,TS,11.600000000000001,Total solids [% of fresh biomass],%,TS!Y4,TS!Y5,,False
heitkamp_2021,10.1186/s13068-021-02034-5,c60a45ab498d3fbbb25ece27d6cd338b348742f8f03ca8bd126d4a5ffd0ded00,BGP1,300,TS,11.95,Total solids [% of fresh biomass],%,TS!Z4,TS!Z5,,False
heitkamp_2021,10.1186/s13068-021-02034-5,c60a45ab498d3fbbb25ece27d6cd338b348742f8f03ca8bd126d4a5ffd0ded00,BGP1,328,TS,11.149999999999999,Total solids [% of fresh biomass],%,TS!AA4,TS!AA5,,False
heitkamp_2021,10.1186/s13068-021-02034-5,c60a45ab498d3fbbb25ece27d6cd338b348742f8f03ca8bd126d4a5ffd0ded00,BGP1,359,TS,11.25,Total solids [% of fresh biomass],%,TS!AB4,TS!AB5,,False
heitkamp_2021,10.1186/s13068-021-02034-5,c60a45ab498d3fbbb25ece27d6cd338b348742f8f03ca8bd126d4a5ffd0ded00,BGP2,0,TS,16.1,Total solids [% of fresh biomass],%,TS!C8,TS!C9,,False
heitkamp_2021,10.1186/s13068-021-02034-5,c60a45ab498d3fbbb25ece27d6cd338b348742f8f03ca8bd126d4a5ffd0ded00,BGP2,16,TS,16.1,Total solids [% of fresh biomass],%,TS!D8,TS!D9,,False
heitkamp_2021,10.1186/s13068-021-02034-5,c60a45ab498d3fbbb25ece27d6cd338b348742f8f03ca8bd126d4a5ffd0ded00,BGP2,17,TS,16.1,Total solids [% of fresh biomass],%,TS!E8,TS!E9,,False
heitkamp_2021,10.1186/s13068-021-02034-5,c60a45ab498d3fbbb25ece27d6cd338b348742f8f03ca8bd126d4a5ffd0ded00,BGP2,19,TS,15.2,Total solids [% of fresh biomass],%,TS!F8,TS!F9,,False
heitkamp_2021,10.1186/s13068-021-02034-5,c60a45ab498d3fbbb25ece27d6cd338b348742f8f03ca8bd126d4a5ffd0ded00,BGP2,21,TS,15.4,Total solids [% of fresh biomass],%,TS!G8,TS!G9,,False
heitkamp_2021,10.1186/s13068-021-02034-5,c60a45ab498d3fbbb25ece27d6cd338b348742f8f03ca8bd126d4a5ffd0ded00,BGP2,28,TS,15.2,Total solids [% of fresh biomass],%,TS!H8,TS!H9,,False
heitkamp_2021,10.1186/s13068-021-02034-5,c60a45ab498d3fbbb25ece27d6cd338b348742f8f03ca8bd126d4a5ffd0ded00,BGP2,32,TS,15.9,Total solids [% of fresh biomass],%,TS!I8,TS!I9,,False
heitkamp_2021,10.1186/s13068-021-02034-5,c60a45ab498d3fbbb25ece27d6cd338b348742f8f03ca8bd126d4a5ffd0ded00,BGP2,42,TS,15.2,Total solids [% of fresh biomass],%,TS!J8,TS!J9,,False
heitkamp_2021,10.1186/s13068-021-02034-5,c60a45ab498d3fbbb25ece27d6cd338b348742f8f03ca8bd126d4a5ffd0ded00,BGP2,44,TS,14.7,Total solids [% of fresh biomass],%,TS!K8,TS!K9,,False
heitkamp_2021,10.1186/s13068-021-02034-5,c60a45ab498d3fbbb25ece27d6cd338b348742f8f03ca8bd126d4a5ffd0ded00,BGP2,50,TS,14.3,Total solids [% of fresh biomass],%,TS!L8,TS!L9,,False
heitkamp_2021,10.1186/s13068-021-02034-5,c60a45ab498d3fbbb25ece27d6cd338b348742f8f03ca8bd126d4a5ffd0ded00,BGP2,70,TS,15.1,Total solids [% of fresh biomass],%,TS!M8,TS!M9,,False
heitkamp_2021,10.1186/s13068-021-02034-5,c60a45ab498d3fbbb25ece27d6cd338b348742f8f03ca8bd126d4a5ffd0ded00,BGP2,87,TS,14.4,Total solids [% of fresh biomass],%,TS!N8,TS!N9,,False
heitkamp_2021,10.1186/s13068-021-02034-5,c60a45ab498d3fbbb25ece27d6cd338b348742f8f03ca8bd126d4a5ffd0ded00,BGP2,127,TS,14.6,Total solids [% of fresh biomass],%,TS!O8,TS!O9,,False
heitkamp_2021,10.1186/s13068-021-02034-5,c60a45ab498d3fbbb25ece27d6cd338b348742f8f03ca8bd126d4a5ffd0ded00,BGP2,140,TS,13.8,Total solids [% of fresh biomass],%,TS!P8,TS!P9,,False
heitkamp_2021,10.1186/s13068-021-02034-5,c60a45ab498d3fbbb25ece27d6cd338b348742f8f03ca8bd126d4a5ffd0ded00,BGP2,190,TS,14.1,Total solids [% of fresh biomass],%,TS!Q8,TS!Q9,,False
heitkamp_2021,10.1186/s13068-021-02034-5,c60a45ab498d3fbbb25ece27d6cd338b348742f8f03ca8bd126d4a5ffd0ded00,BGP2,273,TS,15.2,Total solids [% of fresh biomass],%,TS!R8,TS!R9,,False
heitkamp_2021,10.1186/s13068-021-02034-5,c60a45ab498d3fbbb25ece27d6cd338b348742f8f03ca8bd126d4a5ffd0ded00,BGP2,315,TS,15.9,Total solids [% of fresh biomass],%,TS!S8,TS!S9,,False
heitkamp_2021,10.1186/s13068-021-02034-5,c60a45ab498d3fbbb25ece27d6cd338b348742f8f03ca8bd126d4a5ffd0ded00,BGP3,0,TS,10.9,Total solids [% of fresh biomass],%,TS!C12,TS!C13,,False
heitkamp_2021,10.1186/s13068-021-02034-5,c60a45ab498d3fbbb25ece27d6cd338b348742f8f03ca8bd126d4a5ffd0ded00,BGP3,178,TS,9.8,Total solids [% of fresh biomass],%,TS!D12,TS!D13,,False
heitkamp_2021,10.1186/s13068-021-02034-5,c60a45ab498d3fbbb25ece27d6cd338b348742f8f03ca8bd126d4a5ffd0ded00,BGP3,367,TS,8.3,Total solids [% of fresh biomass],%,TS!E12,TS!E13,,False
heitkamp_2021,10.1186/s13068-021-02034-5,c60a45ab498d3fbbb25ece27d6cd338b348742f8f03ca8bd126d4a5ffd0ded00,BGP4,0,TS,9.9,Total solids [% of fresh biomass],%,TS!C16,TS!C17,,False
heitkamp_2021,10.1186/s13068-021-02034-5,c60a45ab498d3fbbb25ece27d6cd338b348742f8f03ca8bd126d4a5ffd0ded00,BGP4,29,TS,9.6,Total solids [% of fresh biomass],%,TS!D16,TS!D17,,False
heitkamp_2021,10.1186/s13068-021-02034-5,c60a45ab498d3fbbb25ece27d6cd338b348742f8f03ca8bd126d4a5ffd0ded00,BGP4,42,TS,9.4,Total solids [% of fresh biomass],%,TS!E16,TS!E17,,False
heitkamp_2021,10.1186/s13068-021-02034-5,c60a45ab498d3fbbb25ece27d6cd338b348742f8f03ca8bd126d4a5ffd0ded00,BGP4,73,TS,10.5,Total solids [% of fresh biomass],%,TS!F16,TS!F17,,False
heitkamp_2021,10.1186/s13068-021-02034-5,c60a45ab498d3fbbb25ece27d6cd338b348742f8f03ca8bd126d4a5ffd0ded00,BGP4,114,TS,11.5,Total solids [% of fresh biomass],%,TS!G16,TS!G17,,False
heitkamp_2021,10.1186/s13068-021-02034-5,c60a45ab498d3fbbb25ece27d6cd338b348742f8f03ca8bd126d4a5ffd0ded00,BGP4,140,TS,11.9,Total solids [% of fresh biomass],%,TS!H16,TS!H17,,False
heitkamp_2021,10.1186/s13068-021-02034-5,c60a45ab498d3fbbb25ece27d6cd338b348742f8f03ca8bd126d4a5ffd0ded00,BGP4,169,TS,11.1,Total solids [% of fresh biomass],%,TS!I16,TS!I17,,False
heitkamp_2021,10.1186/s13068-021-02034-5,c60a45ab498d3fbbb25ece27d6cd338b348742f8f03ca8bd126d4a5ffd0ded00,BGP4,204,TS,10.9,Total solids [% of fresh biomass],%,TS!J16,TS!J17,,False
heitkamp_2021,10.1186/s13068-021-02034-5,c60a45ab498d3fbbb25ece27d6cd338b348742f8f03ca8bd126d4a5ffd0ded00,BGP4,238,TS,10.6,Total solids [% of fresh biomass],%,TS!K16,TS!K17,,False
heitkamp_2021,10.1186/s13068-021-02034-5,c60a45ab498d3fbbb25ece27d6cd338b348742f8f03ca8bd126d4a5ffd0ded00,BGP4,259,TS,9.6,Total solids [% of fresh biomass],%,TS!L16,TS!L17,,False
heitkamp_2021,10.1186/s13068-021-02034-5,c60a45ab498d3fbbb25ece27d6cd338b348742f8f03ca8bd126d4a5ffd0ded00,BGP4,288,TS,9.3,Total solids [% of fresh biomass],%,TS!M16,TS!M17,,False
heitkamp_2021,10.1186/s13068-021-02034-5,c60a45ab498d3fbbb25ece27d6cd338b348742f8f03ca8bd126d4a5ffd0ded00,BGP4,319,TS,9.5,Total solids [% of fresh biomass],%,TS!N16,TS!N17,,False
heitkamp_2021,10.1186/s13068-021-02034-5,c60a45ab498d3fbbb25ece27d6cd338b348742f8f03ca8bd126d4a5ffd0ded00,BGP4,354,TS,10.2,Total solids [% of fresh biomass],%,TS!O16,TS!O17,,False
heitkamp_2021,10.1186/s13068-021-02034-5,c60a45ab498d3fbbb25ece27d6cd338b348742f8f03ca8bd126d4a5ffd0ded00,BGP5,0,TS,19.9,Total solids [% of fresh biomass],%,TS!C20,TS!C21,,False
heitkamp_2021,10.1186/s13068-021-02034-5,c60a45ab498d3fbbb25ece27d6cd338b348742f8f03ca8bd126d4a5ffd0ded00,BGP5,50,TS,17.9,Total solids [% of fresh biomass],%,TS!D20,TS!D21,,False
heitkamp_2021,10.1186/s13068-021-02034-5,c60a45ab498d3fbbb25ece27d6cd338b348742f8f03ca8bd126d4a5ffd0ded00,BGP5,153,TS,12.3,Total solids [% of fresh biomass],%,TS!E20,TS!E21,,False
heitkamp_2021,10.1186/s13068-021-02034-5,c60a45ab498d3fbbb25ece27d6cd338b348742f8f03ca8bd126d4a5ffd0ded00,BGP6,0,TS,14,Total solids [% of fresh biomass],%,TS!C24,TS!C25,,False
heitkamp_2021,10.1186/s13068-021-02034-5,c60a45ab498d3fbbb25ece27d6cd338b348742f8f03ca8bd126d4a5ffd0ded00,BGP6,14,TS,14.5,Total solids [% of fresh biomass],%,TS!D24,TS!D25,,False
heitkamp_2021,10.1186/s13068-021-02034-5,c60a45ab498d3fbbb25ece27d6cd338b348742f8f03ca8bd126d4a5ffd0ded00,BGP6,28,TS,14.8,Total solids [% of fresh biomass],%,TS!E24,TS!E25,,False
heitkamp_2021,10.1186/s13068-021-02034-5,c60a45ab498d3fbbb25ece27d6cd338b348742f8f03ca8bd126d4a5ffd0ded00,BGP6,35,TS,14.3,Total solids [% of fresh biomass],%,TS!F24,TS!F25,,False
heitkamp_2021,10.1186/s13068-021-02034-5,c60a45ab498d3fbbb25ece27d6cd338b348742f8f03ca8bd126d4a5ffd0ded00,BGP6,48,TS,15.05,Total solids [% of fresh biomass],%,TS!G24,TS!G25,,False
heitkamp_2021,10.1186/s13068-021-02034-5,c60a45ab498d3fbbb25ece27d6cd338b348742f8f03ca8bd126d4a5ffd0ded00,BGP6,77,TS,14.850000000000001,Total solids [% of fresh biomass],%,TS!H24,TS!H25,,False
heitkamp_2021,10.1186/s13068-021-02034-5,c60a45ab498d3fbbb25ece27d6cd338b348742f8f03ca8bd126d4a5ffd0ded00,BGP6,98,TS,13.8,Total solids [% of fresh biomass],%,TS!I24,TS!I25,,False
heitkamp_2021,10.1186/s13068-021-02034-5,c60a45ab498d3fbbb25ece27d6cd338b348742f8f03ca8bd126d4a5ffd0ded00,BGP6,106,TS,13.2,Total solids [% of fresh biomass],%,TS!J24,TS!J25,,False
heitkamp_2021,10.1186/s13068-021-02034-5,c60a45ab498d3fbbb25ece27d6cd338b348742f8f03ca8bd126d4a5ffd0ded00,BGP6,115,TS,13.5,Total solids [% of fresh biomass],%,TS!K24,TS!K25,,False
heitkamp_2021,10.1186/s13068-021-02034-5,c60a45ab498d3fbbb25ece27d6cd338b348742f8f03ca8bd126d4a5ffd0ded00,BGP6,130,TS,12.6,Total solids [% of fresh biomass],%,TS!L24,TS!L25,,False
heitkamp_2021,10.1186/s13068-021-02034-5,c60a45ab498d3fbbb25ece27d6cd338b348742f8f03ca8bd126d4a5ffd0ded00,BGP6,155,TS,13.4,Total solids [% of fresh biomass],%,TS!M24,TS!M25,,False
heitkamp_2021,10.1186/s13068-021-02034-5,c60a45ab498d3fbbb25ece27d6cd338b348742f8f03ca8bd126d4a5ffd0ded00,BGP6,175,TS,14.35,Total solids [% of fresh biomass],%,TS!N24,TS!N25,,False
heitkamp_2021,10.1186/s13068-021-02034-5,c60a45ab498d3fbbb25ece27d6cd338b348742f8f03ca8bd126d4a5ffd0ded00,BGP6,189,TS,12.8,Total solids [% of fresh biomass],%,TS!O24,TS!O25,,False
heitkamp_2021,10.1186/s13068-021-02034-5,c60a45ab498d3fbbb25ece27d6cd338b348742f8f03ca8bd126d4a5ffd0ded00,BGP6,197,TS,11.45,Total solids [% of fresh biomass],%,TS!P24,TS!P25,,False
heitkamp_2021,10.1186/s13068-021-02034-5,c60a45ab498d3fbbb25ece27d6cd338b348742f8f03ca8bd126d4a5ffd0ded00,BGP6,211,TS,13.25,Total solids [% of fresh biomass],%,TS!Q24,TS!Q25,,False
heitkamp_2021,10.1186/s13068-021-02034-5,c60a45ab498d3fbbb25ece27d6cd338b348742f8f03ca8bd126d4a5ffd0ded00,BGP6,225,TS,13.7,Total solids [% of fresh biomass],%,TS!R24,TS!R25,,False
heitkamp_2021,10.1186/s13068-021-02034-5,c60a45ab498d3fbbb25ece27d6cd338b348742f8f03ca8bd126d4a5ffd0ded00,BGP6,238,TS,13.4,Total solids [% of fresh biomass],%,TS!S24,TS!S25,,False
heitkamp_2021,10.1186/s13068-021-02034-5,c60a45ab498d3fbbb25ece27d6cd338b348742f8f03ca8bd126d4a5ffd0ded00,BGP6,252,TS,13.5,Total solids [% of fresh biomass],%,TS!T24,TS!T25,,False
heitkamp_2021,10.1186/s13068-021-02034-5,c60a45ab498d3fbbb25ece27d6cd338b348742f8f03ca8bd126d4a5ffd0ded00,BGP6,274,TS,14.850000000000001,Total solids [% of fresh biomass],%,TS!U24,TS!U25,,False
heitkamp_2021,10.1186/s13068-021-02034-5,c60a45ab498d3fbbb25ece27d6cd338b348742f8f03ca8bd126d4a5ffd0ded00,BGP6,280,TS,14.95,Total solids [% of fresh biomass],%,TS!V24,TS!V25,,False
heitkamp_2021,10.1186/s13068-021-02034-5,c60a45ab498d3fbbb25ece27d6cd338b348742f8f03ca8bd126d4a5ffd0ded00,BGP6,288,TS,16.85,Total solids [% of fresh biomass],%,TS!W24,TS!W25,,False
heitkamp_2021,10.1186/s13068-021-02034-5,c60a45ab498d3fbbb25ece27d6cd338b348742f8f03ca8bd126d4a5ffd0ded00,BGP6,309,TS,16.35,Total solids [% of fresh biomass],%,TS!X24,TS!X25,,False
heitkamp_2021,10.1186/s13068-021-02034-5,c60a45ab498d3fbbb25ece27d6cd338b348742f8f03ca8bd126d4a5ffd0ded00,BGP7,0,TS,7.2,Total solids [% of fresh biomass],%,TS!C28,TS!C29,,False
heitkamp_2021,10.1186/s13068-021-02034-5,c60a45ab498d3fbbb25ece27d6cd338b348742f8f03ca8bd126d4a5ffd0ded00,BGP7,31,TS,8,Total solids [% of fresh biomass],%,TS!D28,TS!D29,,False
heitkamp_2021,10.1186/s13068-021-02034-5,c60a45ab498d3fbbb25ece27d6cd338b348742f8f03ca8bd126d4a5ffd0ded00,BGP7,49,TS,7.5,Total solids [% of fresh biomass],%,TS!E28,TS!E29,,False
heitkamp_2021,10.1186/s13068-021-02034-5,c60a45ab498d3fbbb25ece27d6cd338b348742f8f03ca8bd126d4a5ffd0ded00,BGP7,77,TS,7.2,Total solids [% of fresh biomass],%,TS!F28,TS!F29,,False
heitkamp_2021,10.1186/s13068-021-02034-5,c60a45ab498d3fbbb25ece27d6cd338b348742f8f03ca8bd126d4a5ffd0ded00,BGP7,91,TS,7.4,Total solids [% of fresh biomass],%,TS!G28,TS!G29,,False
heitkamp_2021,10.1186/s13068-021-02034-5,c60a45ab498d3fbbb25ece27d6cd338b348742f8f03ca8bd126d4a5ffd0ded00,BGP7,112,TS,7.5,Total solids [% of fresh biomass],%,TS!H28,TS!H29,,False
heitkamp_2021,10.1186/s13068-021-02034-5,c60a45ab498d3fbbb25ece27d6cd338b348742f8f03ca8bd126d4a5ffd0ded00,BGP7,147,TS,9.5,Total solids [% of fresh biomass],%,TS!I28,TS!I29,,False
heitkamp_2021,10.1186/s13068-021-02034-5,c60a45ab498d3fbbb25ece27d6cd338b348742f8f03ca8bd126d4a5ffd0ded00,BGP1,0,VS,7.7,Volatile solids [% of fresh biomass],%,VS!C4,VS!C5,workbook_fresh_biomass_vs_article_TS_basis_conflict,False
heitkamp_2021,10.1186/s13068-021-02034-5,c60a45ab498d3fbbb25ece27d6cd338b348742f8f03ca8bd126d4a5ffd0ded00,BGP1,6,VS,7.5,Volatile solids [% of fresh biomass],%,VS!D4,VS!D5,workbook_fresh_biomass_vs_article_TS_basis_conflict,False
heitkamp_2021,10.1186/s13068-021-02034-5,c60a45ab498d3fbbb25ece27d6cd338b348742f8f03ca8bd126d4a5ffd0ded00,BGP1,14,VS,9,Volatile solids [% of fresh biomass],%,VS!E4,VS!E5,workbook_fresh_biomass_vs_article_TS_basis_conflict,False
heitkamp_2021,10.1186/s13068-021-02034-5,c60a45ab498d3fbbb25ece27d6cd338b348742f8f03ca8bd126d4a5ffd0ded00,BGP1,34,VS,8.3,Volatile solids [% of fresh biomass],%,VS!F4,VS!F5,workbook_fresh_biomass_vs_article_TS_basis_conflict,False
heitkamp_2021,10.1186/s13068-021-02034-5,c60a45ab498d3fbbb25ece27d6cd338b348742f8f03ca8bd126d4a5ffd0ded00,BGP1,41,VS,6.6,Volatile solids [% of fresh biomass],%,VS!G4,VS!G5,workbook_fresh_biomass_vs_article_TS_basis_conflict,False
heitkamp_2021,10.1186/s13068-021-02034-5,c60a45ab498d3fbbb25ece27d6cd338b348742f8f03ca8bd126d4a5ffd0ded00,BGP1,55,VS,7.449999999999999,Volatile solids [% of fresh biomass],%,VS!H4,VS!H5,workbook_fresh_biomass_vs_article_TS_basis_conflict,False
heitkamp_2021,10.1186/s13068-021-02034-5,c60a45ab498d3fbbb25ece27d6cd338b348742f8f03ca8bd126d4a5ffd0ded00,BGP1,69,VS,8.05,Volatile solids [% of fresh biomass],%,VS!I4,VS!I5,workbook_fresh_biomass_vs_article_TS_basis_conflict,False
heitkamp_2021,10.1186/s13068-021-02034-5,c60a45ab498d3fbbb25ece27d6cd338b348742f8f03ca8bd126d4a5ffd0ded00,BGP1,83,VS,8.05,Volatile solids [% of fresh biomass],%,VS!J4,VS!J5,workbook_fresh_biomass_vs_article_TS_basis_conflict,False
heitkamp_2021,10.1186/s13068-021-02034-5,c60a45ab498d3fbbb25ece27d6cd338b348742f8f03ca8bd126d4a5ffd0ded00,BGP1,90,VS,8.15,Volatile solids [% of fresh biomass],%,VS!K4,VS!K5,workbook_fresh_biomass_vs_article_TS_basis_conflict,False
heitkamp_2021,10.1186/s13068-021-02034-5,c60a45ab498d3fbbb25ece27d6cd338b348742f8f03ca8bd126d4a5ffd0ded00,BGP1,97,VS,8.649999999999999,Volatile solids [% of fresh biomass],%,VS!L4,VS!L5,workbook_fresh_biomass_vs_article_TS_basis_conflict,False
heitkamp_2021,10.1186/s13068-021-02034-5,c60a45ab498d3fbbb25ece27d6cd338b348742f8f03ca8bd126d4a5ffd0ded00,BGP1,104,VS,8.65,Volatile solids [% of fresh biomass],%,VS!M4,VS!M5,workbook_fresh_biomass_vs_article_TS_basis_conflict,False
heitkamp_2021,10.1186/s13068-021-02034-5,c60a45ab498d3fbbb25ece27d6cd338b348742f8f03ca8bd126d4a5ffd0ded00,BGP1,111,VS,8.7,Volatile solids [% of fresh biomass],%,VS!N4,VS!N5,workbook_fresh_biomass_vs_article_TS_basis_conflict,False
heitkamp_2021,10.1186/s13068-021-02034-5,c60a45ab498d3fbbb25ece27d6cd338b348742f8f03ca8bd126d4a5ffd0ded00,BGP1,118,VS,8.7,Volatile solids [% of fresh biomass],%,VS!O4,VS!O5,workbook_fresh_biomass_vs_article_TS_basis_conflict,False
heitkamp_2021,10.1186/s13068-021-02034-5,c60a45ab498d3fbbb25ece27d6cd338b348742f8f03ca8bd126d4a5ffd0ded00,BGP1,132,VS,9.55,Volatile solids [% of fresh biomass],%,VS!P4,VS!P5,workbook_fresh_biomass_vs_article_TS_basis_conflict,False
heitkamp_2021,10.1186/s13068-021-02034-5,c60a45ab498d3fbbb25ece27d6cd338b348742f8f03ca8bd126d4a5ffd0ded00,BGP1,146,VS,8.899999999999999,Volatile solids [% of fresh biomass],%,VS!Q4,VS!Q5,workbook_fresh_biomass_vs_article_TS_basis_conflict,False
heitkamp_2021,10.1186/s13068-021-02034-5,c60a45ab498d3fbbb25ece27d6cd338b348742f8f03ca8bd126d4a5ffd0ded00,BGP1,153,VS,8.45,Volatile solids [% of fresh biomass],%,VS!R4,VS!R5,workbook_fresh_biomass_vs_article_TS_basis_conflict,False
heitkamp_2021,10.1186/s13068-021-02034-5,c60a45ab498d3fbbb25ece27d6cd338b348742f8f03ca8bd126d4a5ffd0ded00,BGP1,174,VS,8.65,Volatile solids [% of fresh biomass],%,VS!S4,VS!S5,workbook_fresh_biomass_vs_article_TS_basis_conflict,False
heitkamp_2021,10.1186/s13068-021-02034-5,c60a45ab498d3fbbb25ece27d6cd338b348742f8f03ca8bd126d4a5ffd0ded00,BGP1,188,VS,7.8999999999999995,Volatile solids [% of fresh biomass],%,VS!T4,VS!T5,workbook_fresh_biomass_vs_article_TS_basis_conflict,False
heitkamp_2021,10.1186/s13068-021-02034-5,c60a45ab498d3fbbb25ece27d6cd338b348742f8f03ca8bd126d4a5ffd0ded00,BGP1,209,VS,8.95,Volatile solids [% of fresh biomass],%,VS!U4,VS!U5,workbook_fresh_biomass_vs_article_TS_basis_conflict,False
heitkamp_2021,10.1186/s13068-021-02034-5,c60a45ab498d3fbbb25ece27d6cd338b348742f8f03ca8bd126d4a5ffd0ded00,BGP1,223,VS,8.6,Volatile solids [% of fresh biomass],%,VS!V4,VS!V5,workbook_fresh_biomass_vs_article_TS_basis_conflict,False
heitkamp_2021,10.1186/s13068-021-02034-5,c60a45ab498d3fbbb25ece27d6cd338b348742f8f03ca8bd126d4a5ffd0ded00,BGP1,237,VS,8.65,Volatile solids [% of fresh biomass],%,VS!W4,VS!W5,workbook_fresh_biomass_vs_article_TS_basis_conflict,False
heitkamp_2021,10.1186/s13068-021-02034-5,c60a45ab498d3fbbb25ece27d6cd338b348742f8f03ca8bd126d4a5ffd0ded00,BGP1,272,VS,8.149999999999999,Volatile solids [% of fresh biomass],%,VS!X4,VS!X5,workbook_fresh_biomass_vs_article_TS_basis_conflict,False
heitkamp_2021,10.1186/s13068-021-02034-5,c60a45ab498d3fbbb25ece27d6cd338b348742f8f03ca8bd126d4a5ffd0ded00,BGP1,280,VS,8.3,Volatile solids [% of fresh biomass],%,VS!Y4,VS!Y5,workbook_fresh_biomass_vs_article_TS_basis_conflict,False
heitkamp_2021,10.1186/s13068-021-02034-5,c60a45ab498d3fbbb25ece27d6cd338b348742f8f03ca8bd126d4a5ffd0ded00,BGP1,300,VS,8.55,Volatile solids [% of fresh biomass],%,VS!Z4,VS!Z5,workbook_fresh_biomass_vs_article_TS_basis_conflict,False
heitkamp_2021,10.1186/s13068-021-02034-5,c60a45ab498d3fbbb25ece27d6cd338b348742f8f03ca8bd126d4a5ffd0ded00,BGP1,328,VS,8.05,Volatile solids [% of fresh biomass],%,VS!AA4,VS!AA5,workbook_fresh_biomass_vs_article_TS_basis_conflict,False
heitkamp_2021,10.1186/s13068-021-02034-5,c60a45ab498d3fbbb25ece27d6cd338b348742f8f03ca8bd126d4a5ffd0ded00,BGP1,359,VS,8.25,Volatile solids [% of fresh biomass],%,VS!AB4,VS!AB5,workbook_fresh_biomass_vs_article_TS_basis_conflict,False
heitkamp_2021,10.1186/s13068-021-02034-5,c60a45ab498d3fbbb25ece27d6cd338b348742f8f03ca8bd126d4a5ffd0ded00,BGP2,0,VS,11.5,Volatile solids [% of fresh biomass],%,VS!C8,VS!C9,workbook_fresh_biomass_vs_article_TS_basis_conflict,False
heitkamp_2021,10.1186/s13068-021-02034-5,c60a45ab498d3fbbb25ece27d6cd338b348742f8f03ca8bd126d4a5ffd0ded00,BGP2,16,VS,11.5,Volatile solids [% of fresh biomass],%,VS!D8,VS!D9,workbook_fresh_biomass_vs_article_TS_basis_conflict,False
heitkamp_2021,10.1186/s13068-021-02034-5,c60a45ab498d3fbbb25ece27d6cd338b348742f8f03ca8bd126d4a5ffd0ded00,BGP2,17,VS,11.6,Volatile solids [% of fresh biomass],%,VS!E8,VS!E9,workbook_fresh_biomass_vs_article_TS_basis_conflict,False
heitkamp_2021,10.1186/s13068-021-02034-5,c60a45ab498d3fbbb25ece27d6cd338b348742f8f03ca8bd126d4a5ffd0ded00,BGP2,19,VS,10.9,Volatile solids [% of fresh biomass],%,VS!F8,VS!F9,workbook_fresh_biomass_vs_article_TS_basis_conflict,False
heitkamp_2021,10.1186/s13068-021-02034-5,c60a45ab498d3fbbb25ece27d6cd338b348742f8f03ca8bd126d4a5ffd0ded00,BGP2,21,VS,11.3,Volatile solids [% of fresh biomass],%,VS!G8,VS!G9,workbook_fresh_biomass_vs_article_TS_basis_conflict,False
heitkamp_2021,10.1186/s13068-021-02034-5,c60a45ab498d3fbbb25ece27d6cd338b348742f8f03ca8bd126d4a5ffd0ded00,BGP2,28,VS,11,Volatile solids [% of fresh biomass],%,VS!H8,VS!H9,workbook_fresh_biomass_vs_article_TS_basis_conflict,False
heitkamp_2021,10.1186/s13068-021-02034-5,c60a45ab498d3fbbb25ece27d6cd338b348742f8f03ca8bd126d4a5ffd0ded00,BGP2,32,VS,11.2,Volatile solids [% of fresh biomass],%,VS!I8,VS!I9,workbook_fresh_biomass_vs_article_TS_basis_conflict,False
heitkamp_2021,10.1186/s13068-021-02034-5,c60a45ab498d3fbbb25ece27d6cd338b348742f8f03ca8bd126d4a5ffd0ded00,BGP2,42,VS,10.8,Volatile solids [% of fresh biomass],%,VS!J8,VS!J9,workbook_fresh_biomass_vs_article_TS_basis_conflict,False
heitkamp_2021,10.1186/s13068-021-02034-5,c60a45ab498d3fbbb25ece27d6cd338b348742f8f03ca8bd126d4a5ffd0ded00,BGP2,44,VS,10.5,Volatile solids [% of fresh biomass],%,VS!K8,VS!K9,workbook_fresh_biomass_vs_article_TS_basis_conflict,False
heitkamp_2021,10.1186/s13068-021-02034-5,c60a45ab498d3fbbb25ece27d6cd338b348742f8f03ca8bd126d4a5ffd0ded00,BGP2,50,VS,10.4,Volatile solids [% of fresh biomass],%,VS!L8,VS!L9,workbook_fresh_biomass_vs_article_TS_basis_conflict,False
heitkamp_2021,10.1186/s13068-021-02034-5,c60a45ab498d3fbbb25ece27d6cd338b348742f8f03ca8bd126d4a5ffd0ded00,BGP2,70,VS,10.9,Volatile solids [% of fresh biomass],%,VS!M8,VS!M9,workbook_fresh_biomass_vs_article_TS_basis_conflict,False
heitkamp_2021,10.1186/s13068-021-02034-5,c60a45ab498d3fbbb25ece27d6cd338b348742f8f03ca8bd126d4a5ffd0ded00,BGP2,87,VS,10.4,Volatile solids [% of fresh biomass],%,VS!N8,VS!N9,workbook_fresh_biomass_vs_article_TS_basis_conflict,False
heitkamp_2021,10.1186/s13068-021-02034-5,c60a45ab498d3fbbb25ece27d6cd338b348742f8f03ca8bd126d4a5ffd0ded00,BGP2,127,VS,10.5,Volatile solids [% of fresh biomass],%,VS!O8,VS!O9,workbook_fresh_biomass_vs_article_TS_basis_conflict,False
heitkamp_2021,10.1186/s13068-021-02034-5,c60a45ab498d3fbbb25ece27d6cd338b348742f8f03ca8bd126d4a5ffd0ded00,BGP2,140,VS,10.1,Volatile solids [% of fresh biomass],%,VS!P8,VS!P9,workbook_fresh_biomass_vs_article_TS_basis_conflict,False
heitkamp_2021,10.1186/s13068-021-02034-5,c60a45ab498d3fbbb25ece27d6cd338b348742f8f03ca8bd126d4a5ffd0ded00,BGP2,190,VS,9.9,Volatile solids [% of fresh biomass],%,VS!Q8,VS!Q9,workbook_fresh_biomass_vs_article_TS_basis_conflict,False
heitkamp_2021,10.1186/s13068-021-02034-5,c60a45ab498d3fbbb25ece27d6cd338b348742f8f03ca8bd126d4a5ffd0ded00,BGP2,273,VS,10.5,Volatile solids [% of fresh biomass],%,VS!R8,VS!R9,workbook_fresh_biomass_vs_article_TS_basis_conflict,False
heitkamp_2021,10.1186/s13068-021-02034-5,c60a45ab498d3fbbb25ece27d6cd338b348742f8f03ca8bd126d4a5ffd0ded00,BGP2,315,VS,11,Volatile solids [% of fresh biomass],%,VS!S8,VS!S9,workbook_fresh_biomass_vs_article_TS_basis_conflict,False
heitkamp_2021,10.1186/s13068-021-02034-5,c60a45ab498d3fbbb25ece27d6cd338b348742f8f03ca8bd126d4a5ffd0ded00,BGP3,0,VS,7.7,Volatile solids [% of fresh biomass],%,VS!C12,VS!C13,workbook_fresh_biomass_vs_article_TS_basis_conflict,False
heitkamp_2021,10.1186/s13068-021-02034-5,c60a45ab498d3fbbb25ece27d6cd338b348742f8f03ca8bd126d4a5ffd0ded00,BGP3,178,VS,7.8,Volatile solids [% of fresh biomass],%,VS!D12,VS!D13,workbook_fresh_biomass_vs_article_TS_basis_conflict,False
heitkamp_2021,10.1186/s13068-021-02034-5,c60a45ab498d3fbbb25ece27d6cd338b348742f8f03ca8bd126d4a5ffd0ded00,BGP3,367,VS,6.1,Volatile solids [% of fresh biomass],%,VS!E12,VS!E13,workbook_fresh_biomass_vs_article_TS_basis_conflict,False
heitkamp_2021,10.1186/s13068-021-02034-5,c60a45ab498d3fbbb25ece27d6cd338b348742f8f03ca8bd126d4a5ffd0ded00,BGP4,0,VS,8,Volatile solids [% of fresh biomass],%,VS!C16,VS!C17,workbook_fresh_biomass_vs_article_TS_basis_conflict,False
heitkamp_2021,10.1186/s13068-021-02034-5,c60a45ab498d3fbbb25ece27d6cd338b348742f8f03ca8bd126d4a5ffd0ded00,BGP4,29,VS,7.8,Volatile solids [% of fresh biomass],%,VS!D16,VS!D17,workbook_fresh_biomass_vs_article_TS_basis_conflict,False
heitkamp_2021,10.1186/s13068-021-02034-5,c60a45ab498d3fbbb25ece27d6cd338b348742f8f03ca8bd126d4a5ffd0ded00,BGP4,42,VS,7.5,Volatile solids [% of fresh biomass],%,VS!E16,VS!E17,workbook_fresh_biomass_vs_article_TS_basis_conflict,False
heitkamp_2021,10.1186/s13068-021-02034-5,c60a45ab498d3fbbb25ece27d6cd338b348742f8f03ca8bd126d4a5ffd0ded00,BGP4,73,VS,8.4,Volatile solids [% of fresh biomass],%,VS!F16,VS!F17,workbook_fresh_biomass_vs_article_TS_basis_conflict,False
heitkamp_2021,10.1186/s13068-021-02034-5,c60a45ab498d3fbbb25ece27d6cd338b348742f8f03ca8bd126d4a5ffd0ded00,BGP4,114,VS,9.2,Volatile solids [% of fresh biomass],%,VS!G16,VS!G17,workbook_fresh_biomass_vs_article_TS_basis_conflict,False
heitkamp_2021,10.1186/s13068-021-02034-5,c60a45ab498d3fbbb25ece27d6cd338b348742f8f03ca8bd126d4a5ffd0ded00,BGP4,140,VS,9.7,Volatile solids [% of fresh biomass],%,VS!H16,VS!H17,workbook_fresh_biomass_vs_article_TS_basis_conflict,False
heitkamp_2021,10.1186/s13068-021-02034-5,c60a45ab498d3fbbb25ece27d6cd338b348742f8f03ca8bd126d4a5ffd0ded00,BGP4,169,VS,8.9,Volatile solids [% of fresh biomass],%,VS!I16,VS!I17,workbook_fresh_biomass_vs_article_TS_basis_conflict,False
heitkamp_2021,10.1186/s13068-021-02034-5,c60a45ab498d3fbbb25ece27d6cd338b348742f8f03ca8bd126d4a5ffd0ded00,BGP4,204,VS,8.9,Volatile solids [% of fresh biomass],%,VS!J16,VS!J17,workbook_fresh_biomass_vs_article_TS_basis_conflict,False
heitkamp_2021,10.1186/s13068-021-02034-5,c60a45ab498d3fbbb25ece27d6cd338b348742f8f03ca8bd126d4a5ffd0ded00,BGP4,238,VS,8.6,Volatile solids [% of fresh biomass],%,VS!K16,VS!K17,workbook_fresh_biomass_vs_article_TS_basis_conflict,False
heitkamp_2021,10.1186/s13068-021-02034-5,c60a45ab498d3fbbb25ece27d6cd338b348742f8f03ca8bd126d4a5ffd0ded00,BGP4,259,VS,7.8,Volatile solids [% of fresh biomass],%,VS!L16,VS!L17,workbook_fresh_biomass_vs_article_TS_basis_conflict,False
heitkamp_2021,10.1186/s13068-021-02034-5,c60a45ab498d3fbbb25ece27d6cd338b348742f8f03ca8bd126d4a5ffd0ded00,BGP4,288,VS,7.6,Volatile solids [% of fresh biomass],%,VS!M16,VS!M17,workbook_fresh_biomass_vs_article_TS_basis_conflict,False
heitkamp_2021,10.1186/s13068-021-02034-5,c60a45ab498d3fbbb25ece27d6cd338b348742f8f03ca8bd126d4a5ffd0ded00,BGP4,319,VS,7.8,Volatile solids [% of fresh biomass],%,VS!N16,VS!N17,workbook_fresh_biomass_vs_article_TS_basis_conflict,False
heitkamp_2021,10.1186/s13068-021-02034-5,c60a45ab498d3fbbb25ece27d6cd338b348742f8f03ca8bd126d4a5ffd0ded00,BGP4,354,VS,8.2,Volatile solids [% of fresh biomass],%,VS!O16,VS!O17,workbook_fresh_biomass_vs_article_TS_basis_conflict,False
heitkamp_2021,10.1186/s13068-021-02034-5,c60a45ab498d3fbbb25ece27d6cd338b348742f8f03ca8bd126d4a5ffd0ded00,BGP5,0,VS,11.7,Volatile solids [% of fresh biomass],%,VS!C20,VS!C21,workbook_fresh_biomass_vs_article_TS_basis_conflict,False
heitkamp_2021,10.1186/s13068-021-02034-5,c60a45ab498d3fbbb25ece27d6cd338b348742f8f03ca8bd126d4a5ffd0ded00,BGP5,50,VS,10.8,Volatile solids [% of fresh biomass],%,VS!D20,VS!D21,workbook_fresh_biomass_vs_article_TS_basis_conflict,False
heitkamp_2021,10.1186/s13068-021-02034-5,c60a45ab498d3fbbb25ece27d6cd338b348742f8f03ca8bd126d4a5ffd0ded00,BGP5,153,VS,7.9,Volatile solids [% of fresh biomass],%,VS!E20,VS!E21,workbook_fresh_biomass_vs_article_TS_basis_conflict,False
heitkamp_2021,10.1186/s13068-021-02034-5,c60a45ab498d3fbbb25ece27d6cd338b348742f8f03ca8bd126d4a5ffd0ded00,BGP6,0,VS,10.6,Volatile solids [% of fresh biomass],%,VS!C24,VS!C25,workbook_fresh_biomass_vs_article_TS_basis_conflict,False
heitkamp_2021,10.1186/s13068-021-02034-5,c60a45ab498d3fbbb25ece27d6cd338b348742f8f03ca8bd126d4a5ffd0ded00,BGP6,14,VS,10.899999999999999,Volatile solids [% of fresh biomass],%,VS!D24,VS!D25,workbook_fresh_biomass_vs_article_TS_basis_conflict,False
heitkamp_2021,10.1186/s13068-021-02034-5,c60a45ab498d3fbbb25ece27d6cd338b348742f8f03ca8bd126d4a5ffd0ded00,BGP6,28,VS,11,Volatile solids [% of fresh biomass],%,VS!E24,VS!E25,workbook_fresh_biomass_vs_article_TS_basis_conflict,False
heitkamp_2021,10.1186/s13068-021-02034-5,c60a45ab498d3fbbb25ece27d6cd338b348742f8f03ca8bd126d4a5ffd0ded00,BGP6,35,VS,10.7,Volatile solids [% of fresh biomass],%,VS!F24,VS!F25,workbook_fresh_biomass_vs_article_TS_basis_conflict,False
heitkamp_2021,10.1186/s13068-021-02034-5,c60a45ab498d3fbbb25ece27d6cd338b348742f8f03ca8bd126d4a5ffd0ded00,BGP6,48,VS,11.15,Volatile solids [% of fresh biomass],%,VS!G24,VS!G25,workbook_fresh_biomass_vs_article_TS_basis_conflict,False
heitkamp_2021,10.1186/s13068-021-02034-5,c60a45ab498d3fbbb25ece27d6cd338b348742f8f03ca8bd126d4a5ffd0ded00,BGP6,77,VS,10.8,Volatile solids [% of fresh biomass],%,VS!H24,VS!H25,workbook_fresh_biomass_vs_article_TS_basis_conflict,False
heitkamp_2021,10.1186/s13068-021-02034-5,c60a45ab498d3fbbb25ece27d6cd338b348742f8f03ca8bd126d4a5ffd0ded00,BGP6,98,VS,10.05,Volatile solids [% of fresh biomass],%,VS!I24,VS!I25,workbook_fresh_biomass_vs_article_TS_basis_conflict,False
heitkamp_2021,10.1186/s13068-021-02034-5,c60a45ab498d3fbbb25ece27d6cd338b348742f8f03ca8bd126d4a5ffd0ded00,BGP6,106,VS,9.600000000000001,Volatile solids [% of fresh biomass],%,VS!J24,VS!J25,workbook_fresh_biomass_vs_article_TS_basis_conflict,False
heitkamp_2021,10.1186/s13068-021-02034-5,c60a45ab498d3fbbb25ece27d6cd338b348742f8f03ca8bd126d4a5ffd0ded00,BGP6,115,VS,9.85,Volatile solids [% of fresh biomass],%,VS!K24,VS!K25,workbook_fresh_biomass_vs_article_TS_basis_conflict,False
heitkamp_2021,10.1186/s13068-021-02034-5,c60a45ab498d3fbbb25ece27d6cd338b348742f8f03ca8bd126d4a5ffd0ded00,BGP6,130,VS,9.1,Volatile solids [% of fresh biomass],%,VS!L24,VS!L25,workbook_fresh_biomass_vs_article_TS_basis_conflict,False
heitkamp_2021,10.1186/s13068-021-02034-5,c60a45ab498d3fbbb25ece27d6cd338b348742f8f03ca8bd126d4a5ffd0ded00,BGP6,155,VS,9.8,Volatile solids [% of fresh biomass],%,VS!M24,VS!M25,workbook_fresh_biomass_vs_article_TS_basis_conflict,False
heitkamp_2021,10.1186/s13068-021-02034-5,c60a45ab498d3fbbb25ece27d6cd338b348742f8f03ca8bd126d4a5ffd0ded00,BGP6,175,VS,9.8,Volatile solids [% of fresh biomass],%,VS!N24,VS!N25,workbook_fresh_biomass_vs_article_TS_basis_conflict,False
heitkamp_2021,10.1186/s13068-021-02034-5,c60a45ab498d3fbbb25ece27d6cd338b348742f8f03ca8bd126d4a5ffd0ded00,BGP6,189,VS,9.35,Volatile solids [% of fresh biomass],%,VS!O24,VS!O25,workbook_fresh_biomass_vs_article_TS_basis_conflict,False
heitkamp_2021,10.1186/s13068-021-02034-5,c60a45ab498d3fbbb25ece27d6cd338b348742f8f03ca8bd126d4a5ffd0ded00,BGP6,197,VS,8.350000000000001,Volatile solids [% of fresh biomass],%,VS!P24,VS!P25,workbook_fresh_biomass_vs_article_TS_basis_conflict,False
heitkamp_2021,10.1186/s13068-021-02034-5,c60a45ab498d3fbbb25ece27d6cd338b348742f8f03ca8bd126d4a5ffd0ded00,BGP6,211,VS,9.35,Volatile solids [% of fresh biomass],%,VS!Q24,VS!Q25,workbook_fresh_biomass_vs_article_TS_basis_conflict,False
heitkamp_2021,10.1186/s13068-021-02034-5,c60a45ab498d3fbbb25ece27d6cd338b348742f8f03ca8bd126d4a5ffd0ded00,BGP6,225,VS,10.05,Volatile solids [% of fresh biomass],%,VS!R24,VS!R25,workbook_fresh_biomass_vs_article_TS_basis_conflict,False
heitkamp_2021,10.1186/s13068-021-02034-5,c60a45ab498d3fbbb25ece27d6cd338b348742f8f03ca8bd126d4a5ffd0ded00,BGP6,238,VS,9.85,Volatile solids [% of fresh biomass],%,VS!S24,VS!S25,workbook_fresh_biomass_vs_article_TS_basis_conflict,False
heitkamp_2021,10.1186/s13068-021-02034-5,c60a45ab498d3fbbb25ece27d6cd338b348742f8f03ca8bd126d4a5ffd0ded00,BGP6,252,VS,9.7,Volatile solids [% of fresh biomass],%,VS!T24,VS!T25,workbook_fresh_biomass_vs_article_TS_basis_conflict,False
heitkamp_2021,10.1186/s13068-021-02034-5,c60a45ab498d3fbbb25ece27d6cd338b348742f8f03ca8bd126d4a5ffd0ded00,BGP6,274,VS,10.65,Volatile solids [% of fresh biomass],%,VS!U24,VS!U25,workbook_fresh_biomass_vs_article_TS_basis_conflict,False
heitkamp_2021,10.1186/s13068-021-02034-5,c60a45ab498d3fbbb25ece27d6cd338b348742f8f03ca8bd126d4a5ffd0ded00,BGP6,280,VS,10.45,Volatile solids [% of fresh biomass],%,VS!V24,VS!V25,workbook_fresh_biomass_vs_article_TS_basis_conflict,False
heitkamp_2021,10.1186/s13068-021-02034-5,c60a45ab498d3fbbb25ece27d6cd338b348742f8f03ca8bd126d4a5ffd0ded00,BGP6,288,VS,11.95,Volatile solids [% of fresh biomass],%,VS!W24,VS!W25,workbook_fresh_biomass_vs_article_TS_basis_conflict,False
heitkamp_2021,10.1186/s13068-021-02034-5,c60a45ab498d3fbbb25ece27d6cd338b348742f8f03ca8bd126d4a5ffd0ded00,BGP6,309,VS,11.05,Volatile solids [% of fresh biomass],%,VS!X24,VS!X25,workbook_fresh_biomass_vs_article_TS_basis_conflict,False
heitkamp_2021,10.1186/s13068-021-02034-5,c60a45ab498d3fbbb25ece27d6cd338b348742f8f03ca8bd126d4a5ffd0ded00,BGP7,0,VS,5.8,Volatile solids [% of fresh biomass],%,VS!C28,VS!C29,workbook_fresh_biomass_vs_article_TS_basis_conflict,False
heitkamp_2021,10.1186/s13068-021-02034-5,c60a45ab498d3fbbb25ece27d6cd338b348742f8f03ca8bd126d4a5ffd0ded00,BGP7,31,VS,6.45,Volatile solids [% of fresh biomass],%,VS!D28,VS!D29,workbook_fresh_biomass_vs_article_TS_basis_conflict,False
heitkamp_2021,10.1186/s13068-021-02034-5,c60a45ab498d3fbbb25ece27d6cd338b348742f8f03ca8bd126d4a5ffd0ded00,BGP7,49,VS,5.97,Volatile solids [% of fresh biomass],%,VS!E28,VS!E29,workbook_fresh_biomass_vs_article_TS_basis_conflict,False
heitkamp_2021,10.1186/s13068-021-02034-5,c60a45ab498d3fbbb25ece27d6cd338b348742f8f03ca8bd126d4a5ffd0ded00,BGP7,77,VS,5.8,Volatile solids [% of fresh biomass],%,VS!F28,VS!F29,workbook_fresh_biomass_vs_article_TS_basis_conflict,False
heitkamp_2021,10.1186/s13068-021-02034-5,c60a45ab498d3fbbb25ece27d6cd338b348742f8f03ca8bd126d4a5ffd0ded00,BGP7,91,VS,6.05,Volatile solids [% of fresh biomass],%,VS!G28,VS!G29,workbook_fresh_biomass_vs_article_TS_basis_conflict,False
heitkamp_2021,10.1186/s13068-021-02034-5,c60a45ab498d3fbbb25ece27d6cd338b348742f8f03ca8bd126d4a5ffd0ded00,BGP7,112,VS,5.95,Volatile solids [% of fresh biomass],%,VS!H28,VS!H29,workbook_fresh_biomass_vs_article_TS_basis_conflict,False
heitkamp_2021,10.1186/s13068-021-02034-5,c60a45ab498d3fbbb25ece27d6cd338b348742f8f03ca8bd126d4a5ffd0ded00,BGP7,147,VS,7.09,Volatile solids [% of fresh biomass],%,VS!I28,VS!I29,workbook_fresh_biomass_vs_article_TS_basis_conflict,False
