lab,batch_id,bottle_id,source_inoculation_row,source_condition,inoculation_biochar_g,inoculation_ammonium_bicarbonate_g,methane_rows,chemistry_rows,first_observed_day,last_observed_day,source_analysis_rows,source_methane_rows,model_admission
BRL,1,II.10,Inoculation!9,MBE[2],8,,16,2,0,6.76,Analyses!2;Analyses!14,AMPTShort!1577;AMPTShort!1578;AMPTShort!1579;AMPTShort!1580;AMPTShort!1581;AMPTShort!1582;AMPTShort!1583;AMPTShort!1584;AMPTShort!1585;AMPTShort!1586;AMPTShort!1587;AMPTShort!1588;AMPTShort!1589;AMPTShort!1590;AMPTShort!1591;AMPTShort!1592,False
BRL,1,II.11,Inoculation!10,MBE[2],8,,16,2,0,6.76,Analyses!3;Analyses!15,AMPTShort!1839;AMPTShort!1840;AMPTShort!1841;AMPTShort!1842;AMPTShort!1843;AMPTShort!1844;AMPTShort!1845;AMPTShort!1846;AMPTShort!1847;AMPTShort!1848;AMPTShort!1849;AMPTShort!1850;AMPTShort!1851;AMPTShort!1852;AMPTShort!1853;AMPTShort!1854,False
BRL,1,II.12,Inoculation!11,MBE[2],8,,16,1,0,6.76,Analyses!4,AMPTShort!2101;AMPTShort!2102;AMPTShort!2103;AMPTShort!2104;AMPTShort!2105;AMPTShort!2106;AMPTShort!2107;AMPTShort!2108;AMPTShort!2109;AMPTShort!2110;AMPTShort!2111;AMPTShort!2112;AMPTShort!2113;AMPTShort!2114;AMPTShort!2115;AMPTShort!2116,False
BRL,1,II.13,Inoculation!12,MBE[2] +,8,,16,2,0,6.76,Analyses!5;Analyses!16,AMPTShort!2363;AMPTShort!2364;AMPTShort!2365;AMPTShort!2366;AMPTShort!2367;AMPTShort!2368;AMPTShort!2369;AMPTShort!2370;AMPTShort!2371;AMPTShort!2372;AMPTShort!2373;AMPTShort!2374;AMPTShort!2375;AMPTShort!2376;AMPTShort!2377;AMPTShort!2378,False
BRL,1,II.14,Inoculation!13,MBE[2] +,8,,16,2,0,6.76,Analyses!6;Analyses!17,AMPTShort!2627;AMPTShort!2628;AMPTShort!2629;AMPTShort!2630;AMPTShort!2631;AMPTShort!2632;AMPTShort!2633;AMPTShort!2634;AMPTShort!2635;AMPTShort!2636;AMPTShort!2637;AMPTShort!2638;AMPTShort!2639;AMPTShort!2640;AMPTShort!2641;AMPTShort!2642,False
BRL,1,II.15,Inoculation!14,MBE[2] +,8,,16,1,0,6.76,Analyses!7,AMPTShort!2891;AMPTShort!2892;AMPTShort!2893;AMPTShort!2894;AMPTShort!2895;AMPTShort!2896;AMPTShort!2897;AMPTShort!2898;AMPTShort!2899;AMPTShort!2900;AMPTShort!2901;AMPTShort!2902;AMPTShort!2903;AMPTShort!2904;AMPTShort!2905;AMPTShort!2906,False
BRL,1,II.4,Inoculation!3,MBE[0],0,,16,2,0,6.76,Analyses!8;Analyses!18,AMPTShort!2;AMPTShort!3;AMPTShort!4;AMPTShort!5;AMPTShort!6;AMPTShort!7;AMPTShort!8;AMPTShort!9;AMPTShort!10;AMPTShort!11;AMPTShort!12;AMPTShort!13;AMPTShort!14;AMPTShort!15;AMPTShort!16;AMPTShort!17,False
BRL,1,II.5,Inoculation!4,MBE[0],0,,16,2,0,6.76,Analyses!9;Analyses!19,AMPTShort!265;AMPTShort!266;AMPTShort!267;AMPTShort!268;AMPTShort!269;AMPTShort!270;AMPTShort!271;AMPTShort!272;AMPTShort!273;AMPTShort!274;AMPTShort!275;AMPTShort!276;AMPTShort!277;AMPTShort!278;AMPTShort!279;AMPTShort!280,False
BRL,1,II.6,Inoculation!5,MBE[0],0,,16,1,0,6.76,Analyses!10,AMPTShort!528;AMPTShort!529;AMPTShort!530;AMPTShort!531;AMPTShort!532;AMPTShort!533;AMPTShort!534;AMPTShort!535;AMPTShort!536;AMPTShort!537;AMPTShort!538;AMPTShort!539;AMPTShort!540;AMPTShort!541;AMPTShort!542;AMPTShort!543,False
BRL,1,II.7,Inoculation!6,MBE[1],4,,16,2,0,6.76,Analyses!11;Analyses!20,AMPTShort!791;AMPTShort!792;AMPTShort!793;AMPTShort!794;AMPTShort!795;AMPTShort!796;AMPTShort!797;AMPTShort!798;AMPTShort!799;AMPTShort!800;AMPTShort!801;AMPTShort!802;AMPTShort!803;AMPTShort!804;AMPTShort!805;AMPTShort!806,False
BRL,1,II.8,Inoculation!7,MBE[1],4,,16,2,0,6.76,Analyses!12;Analyses!21,AMPTShort!1053;AMPTShort!1054;AMPTShort!1055;AMPTShort!1056;AMPTShort!1057;AMPTShort!1058;AMPTShort!1059;AMPTShort!1060;AMPTShort!1061;AMPTShort!1062;AMPTShort!1063;AMPTShort!1064;AMPTShort!1065;AMPTShort!1066;AMPTShort!1067;AMPTShort!1068,False
BRL,1,II.9,Inoculation!8,MBE[1],4,,16,1,0,6.76,Analyses!13,AMPTShort!1315;AMPTShort!1316;AMPTShort!1317;AMPTShort!1318;AMPTShort!1319;AMPTShort!1320;AMPTShort!1321;AMPTShort!1322;AMPTShort!1323;AMPTShort!1324;AMPTShort!1325;AMPTShort!1326;AMPTShort!1327;AMPTShort!1328;AMPTShort!1329;AMPTShort!1330,False
BRL,2,II.10,Inoculation!21,MBE[2],0.6801577614494756,,16,1,7.96,14.68,Analyses!22,AMPTShort!1593;AMPTShort!1594;AMPTShort!1595;AMPTShort!1596;AMPTShort!1597;AMPTShort!1598;AMPTShort!1599;AMPTShort!1600;AMPTShort!1601;AMPTShort!1602;AMPTShort!1603;AMPTShort!1604;AMPTShort!1605;AMPTShort!1606;AMPTShort!1607;AMPTShort!1608,False
BRL,2,II.11,Inoculation!22,MBE[2],0.6801577614494756,,16,1,7.96,14.68,Analyses!23,AMPTShort!1855;AMPTShort!1856;AMPTShort!1857;AMPTShort!1858;AMPTShort!1859;AMPTShort!1860;AMPTShort!1861;AMPTShort!1862;AMPTShort!1863;AMPTShort!1864;AMPTShort!1865;AMPTShort!1866;AMPTShort!1867;AMPTShort!1868;AMPTShort!1869;AMPTShort!1870,False
BRL,2,II.12,Inoculation!23,MBE[2],0.6801577614494756,,16,1,7.96,14.68,Analyses!24,AMPTShort!2117;AMPTShort!2118;AMPTShort!2119;AMPTShort!2120;AMPTShort!2121;AMPTShort!2122;AMPTShort!2123;AMPTShort!2124;AMPTShort!2125;AMPTShort!2126;AMPTShort!2127;AMPTShort!2128;AMPTShort!2129;AMPTShort!2130;AMPTShort!2131;AMPTShort!2132,False
BRL,2,II.13,Inoculation!24,MBE[2] +,0.6801577614494756,,16,1,7.96,14.68,Analyses!25,AMPTShort!2379;AMPTShort!2380;AMPTShort!2381;AMPTShort!2382;AMPTShort!2383;AMPTShort!2384;AMPTShort!2385;AMPTShort!2386;AMPTShort!2387;AMPTShort!2388;AMPTShort!2389;AMPTShort!2390;AMPTShort!2391;AMPTShort!2392;AMPTShort!2393;AMPTShort!2394,False
BRL,2,II.14,Inoculation!25,MBE[2] +,0.6801577614494756,,16,0,7.96,14.68,,AMPTShort!2643;AMPTShort!2644;AMPTShort!2645;AMPTShort!2646;AMPTShort!2647;AMPTShort!2648;AMPTShort!2649;AMPTShort!2650;AMPTShort!2651;AMPTShort!2652;AMPTShort!2653;AMPTShort!2654;AMPTShort!2655;AMPTShort!2656;AMPTShort!2657;AMPTShort!2658,False
BRL,2,II.15,Inoculation!26,MBE[2] +,0.6801577614494756,,16,1,7.96,14.68,Analyses!26,AMPTShort!2907;AMPTShort!2908;AMPTShort!2909;AMPTShort!2910;AMPTShort!2911;AMPTShort!2912;AMPTShort!2913;AMPTShort!2914;AMPTShort!2915;AMPTShort!2916;AMPTShort!2917;AMPTShort!2918;AMPTShort!2919;AMPTShort!2920;AMPTShort!2921;AMPTShort!2922,False
BRL,2,II.4,Inoculation!15,MBE[0],0.5115269276290474,,16,1,7.96,14.68,Analyses!27,AMPTShort!18;AMPTShort!19;AMPTShort!20;AMPTShort!21;AMPTShort!22;AMPTShort!23;AMPTShort!24;AMPTShort!25;AMPTShort!26;AMPTShort!27;AMPTShort!28;AMPTShort!29;AMPTShort!30;AMPTShort!31;AMPTShort!32;AMPTShort!33,False
BRL,2,II.5,Inoculation!16,MBE[0],0,,16,1,7.96,14.68,Analyses!28,AMPTShort!281;AMPTShort!282;AMPTShort!283;AMPTShort!284;AMPTShort!285;AMPTShort!286;AMPTShort!287;AMPTShort!288;AMPTShort!289;AMPTShort!290;AMPTShort!291;AMPTShort!292;AMPTShort!293;AMPTShort!294;AMPTShort!295;AMPTShort!296,False
BRL,2,II.6,Inoculation!17,MBE[0],0,,16,1,7.96,14.68,Analyses!29,AMPTShort!544;AMPTShort!545;AMPTShort!546;AMPTShort!547;AMPTShort!548;AMPTShort!549;AMPTShort!550;AMPTShort!551;AMPTShort!552;AMPTShort!553;AMPTShort!554;AMPTShort!555;AMPTShort!556;AMPTShort!557;AMPTShort!558;AMPTShort!559,False
BRL,2,II.7,Inoculation!18,MBE[1],0.3400788807247378,,16,1,7.96,14.68,Analyses!30,AMPTShort!807;AMPTShort!808;AMPTShort!809;AMPTShort!810;AMPTShort!811;AMPTShort!812;AMPTShort!813;AMPTShort!814;AMPTShort!815;AMPTShort!816;AMPTShort!817;AMPTShort!818;AMPTShort!819;AMPTShort!820;AMPTShort!821;AMPTShort!822,False
BRL,2,II.8,Inoculation!19,MBE[1],0.3400788807247378,,16,1,7.96,14.68,Analyses!31,AMPTShort!1069;AMPTShort!1070;AMPTShort!1071;AMPTShort!1072;AMPTShort!1073;AMPTShort!1074;AMPTShort!1075;AMPTShort!1076;AMPTShort!1077;AMPTShort!1078;AMPTShort!1079;AMPTShort!1080;AMPTShort!1081;AMPTShort!1082;AMPTShort!1083;AMPTShort!1084,False
BRL,2,II.9,Inoculation!20,MBE[1],0.3400788807247378,,16,1,7.96,14.68,Analyses!32,AMPTShort!1331;AMPTShort!1332;AMPTShort!1333;AMPTShort!1334;AMPTShort!1335;AMPTShort!1336;AMPTShort!1337;AMPTShort!1338;AMPTShort!1339;AMPTShort!1340;AMPTShort!1341;AMPTShort!1342;AMPTShort!1343;AMPTShort!1344;AMPTShort!1345;AMPTShort!1346,False
BRL,3,II.10,Inoculation!33,MBE[2],0.6801577614494756,,16,1,15,21.83,Analyses!33,AMPTShort!1609;AMPTShort!1610;AMPTShort!1611;AMPTShort!1612;AMPTShort!1613;AMPTShort!1614;AMPTShort!1615;AMPTShort!1616;AMPTShort!1617;AMPTShort!1618;AMPTShort!1619;AMPTShort!1620;AMPTShort!1621;AMPTShort!1622;AMPTShort!1623;AMPTShort!1624,False
BRL,3,II.11,Inoculation!34,MBE[2],0.6801577614494756,,16,1,15,21.83,Analyses!34,AMPTShort!1871;AMPTShort!1872;AMPTShort!1873;AMPTShort!1874;AMPTShort!1875;AMPTShort!1876;AMPTShort!1877;AMPTShort!1878;AMPTShort!1879;AMPTShort!1880;AMPTShort!1881;AMPTShort!1882;AMPTShort!1883;AMPTShort!1884;AMPTShort!1885;AMPTShort!1886,False
BRL,3,II.12,Inoculation!35,MBE[2],0.6801577614494756,,16,1,15,21.83,Analyses!35,AMPTShort!2133;AMPTShort!2134;AMPTShort!2135;AMPTShort!2136;AMPTShort!2137;AMPTShort!2138;AMPTShort!2139;AMPTShort!2140;AMPTShort!2141;AMPTShort!2142;AMPTShort!2143;AMPTShort!2144;AMPTShort!2145;AMPTShort!2146;AMPTShort!2147;AMPTShort!2148,False
BRL,3,II.13,Inoculation!36,MBE[2] +,0.6801577614494756,,16,1,15,21.83,Analyses!36,AMPTShort!2395;AMPTShort!2396;AMPTShort!2397;AMPTShort!2398;AMPTShort!2399;AMPTShort!2400;AMPTShort!2401;AMPTShort!2402;AMPTShort!2403;AMPTShort!2404;AMPTShort!2405;AMPTShort!2406;AMPTShort!2407;AMPTShort!2408;AMPTShort!2409;AMPTShort!2410,False
BRL,3,II.14,Inoculation!37,MBE[2] +,0.6801577614494756,,16,1,15,21.83,Analyses!37,AMPTShort!2659;AMPTShort!2660;AMPTShort!2661;AMPTShort!2662;AMPTShort!2663;AMPTShort!2664;AMPTShort!2665;AMPTShort!2666;AMPTShort!2667;AMPTShort!2668;AMPTShort!2669;AMPTShort!2670;AMPTShort!2671;AMPTShort!2672;AMPTShort!2673;AMPTShort!2674,False
BRL,3,II.15,Inoculation!38,MBE[2] +,0.6801577614494756,,16,0,15,21.76,,AMPTShort!2923;AMPTShort!2924;AMPTShort!2925;AMPTShort!2926;AMPTShort!2927;AMPTShort!2928;AMPTShort!2929;AMPTShort!2930;AMPTShort!2931;AMPTShort!2932;AMPTShort!2933;AMPTShort!2934;AMPTShort!2935;AMPTShort!2936;AMPTShort!2937;AMPTShort!2938,False
BRL,3,II.4,Inoculation!27,MBE[0],0.5115269276290474,,16,1,15,21.83,Analyses!38,AMPTShort!34;AMPTShort!35;AMPTShort!36;AMPTShort!37;AMPTShort!38;AMPTShort!39;AMPTShort!40;AMPTShort!41;AMPTShort!42;AMPTShort!43;AMPTShort!44;AMPTShort!45;AMPTShort!46;AMPTShort!47;AMPTShort!48;AMPTShort!49,False
BRL,3,II.5,Inoculation!28,MBE[0],0,,16,1,15,21.83,Analyses!39,AMPTShort!297;AMPTShort!298;AMPTShort!299;AMPTShort!300;AMPTShort!301;AMPTShort!302;AMPTShort!303;AMPTShort!304;AMPTShort!305;AMPTShort!306;AMPTShort!307;AMPTShort!308;AMPTShort!309;AMPTShort!310;AMPTShort!311;AMPTShort!312,False
BRL,3,II.6,Inoculation!29,MBE[0],0,,16,1,15,21.83,Analyses!40,AMPTShort!560;AMPTShort!561;AMPTShort!562;AMPTShort!563;AMPTShort!564;AMPTShort!565;AMPTShort!566;AMPTShort!567;AMPTShort!568;AMPTShort!569;AMPTShort!570;AMPTShort!571;AMPTShort!572;AMPTShort!573;AMPTShort!574;AMPTShort!575,False
BRL,3,II.7,Inoculation!30,MBE[1],0.3400788807247378,,16,1,15,21.83,Analyses!41,AMPTShort!823;AMPTShort!824;AMPTShort!825;AMPTShort!826;AMPTShort!827;AMPTShort!828;AMPTShort!829;AMPTShort!830;AMPTShort!831;AMPTShort!832;AMPTShort!833;AMPTShort!834;AMPTShort!835;AMPTShort!836;AMPTShort!837;AMPTShort!838,False
BRL,3,II.8,Inoculation!31,MBE[1],0.3400788807247378,,16,1,15,21.83,Analyses!42,AMPTShort!1085;AMPTShort!1086;AMPTShort!1087;AMPTShort!1088;AMPTShort!1089;AMPTShort!1090;AMPTShort!1091;AMPTShort!1092;AMPTShort!1093;AMPTShort!1094;AMPTShort!1095;AMPTShort!1096;AMPTShort!1097;AMPTShort!1098;AMPTShort!1099;AMPTShort!1100,False
BRL,3,II.9,Inoculation!32,MBE[1],0.3400788807247378,,16,1,15,21.83,Analyses!43,AMPTShort!1347;AMPTShort!1348;AMPTShort!1349;AMPTShort!1350;AMPTShort!1351;AMPTShort!1352;AMPTShort!1353;AMPTShort!1354;AMPTShort!1355;AMPTShort!1356;AMPTShort!1357;AMPTShort!1358;AMPTShort!1359;AMPTShort!1360;AMPTShort!1361;AMPTShort!1362,False
BRL,4,II.10,Inoculation!45,MBE[2],0.766,,16,1,21.96,28.72,Analyses!44,AMPTShort!1625;AMPTShort!1626;AMPTShort!1627;AMPTShort!1628;AMPTShort!1629;AMPTShort!1630;AMPTShort!1631;AMPTShort!1632;AMPTShort!1633;AMPTShort!1634;AMPTShort!1635;AMPTShort!1636;AMPTShort!1637;AMPTShort!1638;AMPTShort!1639;AMPTShort!1640,False
BRL,4,II.11,Inoculation!46,MBE[2],0.766,,16,1,21.96,28.72,Analyses!45,AMPTShort!1887;AMPTShort!1888;AMPTShort!1889;AMPTShort!1890;AMPTShort!1891;AMPTShort!1892;AMPTShort!1893;AMPTShort!1894;AMPTShort!1895;AMPTShort!1896;AMPTShort!1897;AMPTShort!1898;AMPTShort!1899;AMPTShort!1900;AMPTShort!1901;AMPTShort!1902,False
BRL,4,II.12,Inoculation!47,MBE[2],0.766,,16,1,21.96,28.72,Analyses!46,AMPTShort!2149;AMPTShort!2150;AMPTShort!2151;AMPTShort!2152;AMPTShort!2153;AMPTShort!2154;AMPTShort!2155;AMPTShort!2156;AMPTShort!2157;AMPTShort!2158;AMPTShort!2159;AMPTShort!2160;AMPTShort!2161;AMPTShort!2162;AMPTShort!2163;AMPTShort!2164,False
BRL,4,II.13,Inoculation!48,MBE[2] +,0.766,,16,1,21.96,28.72,Analyses!47,AMPTShort!2411;AMPTShort!2412;AMPTShort!2413;AMPTShort!2414;AMPTShort!2415;AMPTShort!2416;AMPTShort!2417;AMPTShort!2418;AMPTShort!2419;AMPTShort!2420;AMPTShort!2421;AMPTShort!2422;AMPTShort!2423;AMPTShort!2424;AMPTShort!2425;AMPTShort!2426,False
BRL,4,II.14,Inoculation!49,MBE[2] +,0.766,,16,0,21.96,28.72,,AMPTShort!2675;AMPTShort!2676;AMPTShort!2677;AMPTShort!2678;AMPTShort!2679;AMPTShort!2680;AMPTShort!2681;AMPTShort!2682;AMPTShort!2683;AMPTShort!2684;AMPTShort!2685;AMPTShort!2686;AMPTShort!2687;AMPTShort!2688;AMPTShort!2689;AMPTShort!2690,False
BRL,4,II.15,Inoculation!50,MBE[2] +,0.766,,16,1,21.96,28.72,Analyses!48,AMPTShort!2939;AMPTShort!2940;AMPTShort!2941;AMPTShort!2942;AMPTShort!2943;AMPTShort!2944;AMPTShort!2945;AMPTShort!2946;AMPTShort!2947;AMPTShort!2948;AMPTShort!2949;AMPTShort!2950;AMPTShort!2951;AMPTShort!2952;AMPTShort!2953;AMPTShort!2954,False
BRL,4,II.4,Inoculation!39,MBE[0],0.6423809712343894,,16,1,21.96,28.72,Analyses!49,AMPTShort!50;AMPTShort!51;AMPTShort!52;AMPTShort!53;AMPTShort!54;AMPTShort!55;AMPTShort!56;AMPTShort!57;AMPTShort!58;AMPTShort!59;AMPTShort!60;AMPTShort!61;AMPTShort!62;AMPTShort!63;AMPTShort!64;AMPTShort!65,False
BRL,4,II.5,Inoculation!40,MBE[0],0,,16,1,21.96,28.72,Analyses!50,AMPTShort!313;AMPTShort!314;AMPTShort!315;AMPTShort!316;AMPTShort!317;AMPTShort!318;AMPTShort!319;AMPTShort!320;AMPTShort!321;AMPTShort!322;AMPTShort!323;AMPTShort!324;AMPTShort!325;AMPTShort!326;AMPTShort!327;AMPTShort!328,False
BRL,4,II.6,Inoculation!41,MBE[0],0,,16,1,21.96,28.72,Analyses!51,AMPTShort!576;AMPTShort!577;AMPTShort!578;AMPTShort!579;AMPTShort!580;AMPTShort!581;AMPTShort!582;AMPTShort!583;AMPTShort!584;AMPTShort!585;AMPTShort!586;AMPTShort!587;AMPTShort!588;AMPTShort!589;AMPTShort!590;AMPTShort!591,False
BRL,4,II.7,Inoculation!42,MBE[1],0.383,,16,1,21.96,28.72,Analyses!52,AMPTShort!839;AMPTShort!840;AMPTShort!841;AMPTShort!842;AMPTShort!843;AMPTShort!844;AMPTShort!845;AMPTShort!846;AMPTShort!847;AMPTShort!848;AMPTShort!849;AMPTShort!850;AMPTShort!851;AMPTShort!852;AMPTShort!853;AMPTShort!854,False
BRL,4,II.8,Inoculation!43,MBE[1],0.383,,16,1,21.96,28.72,Analyses!53,AMPTShort!1101;AMPTShort!1102;AMPTShort!1103;AMPTShort!1104;AMPTShort!1105;AMPTShort!1106;AMPTShort!1107;AMPTShort!1108;AMPTShort!1109;AMPTShort!1110;AMPTShort!1111;AMPTShort!1112;AMPTShort!1113;AMPTShort!1114;AMPTShort!1115;AMPTShort!1116,False
BRL,4,II.9,Inoculation!44,MBE[1],0.383,,16,1,21.96,28.72,Analyses!54,AMPTShort!1363;AMPTShort!1364;AMPTShort!1365;AMPTShort!1366;AMPTShort!1367;AMPTShort!1368;AMPTShort!1369;AMPTShort!1370;AMPTShort!1371;AMPTShort!1372;AMPTShort!1373;AMPTShort!1374;AMPTShort!1375;AMPTShort!1376;AMPTShort!1377;AMPTShort!1378,False
BRL,5,II.10,Inoculation!57,MBE[2],0.7660089029898797,,16,1,28.88,35.68,Analyses!55,AMPTShort!1641;AMPTShort!1642;AMPTShort!1643;AMPTShort!1644;AMPTShort!1645;AMPTShort!1646;AMPTShort!1647;AMPTShort!1648;AMPTShort!1649;AMPTShort!1650;AMPTShort!1651;AMPTShort!1652;AMPTShort!1653;AMPTShort!1654;AMPTShort!1655;AMPTShort!1656,False
BRL,5,II.11,Inoculation!58,MBE[2],0.7660089029898797,,16,1,28.88,35.68,Analyses!56,AMPTShort!1903;AMPTShort!1904;AMPTShort!1905;AMPTShort!1906;AMPTShort!1907;AMPTShort!1908;AMPTShort!1909;AMPTShort!1910;AMPTShort!1911;AMPTShort!1912;AMPTShort!1913;AMPTShort!1914;AMPTShort!1915;AMPTShort!1916;AMPTShort!1917;AMPTShort!1918,False
BRL,5,II.12,Inoculation!59,MBE[2],0.7660089029898797,,16,1,28.88,35.68,Analyses!57,AMPTShort!2165;AMPTShort!2166;AMPTShort!2167;AMPTShort!2168;AMPTShort!2169;AMPTShort!2170;AMPTShort!2171;AMPTShort!2172;AMPTShort!2173;AMPTShort!2174;AMPTShort!2175;AMPTShort!2176;AMPTShort!2177;AMPTShort!2178;AMPTShort!2179;AMPTShort!2180,False
BRL,5,II.13,Inoculation!60,MBE[2] +,0.7660089029898797,,16,1,28.88,35.68,Analyses!58,AMPTShort!2427;AMPTShort!2428;AMPTShort!2429;AMPTShort!2430;AMPTShort!2431;AMPTShort!2432;AMPTShort!2433;AMPTShort!2434;AMPTShort!2435;AMPTShort!2436;AMPTShort!2437;AMPTShort!2438;AMPTShort!2439;AMPTShort!2440;AMPTShort!2441;AMPTShort!2442,False
BRL,5,II.14,Inoculation!61,MBE[2] +,0.7660089029898797,,16,1,28.88,35.68,Analyses!59,AMPTShort!2691;AMPTShort!2692;AMPTShort!2693;AMPTShort!2694;AMPTShort!2695;AMPTShort!2696;AMPTShort!2697;AMPTShort!2698;AMPTShort!2699;AMPTShort!2700;AMPTShort!2701;AMPTShort!2702;AMPTShort!2703;AMPTShort!2704;AMPTShort!2705;AMPTShort!2706,False
BRL,5,II.15,Inoculation!62,MBE[2] +,0.7660089029898797,,16,1,28.88,35.68,Analyses!60,AMPTShort!2955;AMPTShort!2956;AMPTShort!2957;AMPTShort!2958;AMPTShort!2959;AMPTShort!2960;AMPTShort!2961;AMPTShort!2962;AMPTShort!2963;AMPTShort!2964;AMPTShort!2965;AMPTShort!2966;AMPTShort!2967;AMPTShort!2968;AMPTShort!2969;AMPTShort!2970,False
BRL,5,II.4,Inoculation!51,MBE[0],0.6423809712343894,,16,1,28.88,35.68,Analyses!61,AMPTShort!66;AMPTShort!67;AMPTShort!68;AMPTShort!69;AMPTShort!70;AMPTShort!71;AMPTShort!72;AMPTShort!73;AMPTShort!74;AMPTShort!75;AMPTShort!76;AMPTShort!77;AMPTShort!78;AMPTShort!79;AMPTShort!80;AMPTShort!81,False
BRL,5,II.5,Inoculation!52,MBE[0],0,,16,0,28.88,35.68,,AMPTShort!329;AMPTShort!330;AMPTShort!331;AMPTShort!332;AMPTShort!333;AMPTShort!334;AMPTShort!335;AMPTShort!336;AMPTShort!337;AMPTShort!338;AMPTShort!339;AMPTShort!340;AMPTShort!341;AMPTShort!342;AMPTShort!343;AMPTShort!344,False
BRL,5,II.6,Inoculation!53,MBE[0],0,,16,1,28.88,35.68,Analyses!62,AMPTShort!592;AMPTShort!593;AMPTShort!594;AMPTShort!595;AMPTShort!596;AMPTShort!597;AMPTShort!598;AMPTShort!599;AMPTShort!600;AMPTShort!601;AMPTShort!602;AMPTShort!603;AMPTShort!604;AMPTShort!605;AMPTShort!606;AMPTShort!607,False
BRL,5,II.7,Inoculation!54,MBE[1],0.38300445149493983,,16,1,28.88,35.68,Analyses!63,AMPTShort!855;AMPTShort!856;AMPTShort!857;AMPTShort!858;AMPTShort!859;AMPTShort!860;AMPTShort!861;AMPTShort!862;AMPTShort!863;AMPTShort!864;AMPTShort!865;AMPTShort!866;AMPTShort!867;AMPTShort!868;AMPTShort!869;AMPTShort!870,False
BRL,5,II.8,Inoculation!55,MBE[1],0.38300445149493983,,16,1,28.88,35.68,Analyses!64,AMPTShort!1117;AMPTShort!1118;AMPTShort!1119;AMPTShort!1120;AMPTShort!1121;AMPTShort!1122;AMPTShort!1123;AMPTShort!1124;AMPTShort!1125;AMPTShort!1126;AMPTShort!1127;AMPTShort!1128;AMPTShort!1129;AMPTShort!1130;AMPTShort!1131;AMPTShort!1132,False
BRL,5,II.9,Inoculation!56,MBE[1],0.38300445149493983,,16,1,28.88,35.68,Analyses!65,AMPTShort!1379;AMPTShort!1380;AMPTShort!1381;AMPTShort!1382;AMPTShort!1383;AMPTShort!1384;AMPTShort!1385;AMPTShort!1386;AMPTShort!1387;AMPTShort!1388;AMPTShort!1389;AMPTShort!1390;AMPTShort!1391;AMPTShort!1392;AMPTShort!1393;AMPTShort!1394,False
BRL,6,II.10,Inoculation!69,MBE[2],0.6545016962257052,,13,1,35.79,41.3,Analyses!66,AMPTShort!1657;AMPTShort!1658;AMPTShort!1659;AMPTShort!1660;AMPTShort!1661;AMPTShort!1662;AMPTShort!1663;AMPTShort!1664;AMPTShort!1665;AMPTShort!1666;AMPTShort!1667;AMPTShort!1668;AMPTShort!1669,False
BRL,6,II.11,Inoculation!70,MBE[2],0.6545016962257052,,13,1,35.79,41.3,Analyses!67,AMPTShort!1919;AMPTShort!1920;AMPTShort!1921;AMPTShort!1922;AMPTShort!1923;AMPTShort!1924;AMPTShort!1925;AMPTShort!1926;AMPTShort!1927;AMPTShort!1928;AMPTShort!1929;AMPTShort!1930;AMPTShort!1931,False
BRL,6,II.12,Inoculation!71,MBE[2],0.6545016962257052,,13,1,35.79,41.3,Analyses!68,AMPTShort!2181;AMPTShort!2182;AMPTShort!2183;AMPTShort!2184;AMPTShort!2185;AMPTShort!2186;AMPTShort!2187;AMPTShort!2188;AMPTShort!2189;AMPTShort!2190;AMPTShort!2191;AMPTShort!2192;AMPTShort!2193,False
BRL,6,II.13,Inoculation!72,MBE[2] +,0.6545016962257052,,13,1,35.79,41.3,Analyses!69,AMPTShort!2443;AMPTShort!2444;AMPTShort!2445;AMPTShort!2446;AMPTShort!2447;AMPTShort!2448;AMPTShort!2449;AMPTShort!2450;AMPTShort!2451;AMPTShort!2452;AMPTShort!2453;AMPTShort!2454;AMPTShort!2455,False
BRL,6,II.14,Inoculation!73,MBE[2] +,0.6545016962257052,,13,1,35.79,41.3,Analyses!70,AMPTShort!2707;AMPTShort!2708;AMPTShort!2709;AMPTShort!2710;AMPTShort!2711;AMPTShort!2712;AMPTShort!2713;AMPTShort!2714;AMPTShort!2715;AMPTShort!2716;AMPTShort!2717;AMPTShort!2718;AMPTShort!2719,False
BRL,6,II.15,Inoculation!74,MBE[2] +,0.6545016962257052,,13,1,35.79,41.3,Analyses!71,AMPTShort!2971;AMPTShort!2972;AMPTShort!2973;AMPTShort!2974;AMPTShort!2975;AMPTShort!2976;AMPTShort!2977;AMPTShort!2978;AMPTShort!2979;AMPTShort!2980;AMPTShort!2981;AMPTShort!2982;AMPTShort!2983,False
BRL,6,II.4,Inoculation!63,MBE[0],0,,13,1,35.79,41.3,Analyses!72,AMPTShort!82;AMPTShort!83;AMPTShort!84;AMPTShort!85;AMPTShort!86;AMPTShort!87;AMPTShort!88;AMPTShort!89;AMPTShort!90;AMPTShort!91;AMPTShort!92;AMPTShort!93;AMPTShort!94,False
BRL,6,II.5,Inoculation!64,MBE[0],0,,13,1,35.79,41.3,Analyses!73,AMPTShort!345;AMPTShort!346;AMPTShort!347;AMPTShort!348;AMPTShort!349;AMPTShort!350;AMPTShort!351;AMPTShort!352;AMPTShort!353;AMPTShort!354;AMPTShort!355;AMPTShort!356;AMPTShort!357,False
BRL,6,II.6,Inoculation!65,MBE[0],0,,13,0,35.79,41.3,,AMPTShort!608;AMPTShort!609;AMPTShort!610;AMPTShort!611;AMPTShort!612;AMPTShort!613;AMPTShort!614;AMPTShort!615;AMPTShort!616;AMPTShort!617;AMPTShort!618;AMPTShort!619;AMPTShort!620,False
BRL,6,II.7,Inoculation!66,MBE[1],0.3272508481128526,,13,1,35.79,41.3,Analyses!74,AMPTShort!871;AMPTShort!872;AMPTShort!873;AMPTShort!874;AMPTShort!875;AMPTShort!876;AMPTShort!877;AMPTShort!878;AMPTShort!879;AMPTShort!880;AMPTShort!881;AMPTShort!882;AMPTShort!883,False
BRL,6,II.8,Inoculation!67,MBE[1],0.3272508481128526,,13,1,35.79,41.3,Analyses!75,AMPTShort!1133;AMPTShort!1134;AMPTShort!1135;AMPTShort!1136;AMPTShort!1137;AMPTShort!1138;AMPTShort!1139;AMPTShort!1140;AMPTShort!1141;AMPTShort!1142;AMPTShort!1143;AMPTShort!1144;AMPTShort!1145,False
BRL,6,II.9,Inoculation!68,MBE[1],0.3272508481128526,,13,0,35.79,41.3,,AMPTShort!1395;AMPTShort!1396;AMPTShort!1397;AMPTShort!1398;AMPTShort!1399;AMPTShort!1400;AMPTShort!1401;AMPTShort!1402;AMPTShort!1403;AMPTShort!1404;AMPTShort!1405;AMPTShort!1406;AMPTShort!1407,False
BRL,7,II.10,Inoculation!81,MBE[2],0.7635845880551989,,17,0,41.71,49.13,,AMPTShort!1670;AMPTShort!1671;AMPTShort!1672;AMPTShort!1673;AMPTShort!1674;AMPTShort!1675;AMPTShort!1676;AMPTShort!1677;AMPTShort!1678;AMPTShort!1679;AMPTShort!1680;AMPTShort!1681;AMPTShort!1682;AMPTShort!1683;AMPTShort!1684;AMPTShort!1685;AMPTShort!1686,False
BRL,7,II.11,Inoculation!82,MBE[2],0.7635845880551989,,17,0,41.71,49.13,,AMPTShort!1932;AMPTShort!1933;AMPTShort!1934;AMPTShort!1935;AMPTShort!1936;AMPTShort!1937;AMPTShort!1938;AMPTShort!1939;AMPTShort!1940;AMPTShort!1941;AMPTShort!1942;AMPTShort!1943;AMPTShort!1944;AMPTShort!1945;AMPTShort!1946;AMPTShort!1947;AMPTShort!1948,False
BRL,7,II.12,Inoculation!83,MBE[2],0.7635845880551989,,17,0,41.71,49.13,,AMPTShort!2194;AMPTShort!2195;AMPTShort!2196;AMPTShort!2197;AMPTShort!2198;AMPTShort!2199;AMPTShort!2200;AMPTShort!2201;AMPTShort!2202;AMPTShort!2203;AMPTShort!2204;AMPTShort!2205;AMPTShort!2206;AMPTShort!2207;AMPTShort!2208;AMPTShort!2209;AMPTShort!2210,False
BRL,7,II.13,Inoculation!84,MBE[2] +,0.7635845880551989,,17,0,41.71,49.13,,AMPTShort!2456;AMPTShort!2457;AMPTShort!2458;AMPTShort!2459;AMPTShort!2460;AMPTShort!2461;AMPTShort!2462;AMPTShort!2463;AMPTShort!2464;AMPTShort!2465;AMPTShort!2466;AMPTShort!2467;AMPTShort!2468;AMPTShort!2469;AMPTShort!2470;AMPTShort!2471;AMPTShort!2472,False
BRL,7,II.14,Inoculation!85,MBE[2] +,0.7635845880551989,,17,0,41.71,49.13,,AMPTShort!2720;AMPTShort!2721;AMPTShort!2722;AMPTShort!2723;AMPTShort!2724;AMPTShort!2725;AMPTShort!2726;AMPTShort!2727;AMPTShort!2728;AMPTShort!2729;AMPTShort!2730;AMPTShort!2731;AMPTShort!2732;AMPTShort!2733;AMPTShort!2734;AMPTShort!2735;AMPTShort!2736,False
BRL,7,II.15,Inoculation!86,MBE[2] +,0.7635845880551989,,17,0,41.71,49.13,,AMPTShort!2984;AMPTShort!2985;AMPTShort!2986;AMPTShort!2987;AMPTShort!2988;AMPTShort!2989;AMPTShort!2990;AMPTShort!2991;AMPTShort!2992;AMPTShort!2993;AMPTShort!2994;AMPTShort!2995;AMPTShort!2996;AMPTShort!2997;AMPTShort!2998;AMPTShort!2999;AMPTShort!3000,False
BRL,7,II.4,Inoculation!75,MBE[0],0,,17,0,41.71,49.13,,AMPTShort!95;AMPTShort!96;AMPTShort!97;AMPTShort!98;AMPTShort!99;AMPTShort!100;AMPTShort!101;AMPTShort!102;AMPTShort!103;AMPTShort!104;AMPTShort!105;AMPTShort!106;AMPTShort!107;AMPTShort!108;AMPTShort!109;AMPTShort!110;AMPTShort!111,False
BRL,7,II.5,Inoculation!76,MBE[0],0,,17,0,41.71,49.13,,AMPTShort!358;AMPTShort!359;AMPTShort!360;AMPTShort!361;AMPTShort!362;AMPTShort!363;AMPTShort!364;AMPTShort!365;AMPTShort!366;AMPTShort!367;AMPTShort!368;AMPTShort!369;AMPTShort!370;AMPTShort!371;AMPTShort!372;AMPTShort!373;AMPTShort!374,False
BRL,7,II.6,Inoculation!77,MBE[0],0,,17,0,41.71,49.13,,AMPTShort!621;AMPTShort!622;AMPTShort!623;AMPTShort!624;AMPTShort!625;AMPTShort!626;AMPTShort!627;AMPTShort!628;AMPTShort!629;AMPTShort!630;AMPTShort!631;AMPTShort!632;AMPTShort!633;AMPTShort!634;AMPTShort!635;AMPTShort!636;AMPTShort!637,False
BRL,7,II.7,Inoculation!78,MBE[1],0.38179229402759945,,17,0,41.71,49.13,,AMPTShort!884;AMPTShort!885;AMPTShort!886;AMPTShort!887;AMPTShort!888;AMPTShort!889;AMPTShort!890;AMPTShort!891;AMPTShort!892;AMPTShort!893;AMPTShort!894;AMPTShort!895;AMPTShort!896;AMPTShort!897;AMPTShort!898;AMPTShort!899;AMPTShort!900,False
BRL,7,II.8,Inoculation!79,MBE[1],0.38179229402759945,,17,0,41.71,49.13,,AMPTShort!1146;AMPTShort!1147;AMPTShort!1148;AMPTShort!1149;AMPTShort!1150;AMPTShort!1151;AMPTShort!1152;AMPTShort!1153;AMPTShort!1154;AMPTShort!1155;AMPTShort!1156;AMPTShort!1157;AMPTShort!1158;AMPTShort!1159;AMPTShort!1160;AMPTShort!1161;AMPTShort!1162,False
BRL,7,II.9,Inoculation!80,MBE[1],0.38179229402759945,,17,0,41.71,49.13,,AMPTShort!1408;AMPTShort!1409;AMPTShort!1410;AMPTShort!1411;AMPTShort!1412;AMPTShort!1413;AMPTShort!1414;AMPTShort!1415;AMPTShort!1416;AMPTShort!1417;AMPTShort!1418;AMPTShort!1419;AMPTShort!1420;AMPTShort!1421;AMPTShort!1422;AMPTShort!1423;AMPTShort!1424,False
BRL,8,II.10,Inoculation!93,MBE[2],0.7635845880551989,,16,1,49.46,56.34,Analyses!76,AMPTShort!1687;AMPTShort!1688;AMPTShort!1689;AMPTShort!1690;AMPTShort!1691;AMPTShort!1692;AMPTShort!1693;AMPTShort!1694;AMPTShort!1695;AMPTShort!1696;AMPTShort!1697;AMPTShort!1698;AMPTShort!1699;AMPTShort!1700;AMPTShort!1701;AMPTShort!1702,False
BRL,8,II.11,Inoculation!94,MBE[2],0.7635845880551989,,16,1,49.46,56.34,Analyses!77,AMPTShort!1949;AMPTShort!1950;AMPTShort!1951;AMPTShort!1952;AMPTShort!1953;AMPTShort!1954;AMPTShort!1955;AMPTShort!1956;AMPTShort!1957;AMPTShort!1958;AMPTShort!1959;AMPTShort!1960;AMPTShort!1961;AMPTShort!1962;AMPTShort!1963;AMPTShort!1964,False
BRL,8,II.12,Inoculation!95,MBE[2],0.7635845880551989,,16,1,49.46,56.34,Analyses!78,AMPTShort!2211;AMPTShort!2212;AMPTShort!2213;AMPTShort!2214;AMPTShort!2215;AMPTShort!2216;AMPTShort!2217;AMPTShort!2218;AMPTShort!2219;AMPTShort!2220;AMPTShort!2221;AMPTShort!2222;AMPTShort!2223;AMPTShort!2224;AMPTShort!2225;AMPTShort!2226,False
BRL,8,II.13,Inoculation!96,MBE[2] +,0.7635845880551989,,16,1,49.46,56.34,Analyses!79,AMPTShort!2473;AMPTShort!2474;AMPTShort!2475;AMPTShort!2476;AMPTShort!2477;AMPTShort!2478;AMPTShort!2479;AMPTShort!2480;AMPTShort!2481;AMPTShort!2482;AMPTShort!2483;AMPTShort!2484;AMPTShort!2485;AMPTShort!2486;AMPTShort!2487;AMPTShort!2488,False
BRL,8,II.14,Inoculation!97,MBE[2] +,0.7635845880551989,,16,1,49.46,56.34,Analyses!80,AMPTShort!2737;AMPTShort!2738;AMPTShort!2739;AMPTShort!2740;AMPTShort!2741;AMPTShort!2742;AMPTShort!2743;AMPTShort!2744;AMPTShort!2745;AMPTShort!2746;AMPTShort!2747;AMPTShort!2748;AMPTShort!2749;AMPTShort!2750;AMPTShort!2751;AMPTShort!2752,False
BRL,8,II.15,Inoculation!98,MBE[2] +,0.7635845880551989,,16,1,49.46,56.34,Analyses!81,AMPTShort!3001;AMPTShort!3002;AMPTShort!3003;AMPTShort!3004;AMPTShort!3005;AMPTShort!3006;AMPTShort!3007;AMPTShort!3008;AMPTShort!3009;AMPTShort!3010;AMPTShort!3011;AMPTShort!3012;AMPTShort!3013;AMPTShort!3014;AMPTShort!3015;AMPTShort!3016,False
BRL,8,II.4,Inoculation!87,MBE[0],0,,16,1,49.46,56.34,Analyses!82,AMPTShort!112;AMPTShort!113;AMPTShort!114;AMPTShort!115;AMPTShort!116;AMPTShort!117;AMPTShort!118;AMPTShort!119;AMPTShort!120;AMPTShort!121;AMPTShort!122;AMPTShort!123;AMPTShort!124;AMPTShort!125;AMPTShort!126;AMPTShort!127,False
BRL,8,II.5,Inoculation!88,MBE[0],0,,16,1,49.46,56.34,Analyses!83,AMPTShort!375;AMPTShort!376;AMPTShort!377;AMPTShort!378;AMPTShort!379;AMPTShort!380;AMPTShort!381;AMPTShort!382;AMPTShort!383;AMPTShort!384;AMPTShort!385;AMPTShort!386;AMPTShort!387;AMPTShort!388;AMPTShort!389;AMPTShort!390,False
BRL,8,II.6,Inoculation!89,MBE[0],0,,16,0,49.46,56.34,,AMPTShort!638;AMPTShort!639;AMPTShort!640;AMPTShort!641;AMPTShort!642;AMPTShort!643;AMPTShort!644;AMPTShort!645;AMPTShort!646;AMPTShort!647;AMPTShort!648;AMPTShort!649;AMPTShort!650;AMPTShort!651;AMPTShort!652;AMPTShort!653,False
BRL,8,II.7,Inoculation!90,MBE[1],0.38179229402759945,,16,1,49.46,56.34,Analyses!84,AMPTShort!901;AMPTShort!902;AMPTShort!903;AMPTShort!904;AMPTShort!905;AMPTShort!906;AMPTShort!907;AMPTShort!908;AMPTShort!909;AMPTShort!910;AMPTShort!911;AMPTShort!912;AMPTShort!913;AMPTShort!914;AMPTShort!915;AMPTShort!916,False
BRL,8,II.8,Inoculation!91,MBE[1],0.38179229402759945,,16,1,49.46,56.34,Analyses!85,AMPTShort!1163;AMPTShort!1164;AMPTShort!1165;AMPTShort!1166;AMPTShort!1167;AMPTShort!1168;AMPTShort!1169;AMPTShort!1170;AMPTShort!1171;AMPTShort!1172;AMPTShort!1173;AMPTShort!1174;AMPTShort!1175;AMPTShort!1176;AMPTShort!1177;AMPTShort!1178,False
BRL,8,II.9,Inoculation!92,MBE[1],0.38179229402759945,,16,1,49.46,56.34,Analyses!86,AMPTShort!1425;AMPTShort!1426;AMPTShort!1427;AMPTShort!1428;AMPTShort!1429;AMPTShort!1430;AMPTShort!1431;AMPTShort!1432;AMPTShort!1433;AMPTShort!1434;AMPTShort!1435;AMPTShort!1436;AMPTShort!1437;AMPTShort!1438;AMPTShort!1439;AMPTShort!1440,False
BRL,9,II.10,Inoculation!105,MBE[2],0.7635845880551989,,16,1,56.46,63.26,Analyses!87,AMPTShort!1703;AMPTShort!1704;AMPTShort!1705;AMPTShort!1706;AMPTShort!1707;AMPTShort!1708;AMPTShort!1709;AMPTShort!1710;AMPTShort!1711;AMPTShort!1712;AMPTShort!1713;AMPTShort!1714;AMPTShort!1715;AMPTShort!1716;AMPTShort!1717;AMPTShort!1718,False
BRL,9,II.11,Inoculation!106,MBE[2],0.7635845880551989,,16,1,56.46,63.26,Analyses!88,AMPTShort!1965;AMPTShort!1966;AMPTShort!1967;AMPTShort!1968;AMPTShort!1969;AMPTShort!1970;AMPTShort!1971;AMPTShort!1972;AMPTShort!1973;AMPTShort!1974;AMPTShort!1975;AMPTShort!1976;AMPTShort!1977;AMPTShort!1978;AMPTShort!1979;AMPTShort!1980,False
BRL,9,II.12,Inoculation!107,MBE[2],0.7635845880551989,,16,1,56.46,63.26,Analyses!89,AMPTShort!2227;AMPTShort!2228;AMPTShort!2229;AMPTShort!2230;AMPTShort!2231;AMPTShort!2232;AMPTShort!2233;AMPTShort!2234;AMPTShort!2235;AMPTShort!2236;AMPTShort!2237;AMPTShort!2238;AMPTShort!2239;AMPTShort!2240;AMPTShort!2241;AMPTShort!2242,False
BRL,9,II.13,Inoculation!108,MBE[2] +,0.7635845880551989,,16,1,56.46,63.26,Analyses!90,AMPTShort!2489;AMPTShort!2490;AMPTShort!2491;AMPTShort!2492;AMPTShort!2493;AMPTShort!2494;AMPTShort!2495;AMPTShort!2496;AMPTShort!2497;AMPTShort!2498;AMPTShort!2499;AMPTShort!2500;AMPTShort!2501;AMPTShort!2502;AMPTShort!2503;AMPTShort!2504,False
BRL,9,II.14,Inoculation!109,MBE[2] +,0.7635845880551989,,16,1,56.46,63.26,Analyses!91,AMPTShort!2753;AMPTShort!2754;AMPTShort!2755;AMPTShort!2756;AMPTShort!2757;AMPTShort!2758;AMPTShort!2759;AMPTShort!2760;AMPTShort!2761;AMPTShort!2762;AMPTShort!2763;AMPTShort!2764;AMPTShort!2765;AMPTShort!2766;AMPTShort!2767;AMPTShort!2768,False
BRL,9,II.15,Inoculation!110,MBE[2] +,0.7635845880551989,,16,0,56.46,63.26,,AMPTShort!3017;AMPTShort!3018;AMPTShort!3019;AMPTShort!3020;AMPTShort!3021;AMPTShort!3022;AMPTShort!3023;AMPTShort!3024;AMPTShort!3025;AMPTShort!3026;AMPTShort!3027;AMPTShort!3028;AMPTShort!3029;AMPTShort!3030;AMPTShort!3031;AMPTShort!3032,False
BRL,9,II.4,Inoculation!99,MBE[0],0,,16,1,56.46,63.26,Analyses!92,AMPTShort!128;AMPTShort!129;AMPTShort!130;AMPTShort!131;AMPTShort!132;AMPTShort!133;AMPTShort!134;AMPTShort!135;AMPTShort!136;AMPTShort!137;AMPTShort!138;AMPTShort!139;AMPTShort!140;AMPTShort!141;AMPTShort!142;AMPTShort!143,False
BRL,9,II.5,Inoculation!100,MBE[0],0,,16,1,56.46,63.26,Analyses!93,AMPTShort!391;AMPTShort!392;AMPTShort!393;AMPTShort!394;AMPTShort!395;AMPTShort!396;AMPTShort!397;AMPTShort!398;AMPTShort!399;AMPTShort!400;AMPTShort!401;AMPTShort!402;AMPTShort!403;AMPTShort!404;AMPTShort!405;AMPTShort!406,False
BRL,9,II.6,Inoculation!101,MBE[0],0,,16,1,56.46,63.26,Analyses!94,AMPTShort!654;AMPTShort!655;AMPTShort!656;AMPTShort!657;AMPTShort!658;AMPTShort!659;AMPTShort!660;AMPTShort!661;AMPTShort!662;AMPTShort!663;AMPTShort!664;AMPTShort!665;AMPTShort!666;AMPTShort!667;AMPTShort!668;AMPTShort!669,False
BRL,9,II.7,Inoculation!102,MBE[1],0.38179229402759945,,16,1,56.46,63.26,Analyses!95,AMPTShort!917;AMPTShort!918;AMPTShort!919;AMPTShort!920;AMPTShort!921;AMPTShort!922;AMPTShort!923;AMPTShort!924;AMPTShort!925;AMPTShort!926;AMPTShort!927;AMPTShort!928;AMPTShort!929;AMPTShort!930;AMPTShort!931;AMPTShort!932,False
BRL,9,II.8,Inoculation!103,MBE[1],0.38179229402759945,,16,1,56.46,63.26,Analyses!96,AMPTShort!1179;AMPTShort!1180;AMPTShort!1181;AMPTShort!1182;AMPTShort!1183;AMPTShort!1184;AMPTShort!1185;AMPTShort!1186;AMPTShort!1187;AMPTShort!1188;AMPTShort!1189;AMPTShort!1190;AMPTShort!1191;AMPTShort!1192;AMPTShort!1193;AMPTShort!1194,False
BRL,9,II.9,Inoculation!104,MBE[1],0.38179229402759945,,16,1,56.46,63.26,Analyses!97,AMPTShort!1441;AMPTShort!1442;AMPTShort!1443;AMPTShort!1444;AMPTShort!1445;AMPTShort!1446;AMPTShort!1447;AMPTShort!1448;AMPTShort!1449;AMPTShort!1450;AMPTShort!1451;AMPTShort!1452;AMPTShort!1453;AMPTShort!1454;AMPTShort!1455;AMPTShort!1456,False
BRL,10,II.10,Inoculation!117,MBE[2],0.7635845880551989,,16,1,63.42,70.22,Analyses!98,AMPTShort!1719;AMPTShort!1720;AMPTShort!1721;AMPTShort!1722;AMPTShort!1723;AMPTShort!1724;AMPTShort!1725;AMPTShort!1726;AMPTShort!1727;AMPTShort!1728;AMPTShort!1729;AMPTShort!1730;AMPTShort!1731;AMPTShort!1732;AMPTShort!1733;AMPTShort!1734,False
BRL,10,II.11,Inoculation!118,MBE[2],0.7635845880551989,,16,0,63.42,70.22,,AMPTShort!1981;AMPTShort!1982;AMPTShort!1983;AMPTShort!1984;AMPTShort!1985;AMPTShort!1986;AMPTShort!1987;AMPTShort!1988;AMPTShort!1989;AMPTShort!1990;AMPTShort!1991;AMPTShort!1992;AMPTShort!1993;AMPTShort!1994;AMPTShort!1995;AMPTShort!1996,False
BRL,10,II.12,Inoculation!119,MBE[2],0.7635845880551989,,16,1,63.42,70.22,Analyses!99,AMPTShort!2243;AMPTShort!2244;AMPTShort!2245;AMPTShort!2246;AMPTShort!2247;AMPTShort!2248;AMPTShort!2249;AMPTShort!2250;AMPTShort!2251;AMPTShort!2252;AMPTShort!2253;AMPTShort!2254;AMPTShort!2255;AMPTShort!2256;AMPTShort!2257;AMPTShort!2258,False
BRL,10,II.13,Inoculation!120,MBE[2] +,0.7635845880551989,,16,1,63.42,70.22,Analyses!100,AMPTShort!2505;AMPTShort!2506;AMPTShort!2507;AMPTShort!2508;AMPTShort!2509;AMPTShort!2510;AMPTShort!2511;AMPTShort!2512;AMPTShort!2513;AMPTShort!2514;AMPTShort!2515;AMPTShort!2516;AMPTShort!2517;AMPTShort!2518;AMPTShort!2519;AMPTShort!2520,False
BRL,10,II.14,Inoculation!121,MBE[2] +,0.7635845880551989,,16,0,63.42,70.22,,AMPTShort!2769;AMPTShort!2770;AMPTShort!2771;AMPTShort!2772;AMPTShort!2773;AMPTShort!2774;AMPTShort!2775;AMPTShort!2776;AMPTShort!2777;AMPTShort!2778;AMPTShort!2779;AMPTShort!2780;AMPTShort!2781;AMPTShort!2782;AMPTShort!2783;AMPTShort!2784,False
BRL,10,II.15,Inoculation!122,MBE[2] +,0.7635845880551989,,16,1,63.42,70.22,Analyses!101,AMPTShort!3033;AMPTShort!3034;AMPTShort!3035;AMPTShort!3036;AMPTShort!3037;AMPTShort!3038;AMPTShort!3039;AMPTShort!3040;AMPTShort!3041;AMPTShort!3042;AMPTShort!3043;AMPTShort!3044;AMPTShort!3045;AMPTShort!3046;AMPTShort!3047;AMPTShort!3048,False
BRL,10,II.4,Inoculation!111,MBE[0],0,,16,1,63.42,70.22,Analyses!102,AMPTShort!144;AMPTShort!145;AMPTShort!146;AMPTShort!147;AMPTShort!148;AMPTShort!149;AMPTShort!150;AMPTShort!151;AMPTShort!152;AMPTShort!153;AMPTShort!154;AMPTShort!155;AMPTShort!156;AMPTShort!157;AMPTShort!158;AMPTShort!159,False
BRL,10,II.5,Inoculation!112,MBE[0],0,,16,0,63.42,70.22,,AMPTShort!407;AMPTShort!408;AMPTShort!409;AMPTShort!410;AMPTShort!411;AMPTShort!412;AMPTShort!413;AMPTShort!414;AMPTShort!415;AMPTShort!416;AMPTShort!417;AMPTShort!418;AMPTShort!419;AMPTShort!420;AMPTShort!421;AMPTShort!422,False
BRL,10,II.6,Inoculation!113,MBE[0],0,,16,1,63.42,70.22,Analyses!103,AMPTShort!670;AMPTShort!671;AMPTShort!672;AMPTShort!673;AMPTShort!674;AMPTShort!675;AMPTShort!676;AMPTShort!677;AMPTShort!678;AMPTShort!679;AMPTShort!680;AMPTShort!681;AMPTShort!682;AMPTShort!683;AMPTShort!684;AMPTShort!685,False
BRL,10,II.7,Inoculation!114,MBE[1],0.38179229402759945,,16,1,63.42,70.22,Analyses!104,AMPTShort!933;AMPTShort!934;AMPTShort!935;AMPTShort!936;AMPTShort!937;AMPTShort!938;AMPTShort!939;AMPTShort!940;AMPTShort!941;AMPTShort!942;AMPTShort!943;AMPTShort!944;AMPTShort!945;AMPTShort!946;AMPTShort!947;AMPTShort!948,False
BRL,10,II.8,Inoculation!115,MBE[1],0.38179229402759945,,16,0,63.42,70.22,,AMPTShort!1195;AMPTShort!1196;AMPTShort!1197;AMPTShort!1198;AMPTShort!1199;AMPTShort!1200;AMPTShort!1201;AMPTShort!1202;AMPTShort!1203;AMPTShort!1204;AMPTShort!1205;AMPTShort!1206;AMPTShort!1207;AMPTShort!1208;AMPTShort!1209;AMPTShort!1210,False
BRL,10,II.9,Inoculation!116,MBE[1],0.38179229402759945,,16,1,63.42,70.22,Analyses!105,AMPTShort!1457;AMPTShort!1458;AMPTShort!1459;AMPTShort!1460;AMPTShort!1461;AMPTShort!1462;AMPTShort!1463;AMPTShort!1464;AMPTShort!1465;AMPTShort!1466;AMPTShort!1467;AMPTShort!1468;AMPTShort!1469;AMPTShort!1470;AMPTShort!1471;AMPTShort!1472,False
BRL,11,II.10,Inoculation!129,MBE[2],0.7635845880551989,3.11,16,1,70.42,77.13,Analyses!106,AMPTShort!1735;AMPTShort!1736;AMPTShort!1737;AMPTShort!1738;AMPTShort!1739;AMPTShort!1740;AMPTShort!1741;AMPTShort!1742;AMPTShort!1743;AMPTShort!1744;AMPTShort!1745;AMPTShort!1746;AMPTShort!1747;AMPTShort!1748;AMPTShort!1749;AMPTShort!1750,False
BRL,11,II.11,Inoculation!130,MBE[2],0.7635845880551989,3.11,16,1,70.42,77.13,Analyses!107,AMPTShort!1997;AMPTShort!1998;AMPTShort!1999;AMPTShort!2000;AMPTShort!2001;AMPTShort!2002;AMPTShort!2003;AMPTShort!2004;AMPTShort!2005;AMPTShort!2006;AMPTShort!2007;AMPTShort!2008;AMPTShort!2009;AMPTShort!2010;AMPTShort!2011;AMPTShort!2012,False
BRL,11,II.12,Inoculation!131,MBE[2],0.7635845880551989,3.11,16,0,70.42,77.13,,AMPTShort!2259;AMPTShort!2260;AMPTShort!2261;AMPTShort!2262;AMPTShort!2263;AMPTShort!2264;AMPTShort!2265;AMPTShort!2266;AMPTShort!2267;AMPTShort!2268;AMPTShort!2269;AMPTShort!2270;AMPTShort!2271;AMPTShort!2272;AMPTShort!2273;AMPTShort!2274,False
BRL,11,II.13,Inoculation!132,MBE[2] + N,0.7635845880551989,3.11,16,1,70.42,77.13,Analyses!108,AMPTShort!2521;AMPTShort!2522;AMPTShort!2523;AMPTShort!2524;AMPTShort!2525;AMPTShort!2526;AMPTShort!2527;AMPTShort!2528;AMPTShort!2529;AMPTShort!2530;AMPTShort!2531;AMPTShort!2532;AMPTShort!2533;AMPTShort!2534;AMPTShort!2535;AMPTShort!2536,False
BRL,11,II.14,Inoculation!133,MBE[2] + N,0.7635845880551989,3.11,16,1,70.42,77.13,Analyses!109,AMPTShort!2785;AMPTShort!2786;AMPTShort!2787;AMPTShort!2788;AMPTShort!2789;AMPTShort!2790;AMPTShort!2791;AMPTShort!2792;AMPTShort!2793;AMPTShort!2794;AMPTShort!2795;AMPTShort!2796;AMPTShort!2797;AMPTShort!2798;AMPTShort!2799;AMPTShort!2800,False
BRL,11,II.15,Inoculation!134,MBE[2] + N,0.7635845880551989,3.11,16,0,70.42,77.13,,AMPTShort!3049;AMPTShort!3050;AMPTShort!3051;AMPTShort!3052;AMPTShort!3053;AMPTShort!3054;AMPTShort!3055;AMPTShort!3056;AMPTShort!3057;AMPTShort!3058;AMPTShort!3059;AMPTShort!3060;AMPTShort!3061;AMPTShort!3062;AMPTShort!3063;AMPTShort!3064,False
BRL,11,II.4,Inoculation!123,MBE[0],0,3.11,16,1,70.42,77.13,Analyses!110,AMPTShort!160;AMPTShort!161;AMPTShort!162;AMPTShort!163;AMPTShort!164;AMPTShort!165;AMPTShort!166;AMPTShort!167;AMPTShort!168;AMPTShort!169;AMPTShort!170;AMPTShort!171;AMPTShort!172;AMPTShort!173;AMPTShort!174;AMPTShort!175,False
BRL,11,II.5,Inoculation!124,MBE[0],0,3.11,16,1,70.42,77.13,Analyses!111,AMPTShort!423;AMPTShort!424;AMPTShort!425;AMPTShort!426;AMPTShort!427;AMPTShort!428;AMPTShort!429;AMPTShort!430;AMPTShort!431;AMPTShort!432;AMPTShort!433;AMPTShort!434;AMPTShort!435;AMPTShort!436;AMPTShort!437;AMPTShort!438,False
BRL,11,II.6,Inoculation!125,MBE[0],0,3.11,16,0,70.42,77.13,,AMPTShort!686;AMPTShort!687;AMPTShort!688;AMPTShort!689;AMPTShort!690;AMPTShort!691;AMPTShort!692;AMPTShort!693;AMPTShort!694;AMPTShort!695;AMPTShort!696;AMPTShort!697;AMPTShort!698;AMPTShort!699;AMPTShort!700;AMPTShort!701,False
BRL,11,II.7,Inoculation!126,MBE[1],0.38179229402759945,3.11,16,1,70.42,77.13,Analyses!112,AMPTShort!949;AMPTShort!950;AMPTShort!951;AMPTShort!952;AMPTShort!953;AMPTShort!954;AMPTShort!955;AMPTShort!956;AMPTShort!957;AMPTShort!958;AMPTShort!959;AMPTShort!960;AMPTShort!961;AMPTShort!962;AMPTShort!963;AMPTShort!964,False
BRL,11,II.8,Inoculation!127,MBE[1],0.38179229402759945,3.11,16,1,70.42,77.13,Analyses!113,AMPTShort!1211;AMPTShort!1212;AMPTShort!1213;AMPTShort!1214;AMPTShort!1215;AMPTShort!1216;AMPTShort!1217;AMPTShort!1218;AMPTShort!1219;AMPTShort!1220;AMPTShort!1221;AMPTShort!1222;AMPTShort!1223;AMPTShort!1224;AMPTShort!1225;AMPTShort!1226,False
BRL,11,II.9,Inoculation!128,MBE[1],0.38179229402759945,3.11,16,0,70.42,77.13,,AMPTShort!1473;AMPTShort!1474;AMPTShort!1475;AMPTShort!1476;AMPTShort!1477;AMPTShort!1478;AMPTShort!1479;AMPTShort!1480;AMPTShort!1481;AMPTShort!1482;AMPTShort!1483;AMPTShort!1484;AMPTShort!1485;AMPTShort!1486;AMPTShort!1487;AMPTShort!1488,False
BRL,12,II.10,Inoculation!141,MBE[2],0.7635845880551989,0,16,1,77.33,84.18,Analyses!114,AMPTShort!1751;AMPTShort!1752;AMPTShort!1753;AMPTShort!1754;AMPTShort!1755;AMPTShort!1756;AMPTShort!1757;AMPTShort!1758;AMPTShort!1759;AMPTShort!1760;AMPTShort!1761;AMPTShort!1762;AMPTShort!1763;AMPTShort!1764;AMPTShort!1765;AMPTShort!1766,False
BRL,12,II.11,Inoculation!142,MBE[2],0.7635845880551989,0,16,0,77.33,84.18,,AMPTShort!2013;AMPTShort!2014;AMPTShort!2015;AMPTShort!2016;AMPTShort!2017;AMPTShort!2018;AMPTShort!2019;AMPTShort!2020;AMPTShort!2021;AMPTShort!2022;AMPTShort!2023;AMPTShort!2024;AMPTShort!2025;AMPTShort!2026;AMPTShort!2027;AMPTShort!2028,False
BRL,12,II.12,Inoculation!143,MBE[2],0.7635845880551989,0,16,1,77.33,84.18,Analyses!115,AMPTShort!2275;AMPTShort!2276;AMPTShort!2277;AMPTShort!2278;AMPTShort!2279;AMPTShort!2280;AMPTShort!2281;AMPTShort!2282;AMPTShort!2283;AMPTShort!2284;AMPTShort!2285;AMPTShort!2286;AMPTShort!2287;AMPTShort!2288;AMPTShort!2289;AMPTShort!2290,False
BRL,12,II.13,Inoculation!144,MBE[2] + N,0.7635845880551989,0.15,16,1,77.33,84.18,Analyses!116,AMPTShort!2537;AMPTShort!2538;AMPTShort!2539;AMPTShort!2540;AMPTShort!2541;AMPTShort!2542;AMPTShort!2543;AMPTShort!2544;AMPTShort!2545;AMPTShort!2546;AMPTShort!2547;AMPTShort!2548;AMPTShort!2549;AMPTShort!2550;AMPTShort!2551;AMPTShort!2552,False
BRL,12,II.14,Inoculation!145,MBE[2] + N,0.7635845880551989,0.15,16,0,77.33,84.18,,AMPTShort!2801;AMPTShort!2802;AMPTShort!2803;AMPTShort!2804;AMPTShort!2805;AMPTShort!2806;AMPTShort!2807;AMPTShort!2808;AMPTShort!2809;AMPTShort!2810;AMPTShort!2811;AMPTShort!2812;AMPTShort!2813;AMPTShort!2814;AMPTShort!2815;AMPTShort!2816,False
BRL,12,II.15,Inoculation!146,MBE[2] + N,0.7635845880551989,0.15,16,1,77.33,84.18,Analyses!117,AMPTShort!3065;AMPTShort!3066;AMPTShort!3067;AMPTShort!3068;AMPTShort!3069;AMPTShort!3070;AMPTShort!3071;AMPTShort!3072;AMPTShort!3073;AMPTShort!3074;AMPTShort!3075;AMPTShort!3076;AMPTShort!3077;AMPTShort!3078;AMPTShort!3079;AMPTShort!3080,False
BRL,12,II.4,Inoculation!135,MBE[0],0,0,16,1,77.33,84.18,Analyses!118,AMPTShort!176;AMPTShort!177;AMPTShort!178;AMPTShort!179;AMPTShort!180;AMPTShort!181;AMPTShort!182;AMPTShort!183;AMPTShort!184;AMPTShort!185;AMPTShort!186;AMPTShort!187;AMPTShort!188;AMPTShort!189;AMPTShort!190;AMPTShort!191,False
BRL,12,II.5,Inoculation!136,MBE[0],0,0,16,0,77.33,84.18,,AMPTShort!439;AMPTShort!440;AMPTShort!441;AMPTShort!442;AMPTShort!443;AMPTShort!444;AMPTShort!445;AMPTShort!446;AMPTShort!447;AMPTShort!448;AMPTShort!449;AMPTShort!450;AMPTShort!451;AMPTShort!452;AMPTShort!453;AMPTShort!454,False
BRL,12,II.6,Inoculation!137,MBE[0],0,0,16,1,77.33,84.18,Analyses!119,AMPTShort!702;AMPTShort!703;AMPTShort!704;AMPTShort!705;AMPTShort!706;AMPTShort!707;AMPTShort!708;AMPTShort!709;AMPTShort!710;AMPTShort!711;AMPTShort!712;AMPTShort!713;AMPTShort!714;AMPTShort!715;AMPTShort!716;AMPTShort!717,False
BRL,12,II.7,Inoculation!138,MBE[1],0.38179229402759945,0,16,1,77.33,84.18,Analyses!120,AMPTShort!965;AMPTShort!966;AMPTShort!967;AMPTShort!968;AMPTShort!969;AMPTShort!970;AMPTShort!971;AMPTShort!972;AMPTShort!973;AMPTShort!974;AMPTShort!975;AMPTShort!976;AMPTShort!977;AMPTShort!978;AMPTShort!979;AMPTShort!980,False
BRL,12,II.8,Inoculation!139,MBE[1],0.38179229402759945,0,16,0,77.33,84.18,,AMPTShort!1227;AMPTShort!1228;AMPTShort!1229;AMPTShort!1230;AMPTShort!1231;AMPTShort!1232;AMPTShort!1233;AMPTShort!1234;AMPTShort!1235;AMPTShort!1236;AMPTShort!1237;AMPTShort!1238;AMPTShort!1239;AMPTShort!1240;AMPTShort!1241;AMPTShort!1242,False
BRL,12,II.9,Inoculation!140,MBE[1],0.38179229402759945,0,16,1,77.33,84.18,Analyses!121,AMPTShort!1489;AMPTShort!1490;AMPTShort!1491;AMPTShort!1492;AMPTShort!1493;AMPTShort!1494;AMPTShort!1495;AMPTShort!1496;AMPTShort!1497;AMPTShort!1498;AMPTShort!1499;AMPTShort!1500;AMPTShort!1501;AMPTShort!1502;AMPTShort!1503;AMPTShort!1504,False
BRL,13,II.10,Inoculation!153,MBE[2],0.7635845880551989,0,16,1,84.29,91.05,Analyses!122,AMPTShort!1767;AMPTShort!1768;AMPTShort!1769;AMPTShort!1770;AMPTShort!1771;AMPTShort!1772;AMPTShort!1773;AMPTShort!1774;AMPTShort!1775;AMPTShort!1776;AMPTShort!1777;AMPTShort!1778;AMPTShort!1779;AMPTShort!1780;AMPTShort!1781;AMPTShort!1782,False
BRL,13,II.11,Inoculation!154,MBE[2],0.7635845880551989,0,16,1,84.29,91.05,Analyses!123,AMPTShort!2029;AMPTShort!2030;AMPTShort!2031;AMPTShort!2032;AMPTShort!2033;AMPTShort!2034;AMPTShort!2035;AMPTShort!2036;AMPTShort!2037;AMPTShort!2038;AMPTShort!2039;AMPTShort!2040;AMPTShort!2041;AMPTShort!2042;AMPTShort!2043;AMPTShort!2044,False
BRL,13,II.12,Inoculation!155,MBE[2],0.7635845880551989,0,16,0,84.29,91.05,,AMPTShort!2291;AMPTShort!2292;AMPTShort!2293;AMPTShort!2294;AMPTShort!2295;AMPTShort!2296;AMPTShort!2297;AMPTShort!2298;AMPTShort!2299;AMPTShort!2300;AMPTShort!2301;AMPTShort!2302;AMPTShort!2303;AMPTShort!2304;AMPTShort!2305;AMPTShort!2306,False
BRL,13,II.13,Inoculation!156,MBE[2] + N,0.7635845880551989,0.4166107951267629,16,1,84.29,91.05,Analyses!124,AMPTShort!2553;AMPTShort!2554;AMPTShort!2555;AMPTShort!2556;AMPTShort!2557;AMPTShort!2558;AMPTShort!2559;AMPTShort!2560;AMPTShort!2561;AMPTShort!2562;AMPTShort!2563;AMPTShort!2564;AMPTShort!2565;AMPTShort!2566;AMPTShort!2567;AMPTShort!2568,False
BRL,13,II.14,Inoculation!157,MBE[2] + N,0.7635845880551989,0.4166107951267629,16,1,84.29,91.05,Analyses!125,AMPTShort!2817;AMPTShort!2818;AMPTShort!2819;AMPTShort!2820;AMPTShort!2821;AMPTShort!2822;AMPTShort!2823;AMPTShort!2824;AMPTShort!2825;AMPTShort!2826;AMPTShort!2827;AMPTShort!2828;AMPTShort!2829;AMPTShort!2830;AMPTShort!2831;AMPTShort!2832,False
BRL,13,II.15,Inoculation!158,MBE[2] + N,0.7635845880551989,0.4166107951267629,16,0,84.29,91.05,,AMPTShort!3081;AMPTShort!3082;AMPTShort!3083;AMPTShort!3084;AMPTShort!3085;AMPTShort!3086;AMPTShort!3087;AMPTShort!3088;AMPTShort!3089;AMPTShort!3090;AMPTShort!3091;AMPTShort!3092;AMPTShort!3093;AMPTShort!3094;AMPTShort!3095;AMPTShort!3096,False
BRL,13,II.4,Inoculation!147,MBE[0],0,0,16,1,84.29,91.05,Analyses!126,AMPTShort!192;AMPTShort!193;AMPTShort!194;AMPTShort!195;AMPTShort!196;AMPTShort!197;AMPTShort!198;AMPTShort!199;AMPTShort!200;AMPTShort!201;AMPTShort!202;AMPTShort!203;AMPTShort!204;AMPTShort!205;AMPTShort!206;AMPTShort!207,False
BRL,13,II.5,Inoculation!148,MBE[0],0,0,16,1,84.29,91.05,Analyses!127,AMPTShort!455;AMPTShort!456;AMPTShort!457;AMPTShort!458;AMPTShort!459;AMPTShort!460;AMPTShort!461;AMPTShort!462;AMPTShort!463;AMPTShort!464;AMPTShort!465;AMPTShort!466;AMPTShort!467;AMPTShort!468;AMPTShort!469;AMPTShort!470,False
BRL,13,II.6,Inoculation!149,MBE[0],0,0,16,0,84.29,91.05,,AMPTShort!718;AMPTShort!719;AMPTShort!720;AMPTShort!721;AMPTShort!722;AMPTShort!723;AMPTShort!724;AMPTShort!725;AMPTShort!726;AMPTShort!727;AMPTShort!728;AMPTShort!729;AMPTShort!730;AMPTShort!731;AMPTShort!732;AMPTShort!733,False
BRL,13,II.7,Inoculation!150,MBE[1],0.38179229402759945,0,16,1,84.29,91.05,Analyses!128,AMPTShort!981;AMPTShort!982;AMPTShort!983;AMPTShort!984;AMPTShort!985;AMPTShort!986;AMPTShort!987;AMPTShort!988;AMPTShort!989;AMPTShort!990;AMPTShort!991;AMPTShort!992;AMPTShort!993;AMPTShort!994;AMPTShort!995;AMPTShort!996,False
BRL,13,II.8,Inoculation!151,MBE[1],0.38179229402759945,0,16,1,84.29,91.05,Analyses!129,AMPTShort!1243;AMPTShort!1244;AMPTShort!1245;AMPTShort!1246;AMPTShort!1247;AMPTShort!1248;AMPTShort!1249;AMPTShort!1250;AMPTShort!1251;AMPTShort!1252;AMPTShort!1253;AMPTShort!1254;AMPTShort!1255;AMPTShort!1256;AMPTShort!1257;AMPTShort!1258,False
BRL,13,II.9,Inoculation!152,MBE[1],0.38179229402759945,0,16,0,84.29,91.05,,AMPTShort!1505;AMPTShort!1506;AMPTShort!1507;AMPTShort!1508;AMPTShort!1509;AMPTShort!1510;AMPTShort!1511;AMPTShort!1512;AMPTShort!1513;AMPTShort!1514;AMPTShort!1515;AMPTShort!1516;AMPTShort!1517;AMPTShort!1518;AMPTShort!1519;AMPTShort!1520,False
BRL,14,II.10,Inoculation!165,MBE[2],0.7635845880551989,0,56,0,91.25,119.01,,AMPTShort!1783;AMPTShort!1784;AMPTShort!1785;AMPTShort!1786;AMPTShort!1787;AMPTShort!1788;AMPTShort!1789;AMPTShort!1790;AMPTShort!1791;AMPTShort!1792;AMPTShort!1793;AMPTShort!1794;AMPTShort!1795;AMPTShort!1796;AMPTShort!1797;AMPTShort!1798;AMPTShort!1799;AMPTShort!1800;AMPTShort!1801;AMPTShort!1802;AMPTShort!1803;AMPTShort!1804;AMPTShort!1805;AMPTShort!1806;AMPTShort!1807;AMPTShort!1808;AMPTShort!1809;AMPTShort!1810;AMPTShort!1811;AMPTShort!1812;AMPTShort!1813;AMPTShort!1814;AMPTShort!1815;AMPTShort!1816;AMPTShort!1817;AMPTShort!1818;AMPTShort!1819;AMPTShort!1820;AMPTShort!1821;AMPTShort!1822;AMPTShort!1823;AMPTShort!1824;AMPTShort!1825;AMPTShort!1826;AMPTShort!1827;AMPTShort!1828;AMPTShort!1829;AMPTShort!1830;AMPTShort!1831;AMPTShort!1832;AMPTShort!1833;AMPTShort!1834;AMPTShort!1835;AMPTShort!1836;AMPTShort!1837;AMPTShort!1838,False
BRL,14,II.11,Inoculation!166,MBE[2],0.7635845880551989,0,56,0,91.25,119.01,,AMPTShort!2045;AMPTShort!2046;AMPTShort!2047;AMPTShort!2048;AMPTShort!2049;AMPTShort!2050;AMPTShort!2051;AMPTShort!2052;AMPTShort!2053;AMPTShort!2054;AMPTShort!2055;AMPTShort!2056;AMPTShort!2057;AMPTShort!2058;AMPTShort!2059;AMPTShort!2060;AMPTShort!2061;AMPTShort!2062;AMPTShort!2063;AMPTShort!2064;AMPTShort!2065;AMPTShort!2066;AMPTShort!2067;AMPTShort!2068;AMPTShort!2069;AMPTShort!2070;AMPTShort!2071;AMPTShort!2072;AMPTShort!2073;AMPTShort!2074;AMPTShort!2075;AMPTShort!2076;AMPTShort!2077;AMPTShort!2078;AMPTShort!2079;AMPTShort!2080;AMPTShort!2081;AMPTShort!2082;AMPTShort!2083;AMPTShort!2084;AMPTShort!2085;AMPTShort!2086;AMPTShort!2087;AMPTShort!2088;AMPTShort!2089;AMPTShort!2090;AMPTShort!2091;AMPTShort!2092;AMPTShort!2093;AMPTShort!2094;AMPTShort!2095;AMPTShort!2096;AMPTShort!2097;AMPTShort!2098;AMPTShort!2099;AMPTShort!2100,False
BRL,14,II.12,Inoculation!167,MBE[2],0.7635845880551989,0,56,0,91.25,119.01,,AMPTShort!2307;AMPTShort!2308;AMPTShort!2309;AMPTShort!2310;AMPTShort!2311;AMPTShort!2312;AMPTShort!2313;AMPTShort!2314;AMPTShort!2315;AMPTShort!2316;AMPTShort!2317;AMPTShort!2318;AMPTShort!2319;AMPTShort!2320;AMPTShort!2321;AMPTShort!2322;AMPTShort!2323;AMPTShort!2324;AMPTShort!2325;AMPTShort!2326;AMPTShort!2327;AMPTShort!2328;AMPTShort!2329;AMPTShort!2330;AMPTShort!2331;AMPTShort!2332;AMPTShort!2333;AMPTShort!2334;AMPTShort!2335;AMPTShort!2336;AMPTShort!2337;AMPTShort!2338;AMPTShort!2339;AMPTShort!2340;AMPTShort!2341;AMPTShort!2342;AMPTShort!2343;AMPTShort!2344;AMPTShort!2345;AMPTShort!2346;AMPTShort!2347;AMPTShort!2348;AMPTShort!2349;AMPTShort!2350;AMPTShort!2351;AMPTShort!2352;AMPTShort!2353;AMPTShort!2354;AMPTShort!2355;AMPTShort!2356;AMPTShort!2357;AMPTShort!2358;AMPTShort!2359;AMPTShort!2360;AMPTShort!2361;AMPTShort!2362,False
BRL,14,II.13,Inoculation!168,MBE[2] + N,0.7635845880551989,0.4166107951267629,58,0,91.25,119.01,,AMPTShort!2569;AMPTShort!2570;AMPTShort!2571;AMPTShort!2572;AMPTShort!2573;AMPTShort!2574;AMPTShort!2575;AMPTShort!2576;AMPTShort!2577;AMPTShort!2578;AMPTShort!2579;AMPTShort!2580;AMPTShort!2581;AMPTShort!2582;AMPTShort!2583;AMPTShort!2584;AMPTShort!2585;AMPTShort!2586;AMPTShort!2587;AMPTShort!2588;AMPTShort!2589;AMPTShort!2590;AMPTShort!2591;AMPTShort!2592;AMPTShort!2593;AMPTShort!2594;AMPTShort!2595;AMPTShort!2596;AMPTShort!2597;AMPTShort!2598;AMPTShort!2599;AMPTShort!2600;AMPTShort!2601;AMPTShort!2602;AMPTShort!2603;AMPTShort!2604;AMPTShort!2605;AMPTShort!2606;AMPTShort!2607;AMPTShort!2608;AMPTShort!2609;AMPTShort!2610;AMPTShort!2611;AMPTShort!2612;AMPTShort!2613;AMPTShort!2614;AMPTShort!2615;AMPTShort!2616;AMPTShort!2617;AMPTShort!2618;AMPTShort!2619;AMPTShort!2620;AMPTShort!2621;AMPTShort!2622;AMPTShort!2623;AMPTShort!2624;AMPTShort!2625;AMPTShort!2626,False
BRL,14,II.14,Inoculation!169,MBE[2] + N,0.7635845880551989,0.4166107951267629,58,0,91.25,119.01,,AMPTShort!2833;AMPTShort!2834;AMPTShort!2835;AMPTShort!2836;AMPTShort!2837;AMPTShort!2838;AMPTShort!2839;AMPTShort!2840;AMPTShort!2841;AMPTShort!2842;AMPTShort!2843;AMPTShort!2844;AMPTShort!2845;AMPTShort!2846;AMPTShort!2847;AMPTShort!2848;AMPTShort!2849;AMPTShort!2850;AMPTShort!2851;AMPTShort!2852;AMPTShort!2853;AMPTShort!2854;AMPTShort!2855;AMPTShort!2856;AMPTShort!2857;AMPTShort!2858;AMPTShort!2859;AMPTShort!2860;AMPTShort!2861;AMPTShort!2862;AMPTShort!2863;AMPTShort!2864;AMPTShort!2865;AMPTShort!2866;AMPTShort!2867;AMPTShort!2868;AMPTShort!2869;AMPTShort!2870;AMPTShort!2871;AMPTShort!2872;AMPTShort!2873;AMPTShort!2874;AMPTShort!2875;AMPTShort!2876;AMPTShort!2877;AMPTShort!2878;AMPTShort!2879;AMPTShort!2880;AMPTShort!2881;AMPTShort!2882;AMPTShort!2883;AMPTShort!2884;AMPTShort!2885;AMPTShort!2886;AMPTShort!2887;AMPTShort!2888;AMPTShort!2889;AMPTShort!2890,False
BRL,14,II.15,Inoculation!170,MBE[2] + N,0.7635845880551989,0.4166107951267629,58,0,91.25,119.01,,AMPTShort!3097;AMPTShort!3098;AMPTShort!3099;AMPTShort!3100;AMPTShort!3101;AMPTShort!3102;AMPTShort!3103;AMPTShort!3104;AMPTShort!3105;AMPTShort!3106;AMPTShort!3107;AMPTShort!3108;AMPTShort!3109;AMPTShort!3110;AMPTShort!3111;AMPTShort!3112;AMPTShort!3113;AMPTShort!3114;AMPTShort!3115;AMPTShort!3116;AMPTShort!3117;AMPTShort!3118;AMPTShort!3119;AMPTShort!3120;AMPTShort!3121;AMPTShort!3122;AMPTShort!3123;AMPTShort!3124;AMPTShort!3125;AMPTShort!3126;AMPTShort!3127;AMPTShort!3128;AMPTShort!3129;AMPTShort!3130;AMPTShort!3131;AMPTShort!3132;AMPTShort!3133;AMPTShort!3134;AMPTShort!3135;AMPTShort!3136;AMPTShort!3137;AMPTShort!3138;AMPTShort!3139;AMPTShort!3140;AMPTShort!3141;AMPTShort!3142;AMPTShort!3143;AMPTShort!3144;AMPTShort!3145;AMPTShort!3146;AMPTShort!3147;AMPTShort!3148;AMPTShort!3149;AMPTShort!3150;AMPTShort!3151;AMPTShort!3152;AMPTShort!3153;AMPTShort!3154,False
BRL,14,II.4,Inoculation!159,MBE[0],0,0,57,0,91.25,118.8,,AMPTShort!208;AMPTShort!209;AMPTShort!210;AMPTShort!211;AMPTShort!212;AMPTShort!213;AMPTShort!214;AMPTShort!215;AMPTShort!216;AMPTShort!217;AMPTShort!218;AMPTShort!219;AMPTShort!220;AMPTShort!221;AMPTShort!222;AMPTShort!223;AMPTShort!224;AMPTShort!225;AMPTShort!226;AMPTShort!227;AMPTShort!228;AMPTShort!229;AMPTShort!230;AMPTShort!231;AMPTShort!232;AMPTShort!233;AMPTShort!234;AMPTShort!235;AMPTShort!236;AMPTShort!237;AMPTShort!238;AMPTShort!239;AMPTShort!240;AMPTShort!241;AMPTShort!242;AMPTShort!243;AMPTShort!244;AMPTShort!245;AMPTShort!246;AMPTShort!247;AMPTShort!248;AMPTShort!249;AMPTShort!250;AMPTShort!251;AMPTShort!252;AMPTShort!253;AMPTShort!254;AMPTShort!255;AMPTShort!256;AMPTShort!257;AMPTShort!258;AMPTShort!259;AMPTShort!260;AMPTShort!261;AMPTShort!262;AMPTShort!263;AMPTShort!264,False
BRL,14,II.5,Inoculation!160,MBE[0],0,0,57,0,91.25,118.8,,AMPTShort!471;AMPTShort!472;AMPTShort!473;AMPTShort!474;AMPTShort!475;AMPTShort!476;AMPTShort!477;AMPTShort!478;AMPTShort!479;AMPTShort!480;AMPTShort!481;AMPTShort!482;AMPTShort!483;AMPTShort!484;AMPTShort!485;AMPTShort!486;AMPTShort!487;AMPTShort!488;AMPTShort!489;AMPTShort!490;AMPTShort!491;AMPTShort!492;AMPTShort!493;AMPTShort!494;AMPTShort!495;AMPTShort!496;AMPTShort!497;AMPTShort!498;AMPTShort!499;AMPTShort!500;AMPTShort!501;AMPTShort!502;AMPTShort!503;AMPTShort!504;AMPTShort!505;AMPTShort!506;AMPTShort!507;AMPTShort!508;AMPTShort!509;AMPTShort!510;AMPTShort!511;AMPTShort!512;AMPTShort!513;AMPTShort!514;AMPTShort!515;AMPTShort!516;AMPTShort!517;AMPTShort!518;AMPTShort!519;AMPTShort!520;AMPTShort!521;AMPTShort!522;AMPTShort!523;AMPTShort!524;AMPTShort!525;AMPTShort!526;AMPTShort!527,False
BRL,14,II.6,Inoculation!161,MBE[0],0,0,57,0,91.25,118.8,,AMPTShort!734;AMPTShort!735;AMPTShort!736;AMPTShort!737;AMPTShort!738;AMPTShort!739;AMPTShort!740;AMPTShort!741;AMPTShort!742;AMPTShort!743;AMPTShort!744;AMPTShort!745;AMPTShort!746;AMPTShort!747;AMPTShort!748;AMPTShort!749;AMPTShort!750;AMPTShort!751;AMPTShort!752;AMPTShort!753;AMPTShort!754;AMPTShort!755;AMPTShort!756;AMPTShort!757;AMPTShort!758;AMPTShort!759;AMPTShort!760;AMPTShort!761;AMPTShort!762;AMPTShort!763;AMPTShort!764;AMPTShort!765;AMPTShort!766;AMPTShort!767;AMPTShort!768;AMPTShort!769;AMPTShort!770;AMPTShort!771;AMPTShort!772;AMPTShort!773;AMPTShort!774;AMPTShort!775;AMPTShort!776;AMPTShort!777;AMPTShort!778;AMPTShort!779;AMPTShort!780;AMPTShort!781;AMPTShort!782;AMPTShort!783;AMPTShort!784;AMPTShort!785;AMPTShort!786;AMPTShort!787;AMPTShort!788;AMPTShort!789;AMPTShort!790,False
BRL,14,II.7,Inoculation!162,MBE[1],0.38179229402759945,0,56,0,91.25,118.3,,AMPTShort!997;AMPTShort!998;AMPTShort!999;AMPTShort!1000;AMPTShort!1001;AMPTShort!1002;AMPTShort!1003;AMPTShort!1004;AMPTShort!1005;AMPTShort!1006;AMPTShort!1007;AMPTShort!1008;AMPTShort!1009;AMPTShort!1010;AMPTShort!1011;AMPTShort!1012;AMPTShort!1013;AMPTShort!1014;AMPTShort!1015;AMPTShort!1016;AMPTShort!1017;AMPTShort!1018;AMPTShort!1019;AMPTShort!1020;AMPTShort!1021;AMPTShort!1022;AMPTShort!1023;AMPTShort!1024;AMPTShort!1025;AMPTShort!1026;AMPTShort!1027;AMPTShort!1028;AMPTShort!1029;AMPTShort!1030;AMPTShort!1031;AMPTShort!1032;AMPTShort!1033;AMPTShort!1034;AMPTShort!1035;AMPTShort!1036;AMPTShort!1037;AMPTShort!1038;AMPTShort!1039;AMPTShort!1040;AMPTShort!1041;AMPTShort!1042;AMPTShort!1043;AMPTShort!1044;AMPTShort!1045;AMPTShort!1046;AMPTShort!1047;AMPTShort!1048;AMPTShort!1049;AMPTShort!1050;AMPTShort!1051;AMPTShort!1052,False
BRL,14,II.8,Inoculation!163,MBE[1],0.38179229402759945,0,56,0,91.25,118.3,,AMPTShort!1259;AMPTShort!1260;AMPTShort!1261;AMPTShort!1262;AMPTShort!1263;AMPTShort!1264;AMPTShort!1265;AMPTShort!1266;AMPTShort!1267;AMPTShort!1268;AMPTShort!1269;AMPTShort!1270;AMPTShort!1271;AMPTShort!1272;AMPTShort!1273;AMPTShort!1274;AMPTShort!1275;AMPTShort!1276;AMPTShort!1277;AMPTShort!1278;AMPTShort!1279;AMPTShort!1280;AMPTShort!1281;AMPTShort!1282;AMPTShort!1283;AMPTShort!1284;AMPTShort!1285;AMPTShort!1286;AMPTShort!1287;AMPTShort!1288;AMPTShort!1289;AMPTShort!1290;AMPTShort!1291;AMPTShort!1292;AMPTShort!1293;AMPTShort!1294;AMPTShort!1295;AMPTShort!1296;AMPTShort!1297;AMPTShort!1298;AMPTShort!1299;AMPTShort!1300;AMPTShort!1301;AMPTShort!1302;AMPTShort!1303;AMPTShort!1304;AMPTShort!1305;AMPTShort!1306;AMPTShort!1307;AMPTShort!1308;AMPTShort!1309;AMPTShort!1310;AMPTShort!1311;AMPTShort!1312;AMPTShort!1313;AMPTShort!1314,False
BRL,14,II.9,Inoculation!164,MBE[1],0.38179229402759945,0,56,0,91.25,118.3,,AMPTShort!1521;AMPTShort!1522;AMPTShort!1523;AMPTShort!1524;AMPTShort!1525;AMPTShort!1526;AMPTShort!1527;AMPTShort!1528;AMPTShort!1529;AMPTShort!1530;AMPTShort!1531;AMPTShort!1532;AMPTShort!1533;AMPTShort!1534;AMPTShort!1535;AMPTShort!1536;AMPTShort!1537;AMPTShort!1538;AMPTShort!1539;AMPTShort!1540;AMPTShort!1541;AMPTShort!1542;AMPTShort!1543;AMPTShort!1544;AMPTShort!1545;AMPTShort!1546;AMPTShort!1547;AMPTShort!1548;AMPTShort!1549;AMPTShort!1550;AMPTShort!1551;AMPTShort!1552;AMPTShort!1553;AMPTShort!1554;AMPTShort!1555;AMPTShort!1556;AMPTShort!1557;AMPTShort!1558;AMPTShort!1559;AMPTShort!1560;AMPTShort!1561;AMPTShort!1562;AMPTShort!1563;AMPTShort!1564;AMPTShort!1565;AMPTShort!1566;AMPTShort!1567;AMPTShort!1568;AMPTShort!1569;AMPTShort!1570;AMPTShort!1571;AMPTShort!1572;AMPTShort!1573;AMPTShort!1574;AMPTShort!1575;AMPTShort!1576,False
LBE,1,IV.1,Inoculation!171,[0],0,,30,5,0,13.7916666666642,Analyses!130;Analyses!145;Analyses!160;Analyses!175;Analyses!190,AMPTShort!3155;AMPTShort!3156;AMPTShort!3157;AMPTShort!3158;AMPTShort!3159;AMPTShort!3160;AMPTShort!3161;AMPTShort!3162;AMPTShort!3163;AMPTShort!3164;AMPTShort!3165;AMPTShort!3166;AMPTShort!3167;AMPTShort!3168;AMPTShort!3169;AMPTShort!3170;AMPTShort!3171;AMPTShort!3172;AMPTShort!3173;AMPTShort!3174;AMPTShort!3175;AMPTShort!3176;AMPTShort!3177;AMPTShort!3178;AMPTShort!3179;AMPTShort!3180;AMPTShort!3181;AMPTShort!3182;AMPTShort!3183;AMPTShort!3184,False
LBE,1,IV.10,Inoculation!180,[1]+,2.5,,30,5,0,13.7916666666642,Analyses!139;Analyses!154;Analyses!169;Analyses!184;Analyses!199,AMPTShort!6305;AMPTShort!6306;AMPTShort!6307;AMPTShort!6308;AMPTShort!6309;AMPTShort!6310;AMPTShort!6311;AMPTShort!6312;AMPTShort!6313;AMPTShort!6314;AMPTShort!6315;AMPTShort!6316;AMPTShort!6317;AMPTShort!6318;AMPTShort!6319;AMPTShort!6320;AMPTShort!6321;AMPTShort!6322;AMPTShort!6323;AMPTShort!6324;AMPTShort!6325;AMPTShort!6326;AMPTShort!6327;AMPTShort!6328;AMPTShort!6329;AMPTShort!6330;AMPTShort!6331;AMPTShort!6332;AMPTShort!6333;AMPTShort!6334,False
LBE,1,IV.11,Inoculation!181,[1]+,2.5,,30,5,0,13.7916666666642,Analyses!140;Analyses!155;Analyses!170;Analyses!185;Analyses!200,AMPTShort!6655;AMPTShort!6656;AMPTShort!6657;AMPTShort!6658;AMPTShort!6659;AMPTShort!6660;AMPTShort!6661;AMPTShort!6662;AMPTShort!6663;AMPTShort!6664;AMPTShort!6665;AMPTShort!6666;AMPTShort!6667;AMPTShort!6668;AMPTShort!6669;AMPTShort!6670;AMPTShort!6671;AMPTShort!6672;AMPTShort!6673;AMPTShort!6674;AMPTShort!6675;AMPTShort!6676;AMPTShort!6677;AMPTShort!6678;AMPTShort!6679;AMPTShort!6680;AMPTShort!6681;AMPTShort!6682;AMPTShort!6683;AMPTShort!6684,False
LBE,1,IV.12,Inoculation!182,[1]+,2.5,,30,5,0,13.7916666666642,Analyses!141;Analyses!156;Analyses!171;Analyses!186;Analyses!201,AMPTShort!7005;AMPTShort!7006;AMPTShort!7007;AMPTShort!7008;AMPTShort!7009;AMPTShort!7010;AMPTShort!7011;AMPTShort!7012;AMPTShort!7013;AMPTShort!7014;AMPTShort!7015;AMPTShort!7016;AMPTShort!7017;AMPTShort!7018;AMPTShort!7019;AMPTShort!7020;AMPTShort!7021;AMPTShort!7022;AMPTShort!7023;AMPTShort!7024;AMPTShort!7025;AMPTShort!7026;AMPTShort!7027;AMPTShort!7028;AMPTShort!7029;AMPTShort!7030;AMPTShort!7031;AMPTShort!7032;AMPTShort!7033;AMPTShort!7034,False
LBE,1,IV.13,Inoculation!183,[2]+,5,,30,5,0,13.7916666666642,Analyses!142;Analyses!157;Analyses!172;Analyses!187;Analyses!202,AMPTShort!7355;AMPTShort!7356;AMPTShort!7357;AMPTShort!7358;AMPTShort!7359;AMPTShort!7360;AMPTShort!7361;AMPTShort!7362;AMPTShort!7363;AMPTShort!7364;AMPTShort!7365;AMPTShort!7366;AMPTShort!7367;AMPTShort!7368;AMPTShort!7369;AMPTShort!7370;AMPTShort!7371;AMPTShort!7372;AMPTShort!7373;AMPTShort!7374;AMPTShort!7375;AMPTShort!7376;AMPTShort!7377;AMPTShort!7378;AMPTShort!7379;AMPTShort!7380;AMPTShort!7381;AMPTShort!7382;AMPTShort!7383;AMPTShort!7384,False
LBE,1,IV.14,Inoculation!184,[2]+,5,,30,5,0,13.7916666666642,Analyses!143;Analyses!158;Analyses!173;Analyses!188;Analyses!203,AMPTShort!7705;AMPTShort!7706;AMPTShort!7707;AMPTShort!7708;AMPTShort!7709;AMPTShort!7710;AMPTShort!7711;AMPTShort!7712;AMPTShort!7713;AMPTShort!7714;AMPTShort!7715;AMPTShort!7716;AMPTShort!7717;AMPTShort!7718;AMPTShort!7719;AMPTShort!7720;AMPTShort!7721;AMPTShort!7722;AMPTShort!7723;AMPTShort!7724;AMPTShort!7725;AMPTShort!7726;AMPTShort!7727;AMPTShort!7728;AMPTShort!7729;AMPTShort!7730;AMPTShort!7731;AMPTShort!7732;AMPTShort!7733;AMPTShort!7734,False
LBE,1,IV.15,Inoculation!185,[2]+,5,,30,5,0,13.7916666666642,Analyses!144;Analyses!159;Analyses!174;Analyses!189;Analyses!204,AMPTShort!8055;AMPTShort!8056;AMPTShort!8057;AMPTShort!8058;AMPTShort!8059;AMPTShort!8060;AMPTShort!8061;AMPTShort!8062;AMPTShort!8063;AMPTShort!8064;AMPTShort!8065;AMPTShort!8066;AMPTShort!8067;AMPTShort!8068;AMPTShort!8069;AMPTShort!8070;AMPTShort!8071;AMPTShort!8072;AMPTShort!8073;AMPTShort!8074;AMPTShort!8075;AMPTShort!8076;AMPTShort!8077;AMPTShort!8078;AMPTShort!8079;AMPTShort!8080;AMPTShort!8081;AMPTShort!8082;AMPTShort!8083;AMPTShort!8084,False
LBE,1,IV.2,Inoculation!172,[0],0,,30,5,0,13.7916666666642,Analyses!131;Analyses!146;Analyses!161;Analyses!176;Analyses!191,AMPTShort!3505;AMPTShort!3506;AMPTShort!3507;AMPTShort!3508;AMPTShort!3509;AMPTShort!3510;AMPTShort!3511;AMPTShort!3512;AMPTShort!3513;AMPTShort!3514;AMPTShort!3515;AMPTShort!3516;AMPTShort!3517;AMPTShort!3518;AMPTShort!3519;AMPTShort!3520;AMPTShort!3521;AMPTShort!3522;AMPTShort!3523;AMPTShort!3524;AMPTShort!3525;AMPTShort!3526;AMPTShort!3527;AMPTShort!3528;AMPTShort!3529;AMPTShort!3530;AMPTShort!3531;AMPTShort!3532;AMPTShort!3533;AMPTShort!3534,False
LBE,1,IV.3,Inoculation!173,[0],0,,30,5,0,13.7916666666642,Analyses!132;Analyses!147;Analyses!162;Analyses!177;Analyses!192,AMPTShort!3855;AMPTShort!3856;AMPTShort!3857;AMPTShort!3858;AMPTShort!3859;AMPTShort!3860;AMPTShort!3861;AMPTShort!3862;AMPTShort!3863;AMPTShort!3864;AMPTShort!3865;AMPTShort!3866;AMPTShort!3867;AMPTShort!3868;AMPTShort!3869;AMPTShort!3870;AMPTShort!3871;AMPTShort!3872;AMPTShort!3873;AMPTShort!3874;AMPTShort!3875;AMPTShort!3876;AMPTShort!3877;AMPTShort!3878;AMPTShort!3879;AMPTShort!3880;AMPTShort!3881;AMPTShort!3882;AMPTShort!3883;AMPTShort!3884,False
LBE,1,IV.4,Inoculation!174,[1],2.5,,30,5,0,13.7916666666642,Analyses!133;Analyses!148;Analyses!163;Analyses!178;Analyses!193,AMPTShort!4205;AMPTShort!4206;AMPTShort!4207;AMPTShort!4208;AMPTShort!4209;AMPTShort!4210;AMPTShort!4211;AMPTShort!4212;AMPTShort!4213;AMPTShort!4214;AMPTShort!4215;AMPTShort!4216;AMPTShort!4217;AMPTShort!4218;AMPTShort!4219;AMPTShort!4220;AMPTShort!4221;AMPTShort!4222;AMPTShort!4223;AMPTShort!4224;AMPTShort!4225;AMPTShort!4226;AMPTShort!4227;AMPTShort!4228;AMPTShort!4229;AMPTShort!4230;AMPTShort!4231;AMPTShort!4232;AMPTShort!4233;AMPTShort!4234,False
LBE,1,IV.5,Inoculation!175,[1],2.5,,30,5,0,13.7916666666642,Analyses!134;Analyses!149;Analyses!164;Analyses!179;Analyses!194,AMPTShort!4555;AMPTShort!4556;AMPTShort!4557;AMPTShort!4558;AMPTShort!4559;AMPTShort!4560;AMPTShort!4561;AMPTShort!4562;AMPTShort!4563;AMPTShort!4564;AMPTShort!4565;AMPTShort!4566;AMPTShort!4567;AMPTShort!4568;AMPTShort!4569;AMPTShort!4570;AMPTShort!4571;AMPTShort!4572;AMPTShort!4573;AMPTShort!4574;AMPTShort!4575;AMPTShort!4576;AMPTShort!4577;AMPTShort!4578;AMPTShort!4579;AMPTShort!4580;AMPTShort!4581;AMPTShort!4582;AMPTShort!4583;AMPTShort!4584,False
LBE,1,IV.6,Inoculation!176,[1],2.5,,30,5,0,13.7916666666642,Analyses!135;Analyses!150;Analyses!165;Analyses!180;Analyses!195,AMPTShort!4905;AMPTShort!4906;AMPTShort!4907;AMPTShort!4908;AMPTShort!4909;AMPTShort!4910;AMPTShort!4911;AMPTShort!4912;AMPTShort!4913;AMPTShort!4914;AMPTShort!4915;AMPTShort!4916;AMPTShort!4917;AMPTShort!4918;AMPTShort!4919;AMPTShort!4920;AMPTShort!4921;AMPTShort!4922;AMPTShort!4923;AMPTShort!4924;AMPTShort!4925;AMPTShort!4926;AMPTShort!4927;AMPTShort!4928;AMPTShort!4929;AMPTShort!4930;AMPTShort!4931;AMPTShort!4932;AMPTShort!4933;AMPTShort!4934,False
LBE,1,IV.7,Inoculation!177,[2],5,,30,5,0,13.7916666666642,Analyses!136;Analyses!151;Analyses!166;Analyses!181;Analyses!196,AMPTShort!5255;AMPTShort!5256;AMPTShort!5257;AMPTShort!5258;AMPTShort!5259;AMPTShort!5260;AMPTShort!5261;AMPTShort!5262;AMPTShort!5263;AMPTShort!5264;AMPTShort!5265;AMPTShort!5266;AMPTShort!5267;AMPTShort!5268;AMPTShort!5269;AMPTShort!5270;AMPTShort!5271;AMPTShort!5272;AMPTShort!5273;AMPTShort!5274;AMPTShort!5275;AMPTShort!5276;AMPTShort!5277;AMPTShort!5278;AMPTShort!5279;AMPTShort!5280;AMPTShort!5281;AMPTShort!5282;AMPTShort!5283;AMPTShort!5284,False
LBE,1,IV.8,Inoculation!178,[2],5,,30,5,0,13.7916666666642,Analyses!137;Analyses!152;Analyses!167;Analyses!182;Analyses!197,AMPTShort!5605;AMPTShort!5606;AMPTShort!5607;AMPTShort!5608;AMPTShort!5609;AMPTShort!5610;AMPTShort!5611;AMPTShort!5612;AMPTShort!5613;AMPTShort!5614;AMPTShort!5615;AMPTShort!5616;AMPTShort!5617;AMPTShort!5618;AMPTShort!5619;AMPTShort!5620;AMPTShort!5621;AMPTShort!5622;AMPTShort!5623;AMPTShort!5624;AMPTShort!5625;AMPTShort!5626;AMPTShort!5627;AMPTShort!5628;AMPTShort!5629;AMPTShort!5630;AMPTShort!5631;AMPTShort!5632;AMPTShort!5633;AMPTShort!5634,False
LBE,1,IV.9,Inoculation!179,[2],5,,30,5,0,13.7916666666642,Analyses!138;Analyses!153;Analyses!168;Analyses!183;Analyses!198,AMPTShort!5955;AMPTShort!5956;AMPTShort!5957;AMPTShort!5958;AMPTShort!5959;AMPTShort!5960;AMPTShort!5961;AMPTShort!5962;AMPTShort!5963;AMPTShort!5964;AMPTShort!5965;AMPTShort!5966;AMPTShort!5967;AMPTShort!5968;AMPTShort!5969;AMPTShort!5970;AMPTShort!5971;AMPTShort!5972;AMPTShort!5973;AMPTShort!5974;AMPTShort!5975;AMPTShort!5976;AMPTShort!5977;AMPTShort!5978;AMPTShort!5979;AMPTShort!5980;AMPTShort!5981;AMPTShort!5982;AMPTShort!5983;AMPTShort!5984,False
LBE,2,IV.1,Inoculation!186,[0],0,,16,4,13.9791666666642,20.77916667,Analyses!205;Analyses!220;Analyses!235;Analyses!250,AMPTShort!3185;AMPTShort!3186;AMPTShort!3187;AMPTShort!3188;AMPTShort!3189;AMPTShort!3190;AMPTShort!3191;AMPTShort!3192;AMPTShort!3193;AMPTShort!3194;AMPTShort!3195;AMPTShort!3196;AMPTShort!3197;AMPTShort!3198;AMPTShort!3199;AMPTShort!3200,False
LBE,2,IV.10,Inoculation!195,[1]+,0.37,,16,4,13.9791666666642,20.77916667,Analyses!214;Analyses!229;Analyses!244;Analyses!259,AMPTShort!6335;AMPTShort!6336;AMPTShort!6337;AMPTShort!6338;AMPTShort!6339;AMPTShort!6340;AMPTShort!6341;AMPTShort!6342;AMPTShort!6343;AMPTShort!6344;AMPTShort!6345;AMPTShort!6346;AMPTShort!6347;AMPTShort!6348;AMPTShort!6349;AMPTShort!6350,False
LBE,2,IV.11,Inoculation!196,[1]+,0.37,,16,4,13.9791666666642,20.77916667,Analyses!215;Analyses!230;Analyses!245;Analyses!260,AMPTShort!6685;AMPTShort!6686;AMPTShort!6687;AMPTShort!6688;AMPTShort!6689;AMPTShort!6690;AMPTShort!6691;AMPTShort!6692;AMPTShort!6693;AMPTShort!6694;AMPTShort!6695;AMPTShort!6696;AMPTShort!6697;AMPTShort!6698;AMPTShort!6699;AMPTShort!6700,False
LBE,2,IV.12,Inoculation!197,[1]+,0.37,,16,4,13.9791666666642,20.77916667,Analyses!216;Analyses!231;Analyses!246;Analyses!261,AMPTShort!7035;AMPTShort!7036;AMPTShort!7037;AMPTShort!7038;AMPTShort!7039;AMPTShort!7040;AMPTShort!7041;AMPTShort!7042;AMPTShort!7043;AMPTShort!7044;AMPTShort!7045;AMPTShort!7046;AMPTShort!7047;AMPTShort!7048;AMPTShort!7049;AMPTShort!7050,False
LBE,2,IV.13,Inoculation!198,[2]+,0.75,,16,4,13.9791666666642,20.77916667,Analyses!217;Analyses!232;Analyses!247;Analyses!262,AMPTShort!7385;AMPTShort!7386;AMPTShort!7387;AMPTShort!7388;AMPTShort!7389;AMPTShort!7390;AMPTShort!7391;AMPTShort!7392;AMPTShort!7393;AMPTShort!7394;AMPTShort!7395;AMPTShort!7396;AMPTShort!7397;AMPTShort!7398;AMPTShort!7399;AMPTShort!7400,False
LBE,2,IV.14,Inoculation!199,[2]+,0.75,,16,4,13.9791666666642,20.77916667,Analyses!218;Analyses!233;Analyses!248;Analyses!263,AMPTShort!7735;AMPTShort!7736;AMPTShort!7737;AMPTShort!7738;AMPTShort!7739;AMPTShort!7740;AMPTShort!7741;AMPTShort!7742;AMPTShort!7743;AMPTShort!7744;AMPTShort!7745;AMPTShort!7746;AMPTShort!7747;AMPTShort!7748;AMPTShort!7749;AMPTShort!7750,False
LBE,2,IV.15,Inoculation!200,[2]+,0.75,,16,4,13.9791666666642,20.77916667,Analyses!219;Analyses!234;Analyses!249;Analyses!264,AMPTShort!8085;AMPTShort!8086;AMPTShort!8087;AMPTShort!8088;AMPTShort!8089;AMPTShort!8090;AMPTShort!8091;AMPTShort!8092;AMPTShort!8093;AMPTShort!8094;AMPTShort!8095;AMPTShort!8096;AMPTShort!8097;AMPTShort!8098;AMPTShort!8099;AMPTShort!8100,False
LBE,2,IV.2,Inoculation!187,[0],0,,16,4,13.9791666666642,20.77916667,Analyses!206;Analyses!221;Analyses!236;Analyses!251,AMPTShort!3535;AMPTShort!3536;AMPTShort!3537;AMPTShort!3538;AMPTShort!3539;AMPTShort!3540;AMPTShort!3541;AMPTShort!3542;AMPTShort!3543;AMPTShort!3544;AMPTShort!3545;AMPTShort!3546;AMPTShort!3547;AMPTShort!3548;AMPTShort!3549;AMPTShort!3550,False
LBE,2,IV.3,Inoculation!188,[0],0,,16,4,13.9791666666642,20.77916667,Analyses!207;Analyses!222;Analyses!237;Analyses!252,AMPTShort!3885;AMPTShort!3886;AMPTShort!3887;AMPTShort!3888;AMPTShort!3889;AMPTShort!3890;AMPTShort!3891;AMPTShort!3892;AMPTShort!3893;AMPTShort!3894;AMPTShort!3895;AMPTShort!3896;AMPTShort!3897;AMPTShort!3898;AMPTShort!3899;AMPTShort!3900,False
LBE,2,IV.4,Inoculation!189,[1],0.37,,16,4,13.9791666666642,20.77916667,Analyses!208;Analyses!223;Analyses!238;Analyses!253,AMPTShort!4235;AMPTShort!4236;AMPTShort!4237;AMPTShort!4238;AMPTShort!4239;AMPTShort!4240;AMPTShort!4241;AMPTShort!4242;AMPTShort!4243;AMPTShort!4244;AMPTShort!4245;AMPTShort!4246;AMPTShort!4247;AMPTShort!4248;AMPTShort!4249;AMPTShort!4250,False
LBE,2,IV.5,Inoculation!190,[1],0.37,,16,4,13.9791666666642,20.77916667,Analyses!209;Analyses!224;Analyses!239;Analyses!254,AMPTShort!4585;AMPTShort!4586;AMPTShort!4587;AMPTShort!4588;AMPTShort!4589;AMPTShort!4590;AMPTShort!4591;AMPTShort!4592;AMPTShort!4593;AMPTShort!4594;AMPTShort!4595;AMPTShort!4596;AMPTShort!4597;AMPTShort!4598;AMPTShort!4599;AMPTShort!4600,False
LBE,2,IV.6,Inoculation!191,[1],0.37,,16,4,13.9791666666642,20.77916667,Analyses!210;Analyses!225;Analyses!240;Analyses!255,AMPTShort!4935;AMPTShort!4936;AMPTShort!4937;AMPTShort!4938;AMPTShort!4939;AMPTShort!4940;AMPTShort!4941;AMPTShort!4942;AMPTShort!4943;AMPTShort!4944;AMPTShort!4945;AMPTShort!4946;AMPTShort!4947;AMPTShort!4948;AMPTShort!4949;AMPTShort!4950,False
LBE,2,IV.7,Inoculation!192,[2],0.75,,16,4,13.9791666666642,20.77916667,Analyses!211;Analyses!226;Analyses!241;Analyses!256,AMPTShort!5285;AMPTShort!5286;AMPTShort!5287;AMPTShort!5288;AMPTShort!5289;AMPTShort!5290;AMPTShort!5291;AMPTShort!5292;AMPTShort!5293;AMPTShort!5294;AMPTShort!5295;AMPTShort!5296;AMPTShort!5297;AMPTShort!5298;AMPTShort!5299;AMPTShort!5300,False
LBE,2,IV.8,Inoculation!193,[2],0.75,,16,4,13.9791666666642,20.77916667,Analyses!212;Analyses!227;Analyses!242;Analyses!257,AMPTShort!5635;AMPTShort!5636;AMPTShort!5637;AMPTShort!5638;AMPTShort!5639;AMPTShort!5640;AMPTShort!5641;AMPTShort!5642;AMPTShort!5643;AMPTShort!5644;AMPTShort!5645;AMPTShort!5646;AMPTShort!5647;AMPTShort!5648;AMPTShort!5649;AMPTShort!5650,False
LBE,2,IV.9,Inoculation!194,[2],0.75,,16,4,13.9791666666642,20.77916667,Analyses!213;Analyses!228;Analyses!243;Analyses!258,AMPTShort!5985;AMPTShort!5986;AMPTShort!5987;AMPTShort!5988;AMPTShort!5989;AMPTShort!5990;AMPTShort!5991;AMPTShort!5992;AMPTShort!5993;AMPTShort!5994;AMPTShort!5995;AMPTShort!5996;AMPTShort!5997;AMPTShort!5998;AMPTShort!5999;AMPTShort!6000,False
LBE,3,IV.1,Inoculation!201,[0],0,,44,3,20.9166666666642,41.9166666666642,Analyses!265;Analyses!280;Analyses!295,AMPTShort!3201;AMPTShort!3202;AMPTShort!3203;AMPTShort!3204;AMPTShort!3205;AMPTShort!3206;AMPTShort!3207;AMPTShort!3208;AMPTShort!3209;AMPTShort!3210;AMPTShort!3211;AMPTShort!3212;AMPTShort!3213;AMPTShort!3214;AMPTShort!3215;AMPTShort!3216;AMPTShort!3217;AMPTShort!3218;AMPTShort!3219;AMPTShort!3220;AMPTShort!3221;AMPTShort!3222;AMPTShort!3223;AMPTShort!3224;AMPTShort!3225;AMPTShort!3226;AMPTShort!3227;AMPTShort!3228;AMPTShort!3229;AMPTShort!3230;AMPTShort!3231;AMPTShort!3232;AMPTShort!3233;AMPTShort!3234;AMPTShort!3235;AMPTShort!3236;AMPTShort!3237;AMPTShort!3238;AMPTShort!3239;AMPTShort!3240;AMPTShort!3241;AMPTShort!3242;AMPTShort!3243;AMPTShort!3244,False
LBE,3,IV.10,Inoculation!210,[1]+,0.44,,44,3,20.9166666666642,41.9166666666642,Analyses!274;Analyses!289;Analyses!304,AMPTShort!6351;AMPTShort!6352;AMPTShort!6353;AMPTShort!6354;AMPTShort!6355;AMPTShort!6356;AMPTShort!6357;AMPTShort!6358;AMPTShort!6359;AMPTShort!6360;AMPTShort!6361;AMPTShort!6362;AMPTShort!6363;AMPTShort!6364;AMPTShort!6365;AMPTShort!6366;AMPTShort!6367;AMPTShort!6368;AMPTShort!6369;AMPTShort!6370;AMPTShort!6371;AMPTShort!6372;AMPTShort!6373;AMPTShort!6374;AMPTShort!6375;AMPTShort!6376;AMPTShort!6377;AMPTShort!6378;AMPTShort!6379;AMPTShort!6380;AMPTShort!6381;AMPTShort!6382;AMPTShort!6383;AMPTShort!6384;AMPTShort!6385;AMPTShort!6386;AMPTShort!6387;AMPTShort!6388;AMPTShort!6389;AMPTShort!6390;AMPTShort!6391;AMPTShort!6392;AMPTShort!6393;AMPTShort!6394,False
LBE,3,IV.11,Inoculation!211,[1]+,0.44,,44,3,20.9166666666642,41.9166666666642,Analyses!275;Analyses!290;Analyses!305,AMPTShort!6701;AMPTShort!6702;AMPTShort!6703;AMPTShort!6704;AMPTShort!6705;AMPTShort!6706;AMPTShort!6707;AMPTShort!6708;AMPTShort!6709;AMPTShort!6710;AMPTShort!6711;AMPTShort!6712;AMPTShort!6713;AMPTShort!6714;AMPTShort!6715;AMPTShort!6716;AMPTShort!6717;AMPTShort!6718;AMPTShort!6719;AMPTShort!6720;AMPTShort!6721;AMPTShort!6722;AMPTShort!6723;AMPTShort!6724;AMPTShort!6725;AMPTShort!6726;AMPTShort!6727;AMPTShort!6728;AMPTShort!6729;AMPTShort!6730;AMPTShort!6731;AMPTShort!6732;AMPTShort!6733;AMPTShort!6734;AMPTShort!6735;AMPTShort!6736;AMPTShort!6737;AMPTShort!6738;AMPTShort!6739;AMPTShort!6740;AMPTShort!6741;AMPTShort!6742;AMPTShort!6743;AMPTShort!6744,False
LBE,3,IV.12,Inoculation!212,[1]+,0.44,,44,3,20.9166666666642,41.9166666666642,Analyses!276;Analyses!291;Analyses!306,AMPTShort!7051;AMPTShort!7052;AMPTShort!7053;AMPTShort!7054;AMPTShort!7055;AMPTShort!7056;AMPTShort!7057;AMPTShort!7058;AMPTShort!7059;AMPTShort!7060;AMPTShort!7061;AMPTShort!7062;AMPTShort!7063;AMPTShort!7064;AMPTShort!7065;AMPTShort!7066;AMPTShort!7067;AMPTShort!7068;AMPTShort!7069;AMPTShort!7070;AMPTShort!7071;AMPTShort!7072;AMPTShort!7073;AMPTShort!7074;AMPTShort!7075;AMPTShort!7076;AMPTShort!7077;AMPTShort!7078;AMPTShort!7079;AMPTShort!7080;AMPTShort!7081;AMPTShort!7082;AMPTShort!7083;AMPTShort!7084;AMPTShort!7085;AMPTShort!7086;AMPTShort!7087;AMPTShort!7088;AMPTShort!7089;AMPTShort!7090;AMPTShort!7091;AMPTShort!7092;AMPTShort!7093;AMPTShort!7094,False
LBE,3,IV.13,Inoculation!213,[2]+,0.88,,44,3,20.9166666666642,41.9166666666642,Analyses!277;Analyses!292;Analyses!307,AMPTShort!7401;AMPTShort!7402;AMPTShort!7403;AMPTShort!7404;AMPTShort!7405;AMPTShort!7406;AMPTShort!7407;AMPTShort!7408;AMPTShort!7409;AMPTShort!7410;AMPTShort!7411;AMPTShort!7412;AMPTShort!7413;AMPTShort!7414;AMPTShort!7415;AMPTShort!7416;AMPTShort!7417;AMPTShort!7418;AMPTShort!7419;AMPTShort!7420;AMPTShort!7421;AMPTShort!7422;AMPTShort!7423;AMPTShort!7424;AMPTShort!7425;AMPTShort!7426;AMPTShort!7427;AMPTShort!7428;AMPTShort!7429;AMPTShort!7430;AMPTShort!7431;AMPTShort!7432;AMPTShort!7433;AMPTShort!7434;AMPTShort!7435;AMPTShort!7436;AMPTShort!7437;AMPTShort!7438;AMPTShort!7439;AMPTShort!7440;AMPTShort!7441;AMPTShort!7442;AMPTShort!7443;AMPTShort!7444,False
LBE,3,IV.14,Inoculation!214,[2]+,0.88,,44,3,20.9166666666642,41.9166666666642,Analyses!278;Analyses!293;Analyses!308,AMPTShort!7751;AMPTShort!7752;AMPTShort!7753;AMPTShort!7754;AMPTShort!7755;AMPTShort!7756;AMPTShort!7757;AMPTShort!7758;AMPTShort!7759;AMPTShort!7760;AMPTShort!7761;AMPTShort!7762;AMPTShort!7763;AMPTShort!7764;AMPTShort!7765;AMPTShort!7766;AMPTShort!7767;AMPTShort!7768;AMPTShort!7769;AMPTShort!7770;AMPTShort!7771;AMPTShort!7772;AMPTShort!7773;AMPTShort!7774;AMPTShort!7775;AMPTShort!7776;AMPTShort!7777;AMPTShort!7778;AMPTShort!7779;AMPTShort!7780;AMPTShort!7781;AMPTShort!7782;AMPTShort!7783;AMPTShort!7784;AMPTShort!7785;AMPTShort!7786;AMPTShort!7787;AMPTShort!7788;AMPTShort!7789;AMPTShort!7790;AMPTShort!7791;AMPTShort!7792;AMPTShort!7793;AMPTShort!7794,False
LBE,3,IV.15,Inoculation!215,[2]+,0.88,,44,3,20.9166666666642,41.9166666666642,Analyses!279;Analyses!294;Analyses!309,AMPTShort!8101;AMPTShort!8102;AMPTShort!8103;AMPTShort!8104;AMPTShort!8105;AMPTShort!8106;AMPTShort!8107;AMPTShort!8108;AMPTShort!8109;AMPTShort!8110;AMPTShort!8111;AMPTShort!8112;AMPTShort!8113;AMPTShort!8114;AMPTShort!8115;AMPTShort!8116;AMPTShort!8117;AMPTShort!8118;AMPTShort!8119;AMPTShort!8120;AMPTShort!8121;AMPTShort!8122;AMPTShort!8123;AMPTShort!8124;AMPTShort!8125;AMPTShort!8126;AMPTShort!8127;AMPTShort!8128;AMPTShort!8129;AMPTShort!8130;AMPTShort!8131;AMPTShort!8132;AMPTShort!8133;AMPTShort!8134;AMPTShort!8135;AMPTShort!8136;AMPTShort!8137;AMPTShort!8138;AMPTShort!8139;AMPTShort!8140;AMPTShort!8141;AMPTShort!8142;AMPTShort!8143;AMPTShort!8144,False
LBE,3,IV.2,Inoculation!202,[0],0,,44,3,20.9166666666642,41.9166666666642,Analyses!266;Analyses!281;Analyses!296,AMPTShort!3551;AMPTShort!3552;AMPTShort!3553;AMPTShort!3554;AMPTShort!3555;AMPTShort!3556;AMPTShort!3557;AMPTShort!3558;AMPTShort!3559;AMPTShort!3560;AMPTShort!3561;AMPTShort!3562;AMPTShort!3563;AMPTShort!3564;AMPTShort!3565;AMPTShort!3566;AMPTShort!3567;AMPTShort!3568;AMPTShort!3569;AMPTShort!3570;AMPTShort!3571;AMPTShort!3572;AMPTShort!3573;AMPTShort!3574;AMPTShort!3575;AMPTShort!3576;AMPTShort!3577;AMPTShort!3578;AMPTShort!3579;AMPTShort!3580;AMPTShort!3581;AMPTShort!3582;AMPTShort!3583;AMPTShort!3584;AMPTShort!3585;AMPTShort!3586;AMPTShort!3587;AMPTShort!3588;AMPTShort!3589;AMPTShort!3590;AMPTShort!3591;AMPTShort!3592;AMPTShort!3593;AMPTShort!3594,False
LBE,3,IV.3,Inoculation!203,[0],0,,44,3,20.9166666666642,41.9166666666642,Analyses!267;Analyses!282;Analyses!297,AMPTShort!3901;AMPTShort!3902;AMPTShort!3903;AMPTShort!3904;AMPTShort!3905;AMPTShort!3906;AMPTShort!3907;AMPTShort!3908;AMPTShort!3909;AMPTShort!3910;AMPTShort!3911;AMPTShort!3912;AMPTShort!3913;AMPTShort!3914;AMPTShort!3915;AMPTShort!3916;AMPTShort!3917;AMPTShort!3918;AMPTShort!3919;AMPTShort!3920;AMPTShort!3921;AMPTShort!3922;AMPTShort!3923;AMPTShort!3924;AMPTShort!3925;AMPTShort!3926;AMPTShort!3927;AMPTShort!3928;AMPTShort!3929;AMPTShort!3930;AMPTShort!3931;AMPTShort!3932;AMPTShort!3933;AMPTShort!3934;AMPTShort!3935;AMPTShort!3936;AMPTShort!3937;AMPTShort!3938;AMPTShort!3939;AMPTShort!3940;AMPTShort!3941;AMPTShort!3942;AMPTShort!3943;AMPTShort!3944,False
LBE,3,IV.4,Inoculation!204,[1],0.44,,44,3,20.9166666666642,41.9166666666642,Analyses!268;Analyses!283;Analyses!298,AMPTShort!4251;AMPTShort!4252;AMPTShort!4253;AMPTShort!4254;AMPTShort!4255;AMPTShort!4256;AMPTShort!4257;AMPTShort!4258;AMPTShort!4259;AMPTShort!4260;AMPTShort!4261;AMPTShort!4262;AMPTShort!4263;AMPTShort!4264;AMPTShort!4265;AMPTShort!4266;AMPTShort!4267;AMPTShort!4268;AMPTShort!4269;AMPTShort!4270;AMPTShort!4271;AMPTShort!4272;AMPTShort!4273;AMPTShort!4274;AMPTShort!4275;AMPTShort!4276;AMPTShort!4277;AMPTShort!4278;AMPTShort!4279;AMPTShort!4280;AMPTShort!4281;AMPTShort!4282;AMPTShort!4283;AMPTShort!4284;AMPTShort!4285;AMPTShort!4286;AMPTShort!4287;AMPTShort!4288;AMPTShort!4289;AMPTShort!4290;AMPTShort!4291;AMPTShort!4292;AMPTShort!4293;AMPTShort!4294,False
LBE,3,IV.5,Inoculation!205,[1],0.44,,44,3,20.9166666666642,41.9166666666642,Analyses!269;Analyses!284;Analyses!299,AMPTShort!4601;AMPTShort!4602;AMPTShort!4603;AMPTShort!4604;AMPTShort!4605;AMPTShort!4606;AMPTShort!4607;AMPTShort!4608;AMPTShort!4609;AMPTShort!4610;AMPTShort!4611;AMPTShort!4612;AMPTShort!4613;AMPTShort!4614;AMPTShort!4615;AMPTShort!4616;AMPTShort!4617;AMPTShort!4618;AMPTShort!4619;AMPTShort!4620;AMPTShort!4621;AMPTShort!4622;AMPTShort!4623;AMPTShort!4624;AMPTShort!4625;AMPTShort!4626;AMPTShort!4627;AMPTShort!4628;AMPTShort!4629;AMPTShort!4630;AMPTShort!4631;AMPTShort!4632;AMPTShort!4633;AMPTShort!4634;AMPTShort!4635;AMPTShort!4636;AMPTShort!4637;AMPTShort!4638;AMPTShort!4639;AMPTShort!4640;AMPTShort!4641;AMPTShort!4642;AMPTShort!4643;AMPTShort!4644,False
LBE,3,IV.6,Inoculation!206,[1],0.44,,44,3,20.9166666666642,41.9166666666642,Analyses!270;Analyses!285;Analyses!300,AMPTShort!4951;AMPTShort!4952;AMPTShort!4953;AMPTShort!4954;AMPTShort!4955;AMPTShort!4956;AMPTShort!4957;AMPTShort!4958;AMPTShort!4959;AMPTShort!4960;AMPTShort!4961;AMPTShort!4962;AMPTShort!4963;AMPTShort!4964;AMPTShort!4965;AMPTShort!4966;AMPTShort!4967;AMPTShort!4968;AMPTShort!4969;AMPTShort!4970;AMPTShort!4971;AMPTShort!4972;AMPTShort!4973;AMPTShort!4974;AMPTShort!4975;AMPTShort!4976;AMPTShort!4977;AMPTShort!4978;AMPTShort!4979;AMPTShort!4980;AMPTShort!4981;AMPTShort!4982;AMPTShort!4983;AMPTShort!4984;AMPTShort!4985;AMPTShort!4986;AMPTShort!4987;AMPTShort!4988;AMPTShort!4989;AMPTShort!4990;AMPTShort!4991;AMPTShort!4992;AMPTShort!4993;AMPTShort!4994,False
LBE,3,IV.7,Inoculation!207,[2],0.88,,44,3,20.9166666666642,41.9166666666642,Analyses!271;Analyses!286;Analyses!301,AMPTShort!5301;AMPTShort!5302;AMPTShort!5303;AMPTShort!5304;AMPTShort!5305;AMPTShort!5306;AMPTShort!5307;AMPTShort!5308;AMPTShort!5309;AMPTShort!5310;AMPTShort!5311;AMPTShort!5312;AMPTShort!5313;AMPTShort!5314;AMPTShort!5315;AMPTShort!5316;AMPTShort!5317;AMPTShort!5318;AMPTShort!5319;AMPTShort!5320;AMPTShort!5321;AMPTShort!5322;AMPTShort!5323;AMPTShort!5324;AMPTShort!5325;AMPTShort!5326;AMPTShort!5327;AMPTShort!5328;AMPTShort!5329;AMPTShort!5330;AMPTShort!5331;AMPTShort!5332;AMPTShort!5333;AMPTShort!5334;AMPTShort!5335;AMPTShort!5336;AMPTShort!5337;AMPTShort!5338;AMPTShort!5339;AMPTShort!5340;AMPTShort!5341;AMPTShort!5342;AMPTShort!5343;AMPTShort!5344,False
LBE,3,IV.8,Inoculation!208,[2],0.88,,44,3,20.9166666666642,41.9166666666642,Analyses!272;Analyses!287;Analyses!302,AMPTShort!5651;AMPTShort!5652;AMPTShort!5653;AMPTShort!5654;AMPTShort!5655;AMPTShort!5656;AMPTShort!5657;AMPTShort!5658;AMPTShort!5659;AMPTShort!5660;AMPTShort!5661;AMPTShort!5662;AMPTShort!5663;AMPTShort!5664;AMPTShort!5665;AMPTShort!5666;AMPTShort!5667;AMPTShort!5668;AMPTShort!5669;AMPTShort!5670;AMPTShort!5671;AMPTShort!5672;AMPTShort!5673;AMPTShort!5674;AMPTShort!5675;AMPTShort!5676;AMPTShort!5677;AMPTShort!5678;AMPTShort!5679;AMPTShort!5680;AMPTShort!5681;AMPTShort!5682;AMPTShort!5683;AMPTShort!5684;AMPTShort!5685;AMPTShort!5686;AMPTShort!5687;AMPTShort!5688;AMPTShort!5689;AMPTShort!5690;AMPTShort!5691;AMPTShort!5692;AMPTShort!5693;AMPTShort!5694,False
LBE,3,IV.9,Inoculation!209,[2],0.88,,44,3,20.9166666666642,41.9166666666642,Analyses!273;Analyses!288;Analyses!303,AMPTShort!6001;AMPTShort!6002;AMPTShort!6003;AMPTShort!6004;AMPTShort!6005;AMPTShort!6006;AMPTShort!6007;AMPTShort!6008;AMPTShort!6009;AMPTShort!6010;AMPTShort!6011;AMPTShort!6012;AMPTShort!6013;AMPTShort!6014;AMPTShort!6015;AMPTShort!6016;AMPTShort!6017;AMPTShort!6018;AMPTShort!6019;AMPTShort!6020;AMPTShort!6021;AMPTShort!6022;AMPTShort!6023;AMPTShort!6024;AMPTShort!6025;AMPTShort!6026;AMPTShort!6027;AMPTShort!6028;AMPTShort!6029;AMPTShort!6030;AMPTShort!6031;AMPTShort!6032;AMPTShort!6033;AMPTShort!6034;AMPTShort!6035;AMPTShort!6036;AMPTShort!6037;AMPTShort!6038;AMPTShort!6039;AMPTShort!6040;AMPTShort!6041;AMPTShort!6042;AMPTShort!6043;AMPTShort!6044,False
LBE,4,IV.1,Inoculation!216,[0],0,,16,4,42,48.71666667,Analyses!310;Analyses!325;Analyses!340;Analyses!355,AMPTShort!3245;AMPTShort!3246;AMPTShort!3247;AMPTShort!3248;AMPTShort!3249;AMPTShort!3250;AMPTShort!3251;AMPTShort!3252;AMPTShort!3253;AMPTShort!3254;AMPTShort!3255;AMPTShort!3256;AMPTShort!3257;AMPTShort!3258;AMPTShort!3259;AMPTShort!3260,False
LBE,4,IV.10,Inoculation!225,[1]+,0.44,,16,4,42,48.71666667,Analyses!319;Analyses!334;Analyses!349;Analyses!364,AMPTShort!6395;AMPTShort!6396;AMPTShort!6397;AMPTShort!6398;AMPTShort!6399;AMPTShort!6400;AMPTShort!6401;AMPTShort!6402;AMPTShort!6403;AMPTShort!6404;AMPTShort!6405;AMPTShort!6406;AMPTShort!6407;AMPTShort!6408;AMPTShort!6409;AMPTShort!6410,False
LBE,4,IV.11,Inoculation!226,[1]+,0.44,,16,4,42,48.71666667,Analyses!320;Analyses!335;Analyses!350;Analyses!365,AMPTShort!6745;AMPTShort!6746;AMPTShort!6747;AMPTShort!6748;AMPTShort!6749;AMPTShort!6750;AMPTShort!6751;AMPTShort!6752;AMPTShort!6753;AMPTShort!6754;AMPTShort!6755;AMPTShort!6756;AMPTShort!6757;AMPTShort!6758;AMPTShort!6759;AMPTShort!6760,False
LBE,4,IV.12,Inoculation!227,[1]+,0.44,,16,4,42,48.71666667,Analyses!321;Analyses!336;Analyses!351;Analyses!366,AMPTShort!7095;AMPTShort!7096;AMPTShort!7097;AMPTShort!7098;AMPTShort!7099;AMPTShort!7100;AMPTShort!7101;AMPTShort!7102;AMPTShort!7103;AMPTShort!7104;AMPTShort!7105;AMPTShort!7106;AMPTShort!7107;AMPTShort!7108;AMPTShort!7109;AMPTShort!7110,False
LBE,4,IV.13,Inoculation!228,[2]+,0.88,,16,4,42,48.71666667,Analyses!322;Analyses!337;Analyses!352;Analyses!367,AMPTShort!7445;AMPTShort!7446;AMPTShort!7447;AMPTShort!7448;AMPTShort!7449;AMPTShort!7450;AMPTShort!7451;AMPTShort!7452;AMPTShort!7453;AMPTShort!7454;AMPTShort!7455;AMPTShort!7456;AMPTShort!7457;AMPTShort!7458;AMPTShort!7459;AMPTShort!7460,False
LBE,4,IV.14,Inoculation!229,[2]+,0.88,,16,4,42,48.71666667,Analyses!323;Analyses!338;Analyses!353;Analyses!368,AMPTShort!7795;AMPTShort!7796;AMPTShort!7797;AMPTShort!7798;AMPTShort!7799;AMPTShort!7800;AMPTShort!7801;AMPTShort!7802;AMPTShort!7803;AMPTShort!7804;AMPTShort!7805;AMPTShort!7806;AMPTShort!7807;AMPTShort!7808;AMPTShort!7809;AMPTShort!7810,False
LBE,4,IV.15,Inoculation!230,[2]+,0.88,,16,4,42,48.71666667,Analyses!324;Analyses!339;Analyses!354;Analyses!369,AMPTShort!8145;AMPTShort!8146;AMPTShort!8147;AMPTShort!8148;AMPTShort!8149;AMPTShort!8150;AMPTShort!8151;AMPTShort!8152;AMPTShort!8153;AMPTShort!8154;AMPTShort!8155;AMPTShort!8156;AMPTShort!8157;AMPTShort!8158;AMPTShort!8159;AMPTShort!8160,False
LBE,4,IV.2,Inoculation!217,[0],0,,16,4,42,48.71666667,Analyses!311;Analyses!326;Analyses!341;Analyses!356,AMPTShort!3595;AMPTShort!3596;AMPTShort!3597;AMPTShort!3598;AMPTShort!3599;AMPTShort!3600;AMPTShort!3601;AMPTShort!3602;AMPTShort!3603;AMPTShort!3604;AMPTShort!3605;AMPTShort!3606;AMPTShort!3607;AMPTShort!3608;AMPTShort!3609;AMPTShort!3610,False
LBE,4,IV.3,Inoculation!218,[0],0,,16,4,42,48.71666667,Analyses!312;Analyses!327;Analyses!342;Analyses!357,AMPTShort!3945;AMPTShort!3946;AMPTShort!3947;AMPTShort!3948;AMPTShort!3949;AMPTShort!3950;AMPTShort!3951;AMPTShort!3952;AMPTShort!3953;AMPTShort!3954;AMPTShort!3955;AMPTShort!3956;AMPTShort!3957;AMPTShort!3958;AMPTShort!3959;AMPTShort!3960,False
LBE,4,IV.4,Inoculation!219,[1],0.44,,16,4,42,48.71666667,Analyses!313;Analyses!328;Analyses!343;Analyses!358,AMPTShort!4295;AMPTShort!4296;AMPTShort!4297;AMPTShort!4298;AMPTShort!4299;AMPTShort!4300;AMPTShort!4301;AMPTShort!4302;AMPTShort!4303;AMPTShort!4304;AMPTShort!4305;AMPTShort!4306;AMPTShort!4307;AMPTShort!4308;AMPTShort!4309;AMPTShort!4310,False
LBE,4,IV.5,Inoculation!220,[1],0.44,,16,4,42,48.71666667,Analyses!314;Analyses!329;Analyses!344;Analyses!359,AMPTShort!4645;AMPTShort!4646;AMPTShort!4647;AMPTShort!4648;AMPTShort!4649;AMPTShort!4650;AMPTShort!4651;AMPTShort!4652;AMPTShort!4653;AMPTShort!4654;AMPTShort!4655;AMPTShort!4656;AMPTShort!4657;AMPTShort!4658;AMPTShort!4659;AMPTShort!4660,False
LBE,4,IV.6,Inoculation!221,[1],0.44,,16,4,42,48.71666667,Analyses!315;Analyses!330;Analyses!345;Analyses!360,AMPTShort!4995;AMPTShort!4996;AMPTShort!4997;AMPTShort!4998;AMPTShort!4999;AMPTShort!5000;AMPTShort!5001;AMPTShort!5002;AMPTShort!5003;AMPTShort!5004;AMPTShort!5005;AMPTShort!5006;AMPTShort!5007;AMPTShort!5008;AMPTShort!5009;AMPTShort!5010,False
LBE,4,IV.7,Inoculation!222,[2],0.88,,16,4,42,48.71666667,Analyses!316;Analyses!331;Analyses!346;Analyses!361,AMPTShort!5345;AMPTShort!5346;AMPTShort!5347;AMPTShort!5348;AMPTShort!5349;AMPTShort!5350;AMPTShort!5351;AMPTShort!5352;AMPTShort!5353;AMPTShort!5354;AMPTShort!5355;AMPTShort!5356;AMPTShort!5357;AMPTShort!5358;AMPTShort!5359;AMPTShort!5360,False
LBE,4,IV.8,Inoculation!223,[2],0.88,,16,4,42,48.71666667,Analyses!317;Analyses!332;Analyses!347;Analyses!362,AMPTShort!5695;AMPTShort!5696;AMPTShort!5697;AMPTShort!5698;AMPTShort!5699;AMPTShort!5700;AMPTShort!5701;AMPTShort!5702;AMPTShort!5703;AMPTShort!5704;AMPTShort!5705;AMPTShort!5706;AMPTShort!5707;AMPTShort!5708;AMPTShort!5709;AMPTShort!5710,False
LBE,4,IV.9,Inoculation!224,[2],0.88,,16,4,42,48.71666667,Analyses!318;Analyses!333;Analyses!348;Analyses!363,AMPTShort!6045;AMPTShort!6046;AMPTShort!6047;AMPTShort!6048;AMPTShort!6049;AMPTShort!6050;AMPTShort!6051;AMPTShort!6052;AMPTShort!6053;AMPTShort!6054;AMPTShort!6055;AMPTShort!6056;AMPTShort!6057;AMPTShort!6058;AMPTShort!6059;AMPTShort!6060,False
LBE,5,IV.1,Inoculation!231,[0],0,,16,4,48.89583333,55.7375,Analyses!370;Analyses!385;Analyses!400;Analyses!415,AMPTShort!3261;AMPTShort!3262;AMPTShort!3263;AMPTShort!3264;AMPTShort!3265;AMPTShort!3266;AMPTShort!3267;AMPTShort!3268;AMPTShort!3269;AMPTShort!3270;AMPTShort!3271;AMPTShort!3272;AMPTShort!3273;AMPTShort!3274;AMPTShort!3275;AMPTShort!3276,False
LBE,5,IV.10,Inoculation!240,[1]+,0.44,,16,4,48.89583333,55.7375,Analyses!379;Analyses!394;Analyses!409;Analyses!424,AMPTShort!6411;AMPTShort!6412;AMPTShort!6413;AMPTShort!6414;AMPTShort!6415;AMPTShort!6416;AMPTShort!6417;AMPTShort!6418;AMPTShort!6419;AMPTShort!6420;AMPTShort!6421;AMPTShort!6422;AMPTShort!6423;AMPTShort!6424;AMPTShort!6425;AMPTShort!6426,False
LBE,5,IV.11,Inoculation!241,[1]+,0.44,,16,4,48.89583333,55.7375,Analyses!380;Analyses!395;Analyses!410;Analyses!425,AMPTShort!6761;AMPTShort!6762;AMPTShort!6763;AMPTShort!6764;AMPTShort!6765;AMPTShort!6766;AMPTShort!6767;AMPTShort!6768;AMPTShort!6769;AMPTShort!6770;AMPTShort!6771;AMPTShort!6772;AMPTShort!6773;AMPTShort!6774;AMPTShort!6775;AMPTShort!6776,False
LBE,5,IV.12,Inoculation!242,[1]+,0.44,,16,4,48.89583333,55.7375,Analyses!381;Analyses!396;Analyses!411;Analyses!426,AMPTShort!7111;AMPTShort!7112;AMPTShort!7113;AMPTShort!7114;AMPTShort!7115;AMPTShort!7116;AMPTShort!7117;AMPTShort!7118;AMPTShort!7119;AMPTShort!7120;AMPTShort!7121;AMPTShort!7122;AMPTShort!7123;AMPTShort!7124;AMPTShort!7125;AMPTShort!7126,False
LBE,5,IV.13,Inoculation!243,[2]+,0.88,,16,4,48.89583333,55.7375,Analyses!382;Analyses!397;Analyses!412;Analyses!427,AMPTShort!7461;AMPTShort!7462;AMPTShort!7463;AMPTShort!7464;AMPTShort!7465;AMPTShort!7466;AMPTShort!7467;AMPTShort!7468;AMPTShort!7469;AMPTShort!7470;AMPTShort!7471;AMPTShort!7472;AMPTShort!7473;AMPTShort!7474;AMPTShort!7475;AMPTShort!7476,False
LBE,5,IV.14,Inoculation!244,[2]+,0.88,,16,4,48.89583333,55.7375,Analyses!383;Analyses!398;Analyses!413;Analyses!428,AMPTShort!7811;AMPTShort!7812;AMPTShort!7813;AMPTShort!7814;AMPTShort!7815;AMPTShort!7816;AMPTShort!7817;AMPTShort!7818;AMPTShort!7819;AMPTShort!7820;AMPTShort!7821;AMPTShort!7822;AMPTShort!7823;AMPTShort!7824;AMPTShort!7825;AMPTShort!7826,False
LBE,5,IV.15,Inoculation!245,[2]+,0.88,,16,4,48.89583333,55.7375,Analyses!384;Analyses!399;Analyses!414;Analyses!429,AMPTShort!8161;AMPTShort!8162;AMPTShort!8163;AMPTShort!8164;AMPTShort!8165;AMPTShort!8166;AMPTShort!8167;AMPTShort!8168;AMPTShort!8169;AMPTShort!8170;AMPTShort!8171;AMPTShort!8172;AMPTShort!8173;AMPTShort!8174;AMPTShort!8175;AMPTShort!8176,False
LBE,5,IV.2,Inoculation!232,[0],0,,16,4,48.89583333,55.7375,Analyses!371;Analyses!386;Analyses!401;Analyses!416,AMPTShort!3611;AMPTShort!3612;AMPTShort!3613;AMPTShort!3614;AMPTShort!3615;AMPTShort!3616;AMPTShort!3617;AMPTShort!3618;AMPTShort!3619;AMPTShort!3620;AMPTShort!3621;AMPTShort!3622;AMPTShort!3623;AMPTShort!3624;AMPTShort!3625;AMPTShort!3626,False
LBE,5,IV.3,Inoculation!233,[0],0,,16,4,48.89583333,55.7375,Analyses!372;Analyses!387;Analyses!402;Analyses!417,AMPTShort!3961;AMPTShort!3962;AMPTShort!3963;AMPTShort!3964;AMPTShort!3965;AMPTShort!3966;AMPTShort!3967;AMPTShort!3968;AMPTShort!3969;AMPTShort!3970;AMPTShort!3971;AMPTShort!3972;AMPTShort!3973;AMPTShort!3974;AMPTShort!3975;AMPTShort!3976,False
LBE,5,IV.4,Inoculation!234,[1],0.44,,16,4,48.89583333,55.7375,Analyses!373;Analyses!388;Analyses!403;Analyses!418,AMPTShort!4311;AMPTShort!4312;AMPTShort!4313;AMPTShort!4314;AMPTShort!4315;AMPTShort!4316;AMPTShort!4317;AMPTShort!4318;AMPTShort!4319;AMPTShort!4320;AMPTShort!4321;AMPTShort!4322;AMPTShort!4323;AMPTShort!4324;AMPTShort!4325;AMPTShort!4326,False
LBE,5,IV.5,Inoculation!235,[1],0.44,,16,4,48.89583333,55.7375,Analyses!374;Analyses!389;Analyses!404;Analyses!419,AMPTShort!4661;AMPTShort!4662;AMPTShort!4663;AMPTShort!4664;AMPTShort!4665;AMPTShort!4666;AMPTShort!4667;AMPTShort!4668;AMPTShort!4669;AMPTShort!4670;AMPTShort!4671;AMPTShort!4672;AMPTShort!4673;AMPTShort!4674;AMPTShort!4675;AMPTShort!4676,False
LBE,5,IV.6,Inoculation!236,[1],0.44,,16,4,48.89583333,55.7375,Analyses!375;Analyses!390;Analyses!405;Analyses!420,AMPTShort!5011;AMPTShort!5012;AMPTShort!5013;AMPTShort!5014;AMPTShort!5015;AMPTShort!5016;AMPTShort!5017;AMPTShort!5018;AMPTShort!5019;AMPTShort!5020;AMPTShort!5021;AMPTShort!5022;AMPTShort!5023;AMPTShort!5024;AMPTShort!5025;AMPTShort!5026,False
LBE,5,IV.7,Inoculation!237,[2],0.88,,16,4,48.89583333,55.7375,Analyses!376;Analyses!391;Analyses!406;Analyses!421,AMPTShort!5361;AMPTShort!5362;AMPTShort!5363;AMPTShort!5364;AMPTShort!5365;AMPTShort!5366;AMPTShort!5367;AMPTShort!5368;AMPTShort!5369;AMPTShort!5370;AMPTShort!5371;AMPTShort!5372;AMPTShort!5373;AMPTShort!5374;AMPTShort!5375;AMPTShort!5376,False
LBE,5,IV.8,Inoculation!238,[2],0.88,,16,4,48.89583333,55.7375,Analyses!377;Analyses!392;Analyses!407;Analyses!422,AMPTShort!5711;AMPTShort!5712;AMPTShort!5713;AMPTShort!5714;AMPTShort!5715;AMPTShort!5716;AMPTShort!5717;AMPTShort!5718;AMPTShort!5719;AMPTShort!5720;AMPTShort!5721;AMPTShort!5722;AMPTShort!5723;AMPTShort!5724;AMPTShort!5725;AMPTShort!5726,False
LBE,5,IV.9,Inoculation!239,[2],0.88,,16,4,48.89583333,55.7375,Analyses!378;Analyses!393;Analyses!408;Analyses!423,AMPTShort!6061;AMPTShort!6062;AMPTShort!6063;AMPTShort!6064;AMPTShort!6065;AMPTShort!6066;AMPTShort!6067;AMPTShort!6068;AMPTShort!6069;AMPTShort!6070;AMPTShort!6071;AMPTShort!6072;AMPTShort!6073;AMPTShort!6074;AMPTShort!6075;AMPTShort!6076,False
LBE,6,IV.1,Inoculation!246,[0],0,,16,4,55.9791666666642,62.77916667,Analyses!430;Analyses!445;Analyses!460;Analyses!475,AMPTShort!3277;AMPTShort!3278;AMPTShort!3279;AMPTShort!3280;AMPTShort!3281;AMPTShort!3282;AMPTShort!3283;AMPTShort!3284;AMPTShort!3285;AMPTShort!3286;AMPTShort!3287;AMPTShort!3288;AMPTShort!3289;AMPTShort!3290;AMPTShort!3291;AMPTShort!3292,False
LBE,6,IV.10,Inoculation!255,[1]+,0.44,,16,4,55.9791666666642,62.77916667,Analyses!439;Analyses!454;Analyses!469;Analyses!484,AMPTShort!6427;AMPTShort!6428;AMPTShort!6429;AMPTShort!6430;AMPTShort!6431;AMPTShort!6432;AMPTShort!6433;AMPTShort!6434;AMPTShort!6435;AMPTShort!6436;AMPTShort!6437;AMPTShort!6438;AMPTShort!6439;AMPTShort!6440;AMPTShort!6441;AMPTShort!6442,False
LBE,6,IV.11,Inoculation!256,[1]+,0.44,,16,4,55.9791666666642,62.77916667,Analyses!440;Analyses!455;Analyses!470;Analyses!485,AMPTShort!6777;AMPTShort!6778;AMPTShort!6779;AMPTShort!6780;AMPTShort!6781;AMPTShort!6782;AMPTShort!6783;AMPTShort!6784;AMPTShort!6785;AMPTShort!6786;AMPTShort!6787;AMPTShort!6788;AMPTShort!6789;AMPTShort!6790;AMPTShort!6791;AMPTShort!6792,False
LBE,6,IV.12,Inoculation!257,[1]+,0.44,,16,4,55.9791666666642,62.77916667,Analyses!441;Analyses!456;Analyses!471;Analyses!486,AMPTShort!7127;AMPTShort!7128;AMPTShort!7129;AMPTShort!7130;AMPTShort!7131;AMPTShort!7132;AMPTShort!7133;AMPTShort!7134;AMPTShort!7135;AMPTShort!7136;AMPTShort!7137;AMPTShort!7138;AMPTShort!7139;AMPTShort!7140;AMPTShort!7141;AMPTShort!7142,False
LBE,6,IV.13,Inoculation!258,[2]+,0.88,,16,4,55.9791666666642,62.77916667,Analyses!442;Analyses!457;Analyses!472;Analyses!487,AMPTShort!7477;AMPTShort!7478;AMPTShort!7479;AMPTShort!7480;AMPTShort!7481;AMPTShort!7482;AMPTShort!7483;AMPTShort!7484;AMPTShort!7485;AMPTShort!7486;AMPTShort!7487;AMPTShort!7488;AMPTShort!7489;AMPTShort!7490;AMPTShort!7491;AMPTShort!7492,False
LBE,6,IV.14,Inoculation!259,[2]+,0.88,,16,4,55.9791666666642,62.77916667,Analyses!443;Analyses!458;Analyses!473;Analyses!488,AMPTShort!7827;AMPTShort!7828;AMPTShort!7829;AMPTShort!7830;AMPTShort!7831;AMPTShort!7832;AMPTShort!7833;AMPTShort!7834;AMPTShort!7835;AMPTShort!7836;AMPTShort!7837;AMPTShort!7838;AMPTShort!7839;AMPTShort!7840;AMPTShort!7841;AMPTShort!7842,False
LBE,6,IV.15,Inoculation!260,[2]+,0.88,,16,4,55.9791666666642,62.77916667,Analyses!444;Analyses!459;Analyses!474;Analyses!489,AMPTShort!8177;AMPTShort!8178;AMPTShort!8179;AMPTShort!8180;AMPTShort!8181;AMPTShort!8182;AMPTShort!8183;AMPTShort!8184;AMPTShort!8185;AMPTShort!8186;AMPTShort!8187;AMPTShort!8188;AMPTShort!8189;AMPTShort!8190;AMPTShort!8191;AMPTShort!8192,False
LBE,6,IV.2,Inoculation!247,[0],0,,16,4,55.9791666666642,62.77916667,Analyses!431;Analyses!446;Analyses!461;Analyses!476,AMPTShort!3627;AMPTShort!3628;AMPTShort!3629;AMPTShort!3630;AMPTShort!3631;AMPTShort!3632;AMPTShort!3633;AMPTShort!3634;AMPTShort!3635;AMPTShort!3636;AMPTShort!3637;AMPTShort!3638;AMPTShort!3639;AMPTShort!3640;AMPTShort!3641;AMPTShort!3642,False
LBE,6,IV.3,Inoculation!248,[0],0,,16,4,55.9791666666642,62.77916667,Analyses!432;Analyses!447;Analyses!462;Analyses!477,AMPTShort!3977;AMPTShort!3978;AMPTShort!3979;AMPTShort!3980;AMPTShort!3981;AMPTShort!3982;AMPTShort!3983;AMPTShort!3984;AMPTShort!3985;AMPTShort!3986;AMPTShort!3987;AMPTShort!3988;AMPTShort!3989;AMPTShort!3990;AMPTShort!3991;AMPTShort!3992,False
LBE,6,IV.4,Inoculation!249,[1],0.44,,16,4,55.9791666666642,62.77916667,Analyses!433;Analyses!448;Analyses!463;Analyses!478,AMPTShort!4327;AMPTShort!4328;AMPTShort!4329;AMPTShort!4330;AMPTShort!4331;AMPTShort!4332;AMPTShort!4333;AMPTShort!4334;AMPTShort!4335;AMPTShort!4336;AMPTShort!4337;AMPTShort!4338;AMPTShort!4339;AMPTShort!4340;AMPTShort!4341;AMPTShort!4342,False
LBE,6,IV.5,Inoculation!250,[1],0.44,,16,4,55.9791666666642,62.77916667,Analyses!434;Analyses!449;Analyses!464;Analyses!479,AMPTShort!4677;AMPTShort!4678;AMPTShort!4679;AMPTShort!4680;AMPTShort!4681;AMPTShort!4682;AMPTShort!4683;AMPTShort!4684;AMPTShort!4685;AMPTShort!4686;AMPTShort!4687;AMPTShort!4688;AMPTShort!4689;AMPTShort!4690;AMPTShort!4691;AMPTShort!4692,False
LBE,6,IV.6,Inoculation!251,[1],0.44,,16,4,55.9791666666642,62.77916667,Analyses!435;Analyses!450;Analyses!465;Analyses!480,AMPTShort!5027;AMPTShort!5028;AMPTShort!5029;AMPTShort!5030;AMPTShort!5031;AMPTShort!5032;AMPTShort!5033;AMPTShort!5034;AMPTShort!5035;AMPTShort!5036;AMPTShort!5037;AMPTShort!5038;AMPTShort!5039;AMPTShort!5040;AMPTShort!5041;AMPTShort!5042,False
LBE,6,IV.7,Inoculation!252,[2],0.88,,16,4,55.9791666666642,62.77916667,Analyses!436;Analyses!451;Analyses!466;Analyses!481,AMPTShort!5377;AMPTShort!5378;AMPTShort!5379;AMPTShort!5380;AMPTShort!5381;AMPTShort!5382;AMPTShort!5383;AMPTShort!5384;AMPTShort!5385;AMPTShort!5386;AMPTShort!5387;AMPTShort!5388;AMPTShort!5389;AMPTShort!5390;AMPTShort!5391;AMPTShort!5392,False
LBE,6,IV.8,Inoculation!253,[2],0.88,,16,4,55.9791666666642,62.77916667,Analyses!437;Analyses!452;Analyses!467;Analyses!482,AMPTShort!5727;AMPTShort!5728;AMPTShort!5729;AMPTShort!5730;AMPTShort!5731;AMPTShort!5732;AMPTShort!5733;AMPTShort!5734;AMPTShort!5735;AMPTShort!5736;AMPTShort!5737;AMPTShort!5738;AMPTShort!5739;AMPTShort!5740;AMPTShort!5741;AMPTShort!5742,False
LBE,6,IV.9,Inoculation!254,[2],0.88,,16,4,55.9791666666642,62.77916667,Analyses!438;Analyses!453;Analyses!468;Analyses!483,AMPTShort!6077;AMPTShort!6078;AMPTShort!6079;AMPTShort!6080;AMPTShort!6081;AMPTShort!6082;AMPTShort!6083;AMPTShort!6084;AMPTShort!6085;AMPTShort!6086;AMPTShort!6087;AMPTShort!6088;AMPTShort!6089;AMPTShort!6090;AMPTShort!6091;AMPTShort!6092,False
LBE,7,IV.1,Inoculation!261,[0],0,,16,4,62.95833333,69.8,Analyses!490;Analyses!505;Analyses!520;Analyses!535,AMPTShort!3293;AMPTShort!3294;AMPTShort!3295;AMPTShort!3296;AMPTShort!3297;AMPTShort!3298;AMPTShort!3299;AMPTShort!3300;AMPTShort!3301;AMPTShort!3302;AMPTShort!3303;AMPTShort!3304;AMPTShort!3305;AMPTShort!3306;AMPTShort!3307;AMPTShort!3308,False
LBE,7,IV.10,Inoculation!270,[1]+,0.44,,16,4,62.95833333,69.8,Analyses!499;Analyses!514;Analyses!529;Analyses!544,AMPTShort!6443;AMPTShort!6444;AMPTShort!6445;AMPTShort!6446;AMPTShort!6447;AMPTShort!6448;AMPTShort!6449;AMPTShort!6450;AMPTShort!6451;AMPTShort!6452;AMPTShort!6453;AMPTShort!6454;AMPTShort!6455;AMPTShort!6456;AMPTShort!6457;AMPTShort!6458,False
LBE,7,IV.11,Inoculation!271,[1]+,0.44,,16,4,62.95833333,69.8,Analyses!500;Analyses!515;Analyses!530;Analyses!545,AMPTShort!6793;AMPTShort!6794;AMPTShort!6795;AMPTShort!6796;AMPTShort!6797;AMPTShort!6798;AMPTShort!6799;AMPTShort!6800;AMPTShort!6801;AMPTShort!6802;AMPTShort!6803;AMPTShort!6804;AMPTShort!6805;AMPTShort!6806;AMPTShort!6807;AMPTShort!6808,False
LBE,7,IV.12,Inoculation!272,[1]+,0.44,,16,4,62.95833333,69.8,Analyses!501;Analyses!516;Analyses!531;Analyses!546,AMPTShort!7143;AMPTShort!7144;AMPTShort!7145;AMPTShort!7146;AMPTShort!7147;AMPTShort!7148;AMPTShort!7149;AMPTShort!7150;AMPTShort!7151;AMPTShort!7152;AMPTShort!7153;AMPTShort!7154;AMPTShort!7155;AMPTShort!7156;AMPTShort!7157;AMPTShort!7158,False
LBE,7,IV.13,Inoculation!273,[2]+,0.88,,16,4,62.95833333,69.8,Analyses!502;Analyses!517;Analyses!532;Analyses!547,AMPTShort!7493;AMPTShort!7494;AMPTShort!7495;AMPTShort!7496;AMPTShort!7497;AMPTShort!7498;AMPTShort!7499;AMPTShort!7500;AMPTShort!7501;AMPTShort!7502;AMPTShort!7503;AMPTShort!7504;AMPTShort!7505;AMPTShort!7506;AMPTShort!7507;AMPTShort!7508,False
LBE,7,IV.14,Inoculation!274,[2]+,0.88,,16,4,62.95833333,69.8,Analyses!503;Analyses!518;Analyses!533;Analyses!548,AMPTShort!7843;AMPTShort!7844;AMPTShort!7845;AMPTShort!7846;AMPTShort!7847;AMPTShort!7848;AMPTShort!7849;AMPTShort!7850;AMPTShort!7851;AMPTShort!7852;AMPTShort!7853;AMPTShort!7854;AMPTShort!7855;AMPTShort!7856;AMPTShort!7857;AMPTShort!7858,False
LBE,7,IV.15,Inoculation!275,[2]+,0.88,,16,4,62.95833333,69.8,Analyses!504;Analyses!519;Analyses!534;Analyses!549,AMPTShort!8193;AMPTShort!8194;AMPTShort!8195;AMPTShort!8196;AMPTShort!8197;AMPTShort!8198;AMPTShort!8199;AMPTShort!8200;AMPTShort!8201;AMPTShort!8202;AMPTShort!8203;AMPTShort!8204;AMPTShort!8205;AMPTShort!8206;AMPTShort!8207;AMPTShort!8208,False
LBE,7,IV.2,Inoculation!262,[0],0,,16,4,62.95833333,69.8,Analyses!491;Analyses!506;Analyses!521;Analyses!536,AMPTShort!3643;AMPTShort!3644;AMPTShort!3645;AMPTShort!3646;AMPTShort!3647;AMPTShort!3648;AMPTShort!3649;AMPTShort!3650;AMPTShort!3651;AMPTShort!3652;AMPTShort!3653;AMPTShort!3654;AMPTShort!3655;AMPTShort!3656;AMPTShort!3657;AMPTShort!3658,False
LBE,7,IV.3,Inoculation!263,[0],0,,16,4,62.95833333,69.8,Analyses!492;Analyses!507;Analyses!522;Analyses!537,AMPTShort!3993;AMPTShort!3994;AMPTShort!3995;AMPTShort!3996;AMPTShort!3997;AMPTShort!3998;AMPTShort!3999;AMPTShort!4000;AMPTShort!4001;AMPTShort!4002;AMPTShort!4003;AMPTShort!4004;AMPTShort!4005;AMPTShort!4006;AMPTShort!4007;AMPTShort!4008,False
LBE,7,IV.4,Inoculation!264,[1],0.44,,16,4,62.95833333,69.8,Analyses!493;Analyses!508;Analyses!523;Analyses!538,AMPTShort!4343;AMPTShort!4344;AMPTShort!4345;AMPTShort!4346;AMPTShort!4347;AMPTShort!4348;AMPTShort!4349;AMPTShort!4350;AMPTShort!4351;AMPTShort!4352;AMPTShort!4353;AMPTShort!4354;AMPTShort!4355;AMPTShort!4356;AMPTShort!4357;AMPTShort!4358,False
LBE,7,IV.5,Inoculation!265,[1],0.44,,16,4,62.95833333,69.8,Analyses!494;Analyses!509;Analyses!524;Analyses!539,AMPTShort!4693;AMPTShort!4694;AMPTShort!4695;AMPTShort!4696;AMPTShort!4697;AMPTShort!4698;AMPTShort!4699;AMPTShort!4700;AMPTShort!4701;AMPTShort!4702;AMPTShort!4703;AMPTShort!4704;AMPTShort!4705;AMPTShort!4706;AMPTShort!4707;AMPTShort!4708,False
LBE,7,IV.6,Inoculation!266,[1],0.44,,16,4,62.95833333,69.8,Analyses!495;Analyses!510;Analyses!525;Analyses!540,AMPTShort!5043;AMPTShort!5044;AMPTShort!5045;AMPTShort!5046;AMPTShort!5047;AMPTShort!5048;AMPTShort!5049;AMPTShort!5050;AMPTShort!5051;AMPTShort!5052;AMPTShort!5053;AMPTShort!5054;AMPTShort!5055;AMPTShort!5056;AMPTShort!5057;AMPTShort!5058,False
LBE,7,IV.7,Inoculation!267,[2],0.88,,16,4,62.95833333,69.8,Analyses!496;Analyses!511;Analyses!526;Analyses!541,AMPTShort!5393;AMPTShort!5394;AMPTShort!5395;AMPTShort!5396;AMPTShort!5397;AMPTShort!5398;AMPTShort!5399;AMPTShort!5400;AMPTShort!5401;AMPTShort!5402;AMPTShort!5403;AMPTShort!5404;AMPTShort!5405;AMPTShort!5406;AMPTShort!5407;AMPTShort!5408,False
LBE,7,IV.8,Inoculation!268,[2],0.88,,16,4,62.95833333,69.8,Analyses!497;Analyses!512;Analyses!527;Analyses!542,AMPTShort!5743;AMPTShort!5744;AMPTShort!5745;AMPTShort!5746;AMPTShort!5747;AMPTShort!5748;AMPTShort!5749;AMPTShort!5750;AMPTShort!5751;AMPTShort!5752;AMPTShort!5753;AMPTShort!5754;AMPTShort!5755;AMPTShort!5756;AMPTShort!5757;AMPTShort!5758,False
LBE,7,IV.9,Inoculation!269,[2],0.88,,16,4,62.95833333,69.8,Analyses!498;Analyses!513;Analyses!528;Analyses!543,AMPTShort!6093;AMPTShort!6094;AMPTShort!6095;AMPTShort!6096;AMPTShort!6097;AMPTShort!6098;AMPTShort!6099;AMPTShort!6100;AMPTShort!6101;AMPTShort!6102;AMPTShort!6103;AMPTShort!6104;AMPTShort!6105;AMPTShort!6106;AMPTShort!6107;AMPTShort!6108,False
LBE,8,IV.1,Inoculation!276,[0],0,,16,4,69.95833333,76.88333333,Analyses!550;Analyses!565;Analyses!580;Analyses!595,AMPTShort!3309;AMPTShort!3310;AMPTShort!3311;AMPTShort!3312;AMPTShort!3313;AMPTShort!3314;AMPTShort!3315;AMPTShort!3316;AMPTShort!3317;AMPTShort!3318;AMPTShort!3319;AMPTShort!3320;AMPTShort!3321;AMPTShort!3322;AMPTShort!3323;AMPTShort!3324,False
LBE,8,IV.10,Inoculation!285,[1]+,0.44,,16,4,69.95833333,76.88333333,Analyses!559;Analyses!574;Analyses!589;Analyses!604,AMPTShort!6459;AMPTShort!6460;AMPTShort!6461;AMPTShort!6462;AMPTShort!6463;AMPTShort!6464;AMPTShort!6465;AMPTShort!6466;AMPTShort!6467;AMPTShort!6468;AMPTShort!6469;AMPTShort!6470;AMPTShort!6471;AMPTShort!6472;AMPTShort!6473;AMPTShort!6474,False
LBE,8,IV.11,Inoculation!286,[1]+,0.44,,16,4,69.95833333,76.88333333,Analyses!560;Analyses!575;Analyses!590;Analyses!605,AMPTShort!6809;AMPTShort!6810;AMPTShort!6811;AMPTShort!6812;AMPTShort!6813;AMPTShort!6814;AMPTShort!6815;AMPTShort!6816;AMPTShort!6817;AMPTShort!6818;AMPTShort!6819;AMPTShort!6820;AMPTShort!6821;AMPTShort!6822;AMPTShort!6823;AMPTShort!6824,False
LBE,8,IV.12,Inoculation!287,[1]+,0.44,,16,4,69.95833333,76.88333333,Analyses!561;Analyses!576;Analyses!591;Analyses!606,AMPTShort!7159;AMPTShort!7160;AMPTShort!7161;AMPTShort!7162;AMPTShort!7163;AMPTShort!7164;AMPTShort!7165;AMPTShort!7166;AMPTShort!7167;AMPTShort!7168;AMPTShort!7169;AMPTShort!7170;AMPTShort!7171;AMPTShort!7172;AMPTShort!7173;AMPTShort!7174,False
LBE,8,IV.13,Inoculation!288,[2]+,0.88,,16,4,69.95833333,76.88333333,Analyses!562;Analyses!577;Analyses!592;Analyses!607,AMPTShort!7509;AMPTShort!7510;AMPTShort!7511;AMPTShort!7512;AMPTShort!7513;AMPTShort!7514;AMPTShort!7515;AMPTShort!7516;AMPTShort!7517;AMPTShort!7518;AMPTShort!7519;AMPTShort!7520;AMPTShort!7521;AMPTShort!7522;AMPTShort!7523;AMPTShort!7524,False
LBE,8,IV.14,Inoculation!289,[2]+,0.88,,16,4,69.95833333,76.88333333,Analyses!563;Analyses!578;Analyses!593;Analyses!608,AMPTShort!7859;AMPTShort!7860;AMPTShort!7861;AMPTShort!7862;AMPTShort!7863;AMPTShort!7864;AMPTShort!7865;AMPTShort!7866;AMPTShort!7867;AMPTShort!7868;AMPTShort!7869;AMPTShort!7870;AMPTShort!7871;AMPTShort!7872;AMPTShort!7873;AMPTShort!7874,False
LBE,8,IV.15,Inoculation!290,[2]+,0.88,,16,4,69.95833333,76.88333333,Analyses!564;Analyses!579;Analyses!594;Analyses!609,AMPTShort!8209;AMPTShort!8210;AMPTShort!8211;AMPTShort!8212;AMPTShort!8213;AMPTShort!8214;AMPTShort!8215;AMPTShort!8216;AMPTShort!8217;AMPTShort!8218;AMPTShort!8219;AMPTShort!8220;AMPTShort!8221;AMPTShort!8222;AMPTShort!8223;AMPTShort!8224,False
LBE,8,IV.2,Inoculation!277,[0],0,,16,4,69.95833333,76.88333333,Analyses!551;Analyses!566;Analyses!581;Analyses!596,AMPTShort!3659;AMPTShort!3660;AMPTShort!3661;AMPTShort!3662;AMPTShort!3663;AMPTShort!3664;AMPTShort!3665;AMPTShort!3666;AMPTShort!3667;AMPTShort!3668;AMPTShort!3669;AMPTShort!3670;AMPTShort!3671;AMPTShort!3672;AMPTShort!3673;AMPTShort!3674,False
LBE,8,IV.3,Inoculation!278,[0],0,,16,4,69.95833333,76.88333333,Analyses!552;Analyses!567;Analyses!582;Analyses!597,AMPTShort!4009;AMPTShort!4010;AMPTShort!4011;AMPTShort!4012;AMPTShort!4013;AMPTShort!4014;AMPTShort!4015;AMPTShort!4016;AMPTShort!4017;AMPTShort!4018;AMPTShort!4019;AMPTShort!4020;AMPTShort!4021;AMPTShort!4022;AMPTShort!4023;AMPTShort!4024,False
LBE,8,IV.4,Inoculation!279,[1],0.44,,16,4,69.95833333,76.88333333,Analyses!553;Analyses!568;Analyses!583;Analyses!598,AMPTShort!4359;AMPTShort!4360;AMPTShort!4361;AMPTShort!4362;AMPTShort!4363;AMPTShort!4364;AMPTShort!4365;AMPTShort!4366;AMPTShort!4367;AMPTShort!4368;AMPTShort!4369;AMPTShort!4370;AMPTShort!4371;AMPTShort!4372;AMPTShort!4373;AMPTShort!4374,False
LBE,8,IV.5,Inoculation!280,[1],0.44,,16,4,69.95833333,76.88333333,Analyses!554;Analyses!569;Analyses!584;Analyses!599,AMPTShort!4709;AMPTShort!4710;AMPTShort!4711;AMPTShort!4712;AMPTShort!4713;AMPTShort!4714;AMPTShort!4715;AMPTShort!4716;AMPTShort!4717;AMPTShort!4718;AMPTShort!4719;AMPTShort!4720;AMPTShort!4721;AMPTShort!4722;AMPTShort!4723;AMPTShort!4724,False
LBE,8,IV.6,Inoculation!281,[1],0.44,,16,4,69.95833333,76.88333333,Analyses!555;Analyses!570;Analyses!585;Analyses!600,AMPTShort!5059;AMPTShort!5060;AMPTShort!5061;AMPTShort!5062;AMPTShort!5063;AMPTShort!5064;AMPTShort!5065;AMPTShort!5066;AMPTShort!5067;AMPTShort!5068;AMPTShort!5069;AMPTShort!5070;AMPTShort!5071;AMPTShort!5072;AMPTShort!5073;AMPTShort!5074,False
LBE,8,IV.7,Inoculation!282,[2],0.88,,16,4,69.95833333,76.88333333,Analyses!556;Analyses!571;Analyses!586;Analyses!601,AMPTShort!5409;AMPTShort!5410;AMPTShort!5411;AMPTShort!5412;AMPTShort!5413;AMPTShort!5414;AMPTShort!5415;AMPTShort!5416;AMPTShort!5417;AMPTShort!5418;AMPTShort!5419;AMPTShort!5420;AMPTShort!5421;AMPTShort!5422;AMPTShort!5423;AMPTShort!5424,False
LBE,8,IV.8,Inoculation!283,[2],0.88,,16,4,69.95833333,76.88333333,Analyses!557;Analyses!572;Analyses!587;Analyses!602,AMPTShort!5759;AMPTShort!5760;AMPTShort!5761;AMPTShort!5762;AMPTShort!5763;AMPTShort!5764;AMPTShort!5765;AMPTShort!5766;AMPTShort!5767;AMPTShort!5768;AMPTShort!5769;AMPTShort!5770;AMPTShort!5771;AMPTShort!5772;AMPTShort!5773;AMPTShort!5774,False
LBE,8,IV.9,Inoculation!284,[2],0.88,,16,4,69.95833333,76.88333333,Analyses!558;Analyses!573;Analyses!588;Analyses!603,AMPTShort!6109;AMPTShort!6110;AMPTShort!6111;AMPTShort!6112;AMPTShort!6113;AMPTShort!6114;AMPTShort!6115;AMPTShort!6116;AMPTShort!6117;AMPTShort!6118;AMPTShort!6119;AMPTShort!6120;AMPTShort!6121;AMPTShort!6122;AMPTShort!6123;AMPTShort!6124,False
LBE,9,IV.1,Inoculation!291,[0],0,,72,11,76.9791666666642,111.75,Analyses!610;Analyses!625;Analyses!640;Analyses!655;Analyses!670;Analyses!685;Analyses!700;Analyses!715;Analyses!730;Analyses!745;Analyses!760,AMPTShort!3325;AMPTShort!3326;AMPTShort!3327;AMPTShort!3328;AMPTShort!3329;AMPTShort!3330;AMPTShort!3331;AMPTShort!3332;AMPTShort!3333;AMPTShort!3334;AMPTShort!3335;AMPTShort!3336;AMPTShort!3337;AMPTShort!3338;AMPTShort!3339;AMPTShort!3340;AMPTShort!3341;AMPTShort!3342;AMPTShort!3343;AMPTShort!3344;AMPTShort!3345;AMPTShort!3346;AMPTShort!3347;AMPTShort!3348;AMPTShort!3349;AMPTShort!3350;AMPTShort!3351;AMPTShort!3352;AMPTShort!3353;AMPTShort!3354;AMPTShort!3355;AMPTShort!3356;AMPTShort!3357;AMPTShort!3358;AMPTShort!3359;AMPTShort!3360;AMPTShort!3361;AMPTShort!3362;AMPTShort!3363;AMPTShort!3364;AMPTShort!3365;AMPTShort!3366;AMPTShort!3367;AMPTShort!3368;AMPTShort!3369;AMPTShort!3370;AMPTShort!3371;AMPTShort!3372;AMPTShort!3373;AMPTShort!3374;AMPTShort!3375;AMPTShort!3376;AMPTShort!3377;AMPTShort!3378;AMPTShort!3379;AMPTShort!3380;AMPTShort!3381;AMPTShort!3382;AMPTShort!3383;AMPTShort!3384;AMPTShort!3385;AMPTShort!3386;AMPTShort!3387;AMPTShort!3388;AMPTShort!3389;AMPTShort!3390;AMPTShort!3391;AMPTShort!3392;AMPTShort!3393;AMPTShort!3394;AMPTShort!3395;AMPTShort!3396,False
LBE,9,IV.10,Inoculation!300,[1]+,0.44,,72,11,76.9791666666642,111.75,Analyses!619;Analyses!634;Analyses!649;Analyses!664;Analyses!679;Analyses!694;Analyses!709;Analyses!724;Analyses!739;Analyses!754;Analyses!769,AMPTShort!6475;AMPTShort!6476;AMPTShort!6477;AMPTShort!6478;AMPTShort!6479;AMPTShort!6480;AMPTShort!6481;AMPTShort!6482;AMPTShort!6483;AMPTShort!6484;AMPTShort!6485;AMPTShort!6486;AMPTShort!6487;AMPTShort!6488;AMPTShort!6489;AMPTShort!6490;AMPTShort!6491;AMPTShort!6492;AMPTShort!6493;AMPTShort!6494;AMPTShort!6495;AMPTShort!6496;AMPTShort!6497;AMPTShort!6498;AMPTShort!6499;AMPTShort!6500;AMPTShort!6501;AMPTShort!6502;AMPTShort!6503;AMPTShort!6504;AMPTShort!6505;AMPTShort!6506;AMPTShort!6507;AMPTShort!6508;AMPTShort!6509;AMPTShort!6510;AMPTShort!6511;AMPTShort!6512;AMPTShort!6513;AMPTShort!6514;AMPTShort!6515;AMPTShort!6516;AMPTShort!6517;AMPTShort!6518;AMPTShort!6519;AMPTShort!6520;AMPTShort!6521;AMPTShort!6522;AMPTShort!6523;AMPTShort!6524;AMPTShort!6525;AMPTShort!6526;AMPTShort!6527;AMPTShort!6528;AMPTShort!6529;AMPTShort!6530;AMPTShort!6531;AMPTShort!6532;AMPTShort!6533;AMPTShort!6534;AMPTShort!6535;AMPTShort!6536;AMPTShort!6537;AMPTShort!6538;AMPTShort!6539;AMPTShort!6540;AMPTShort!6541;AMPTShort!6542;AMPTShort!6543;AMPTShort!6544;AMPTShort!6545;AMPTShort!6546,False
LBE,9,IV.11,Inoculation!301,[1]+,0.44,,72,11,76.9791666666642,111.75,Analyses!620;Analyses!635;Analyses!650;Analyses!665;Analyses!680;Analyses!695;Analyses!710;Analyses!725;Analyses!740;Analyses!755;Analyses!770,AMPTShort!6825;AMPTShort!6826;AMPTShort!6827;AMPTShort!6828;AMPTShort!6829;AMPTShort!6830;AMPTShort!6831;AMPTShort!6832;AMPTShort!6833;AMPTShort!6834;AMPTShort!6835;AMPTShort!6836;AMPTShort!6837;AMPTShort!6838;AMPTShort!6839;AMPTShort!6840;AMPTShort!6841;AMPTShort!6842;AMPTShort!6843;AMPTShort!6844;AMPTShort!6845;AMPTShort!6846;AMPTShort!6847;AMPTShort!6848;AMPTShort!6849;AMPTShort!6850;AMPTShort!6851;AMPTShort!6852;AMPTShort!6853;AMPTShort!6854;AMPTShort!6855;AMPTShort!6856;AMPTShort!6857;AMPTShort!6858;AMPTShort!6859;AMPTShort!6860;AMPTShort!6861;AMPTShort!6862;AMPTShort!6863;AMPTShort!6864;AMPTShort!6865;AMPTShort!6866;AMPTShort!6867;AMPTShort!6868;AMPTShort!6869;AMPTShort!6870;AMPTShort!6871;AMPTShort!6872;AMPTShort!6873;AMPTShort!6874;AMPTShort!6875;AMPTShort!6876;AMPTShort!6877;AMPTShort!6878;AMPTShort!6879;AMPTShort!6880;AMPTShort!6881;AMPTShort!6882;AMPTShort!6883;AMPTShort!6884;AMPTShort!6885;AMPTShort!6886;AMPTShort!6887;AMPTShort!6888;AMPTShort!6889;AMPTShort!6890;AMPTShort!6891;AMPTShort!6892;AMPTShort!6893;AMPTShort!6894;AMPTShort!6895;AMPTShort!6896,False
LBE,9,IV.12,Inoculation!302,[1]+,0.44,,72,11,76.9791666666642,111.75,Analyses!621;Analyses!636;Analyses!651;Analyses!666;Analyses!681;Analyses!696;Analyses!711;Analyses!726;Analyses!741;Analyses!756;Analyses!771,AMPTShort!7175;AMPTShort!7176;AMPTShort!7177;AMPTShort!7178;AMPTShort!7179;AMPTShort!7180;AMPTShort!7181;AMPTShort!7182;AMPTShort!7183;AMPTShort!7184;AMPTShort!7185;AMPTShort!7186;AMPTShort!7187;AMPTShort!7188;AMPTShort!7189;AMPTShort!7190;AMPTShort!7191;AMPTShort!7192;AMPTShort!7193;AMPTShort!7194;AMPTShort!7195;AMPTShort!7196;AMPTShort!7197;AMPTShort!7198;AMPTShort!7199;AMPTShort!7200;AMPTShort!7201;AMPTShort!7202;AMPTShort!7203;AMPTShort!7204;AMPTShort!7205;AMPTShort!7206;AMPTShort!7207;AMPTShort!7208;AMPTShort!7209;AMPTShort!7210;AMPTShort!7211;AMPTShort!7212;AMPTShort!7213;AMPTShort!7214;AMPTShort!7215;AMPTShort!7216;AMPTShort!7217;AMPTShort!7218;AMPTShort!7219;AMPTShort!7220;AMPTShort!7221;AMPTShort!7222;AMPTShort!7223;AMPTShort!7224;AMPTShort!7225;AMPTShort!7226;AMPTShort!7227;AMPTShort!7228;AMPTShort!7229;AMPTShort!7230;AMPTShort!7231;AMPTShort!7232;AMPTShort!7233;AMPTShort!7234;AMPTShort!7235;AMPTShort!7236;AMPTShort!7237;AMPTShort!7238;AMPTShort!7239;AMPTShort!7240;AMPTShort!7241;AMPTShort!7242;AMPTShort!7243;AMPTShort!7244;AMPTShort!7245;AMPTShort!7246,False
LBE,9,IV.13,Inoculation!303,[2]+,0.88,,72,11,76.9791666666642,111.75,Analyses!622;Analyses!637;Analyses!652;Analyses!667;Analyses!682;Analyses!697;Analyses!712;Analyses!727;Analyses!742;Analyses!757;Analyses!772,AMPTShort!7525;AMPTShort!7526;AMPTShort!7527;AMPTShort!7528;AMPTShort!7529;AMPTShort!7530;AMPTShort!7531;AMPTShort!7532;AMPTShort!7533;AMPTShort!7534;AMPTShort!7535;AMPTShort!7536;AMPTShort!7537;AMPTShort!7538;AMPTShort!7539;AMPTShort!7540;AMPTShort!7541;AMPTShort!7542;AMPTShort!7543;AMPTShort!7544;AMPTShort!7545;AMPTShort!7546;AMPTShort!7547;AMPTShort!7548;AMPTShort!7549;AMPTShort!7550;AMPTShort!7551;AMPTShort!7552;AMPTShort!7553;AMPTShort!7554;AMPTShort!7555;AMPTShort!7556;AMPTShort!7557;AMPTShort!7558;AMPTShort!7559;AMPTShort!7560;AMPTShort!7561;AMPTShort!7562;AMPTShort!7563;AMPTShort!7564;AMPTShort!7565;AMPTShort!7566;AMPTShort!7567;AMPTShort!7568;AMPTShort!7569;AMPTShort!7570;AMPTShort!7571;AMPTShort!7572;AMPTShort!7573;AMPTShort!7574;AMPTShort!7575;AMPTShort!7576;AMPTShort!7577;AMPTShort!7578;AMPTShort!7579;AMPTShort!7580;AMPTShort!7581;AMPTShort!7582;AMPTShort!7583;AMPTShort!7584;AMPTShort!7585;AMPTShort!7586;AMPTShort!7587;AMPTShort!7588;AMPTShort!7589;AMPTShort!7590;AMPTShort!7591;AMPTShort!7592;AMPTShort!7593;AMPTShort!7594;AMPTShort!7595;AMPTShort!7596,False
LBE,9,IV.14,Inoculation!304,[2]+,0.88,,72,11,76.9791666666642,111.75,Analyses!623;Analyses!638;Analyses!653;Analyses!668;Analyses!683;Analyses!698;Analyses!713;Analyses!728;Analyses!743;Analyses!758;Analyses!773,AMPTShort!7875;AMPTShort!7876;AMPTShort!7877;AMPTShort!7878;AMPTShort!7879;AMPTShort!7880;AMPTShort!7881;AMPTShort!7882;AMPTShort!7883;AMPTShort!7884;AMPTShort!7885;AMPTShort!7886;AMPTShort!7887;AMPTShort!7888;AMPTShort!7889;AMPTShort!7890;AMPTShort!7891;AMPTShort!7892;AMPTShort!7893;AMPTShort!7894;AMPTShort!7895;AMPTShort!7896;AMPTShort!7897;AMPTShort!7898;AMPTShort!7899;AMPTShort!7900;AMPTShort!7901;AMPTShort!7902;AMPTShort!7903;AMPTShort!7904;AMPTShort!7905;AMPTShort!7906;AMPTShort!7907;AMPTShort!7908;AMPTShort!7909;AMPTShort!7910;AMPTShort!7911;AMPTShort!7912;AMPTShort!7913;AMPTShort!7914;AMPTShort!7915;AMPTShort!7916;AMPTShort!7917;AMPTShort!7918;AMPTShort!7919;AMPTShort!7920;AMPTShort!7921;AMPTShort!7922;AMPTShort!7923;AMPTShort!7924;AMPTShort!7925;AMPTShort!7926;AMPTShort!7927;AMPTShort!7928;AMPTShort!7929;AMPTShort!7930;AMPTShort!7931;AMPTShort!7932;AMPTShort!7933;AMPTShort!7934;AMPTShort!7935;AMPTShort!7936;AMPTShort!7937;AMPTShort!7938;AMPTShort!7939;AMPTShort!7940;AMPTShort!7941;AMPTShort!7942;AMPTShort!7943;AMPTShort!7944;AMPTShort!7945;AMPTShort!7946,False
LBE,9,IV.15,Inoculation!305,[2]+,0.88,,72,11,76.9791666666642,111.75,Analyses!624;Analyses!639;Analyses!654;Analyses!669;Analyses!684;Analyses!699;Analyses!714;Analyses!729;Analyses!744;Analyses!759;Analyses!774,AMPTShort!8225;AMPTShort!8226;AMPTShort!8227;AMPTShort!8228;AMPTShort!8229;AMPTShort!8230;AMPTShort!8231;AMPTShort!8232;AMPTShort!8233;AMPTShort!8234;AMPTShort!8235;AMPTShort!8236;AMPTShort!8237;AMPTShort!8238;AMPTShort!8239;AMPTShort!8240;AMPTShort!8241;AMPTShort!8242;AMPTShort!8243;AMPTShort!8244;AMPTShort!8245;AMPTShort!8246;AMPTShort!8247;AMPTShort!8248;AMPTShort!8249;AMPTShort!8250;AMPTShort!8251;AMPTShort!8252;AMPTShort!8253;AMPTShort!8254;AMPTShort!8255;AMPTShort!8256;AMPTShort!8257;AMPTShort!8258;AMPTShort!8259;AMPTShort!8260;AMPTShort!8261;AMPTShort!8262;AMPTShort!8263;AMPTShort!8264;AMPTShort!8265;AMPTShort!8266;AMPTShort!8267;AMPTShort!8268;AMPTShort!8269;AMPTShort!8270;AMPTShort!8271;AMPTShort!8272;AMPTShort!8273;AMPTShort!8274;AMPTShort!8275;AMPTShort!8276;AMPTShort!8277;AMPTShort!8278;AMPTShort!8279;AMPTShort!8280;AMPTShort!8281;AMPTShort!8282;AMPTShort!8283;AMPTShort!8284;AMPTShort!8285;AMPTShort!8286;AMPTShort!8287;AMPTShort!8288;AMPTShort!8289;AMPTShort!8290;AMPTShort!8291;AMPTShort!8292;AMPTShort!8293;AMPTShort!8294;AMPTShort!8295;AMPTShort!8296,False
LBE,9,IV.2,Inoculation!292,[0],0,,72,11,76.9791666666642,111.75,Analyses!611;Analyses!626;Analyses!641;Analyses!656;Analyses!671;Analyses!686;Analyses!701;Analyses!716;Analyses!731;Analyses!746;Analyses!761,AMPTShort!3675;AMPTShort!3676;AMPTShort!3677;AMPTShort!3678;AMPTShort!3679;AMPTShort!3680;AMPTShort!3681;AMPTShort!3682;AMPTShort!3683;AMPTShort!3684;AMPTShort!3685;AMPTShort!3686;AMPTShort!3687;AMPTShort!3688;AMPTShort!3689;AMPTShort!3690;AMPTShort!3691;AMPTShort!3692;AMPTShort!3693;AMPTShort!3694;AMPTShort!3695;AMPTShort!3696;AMPTShort!3697;AMPTShort!3698;AMPTShort!3699;AMPTShort!3700;AMPTShort!3701;AMPTShort!3702;AMPTShort!3703;AMPTShort!3704;AMPTShort!3705;AMPTShort!3706;AMPTShort!3707;AMPTShort!3708;AMPTShort!3709;AMPTShort!3710;AMPTShort!3711;AMPTShort!3712;AMPTShort!3713;AMPTShort!3714;AMPTShort!3715;AMPTShort!3716;AMPTShort!3717;AMPTShort!3718;AMPTShort!3719;AMPTShort!3720;AMPTShort!3721;AMPTShort!3722;AMPTShort!3723;AMPTShort!3724;AMPTShort!3725;AMPTShort!3726;AMPTShort!3727;AMPTShort!3728;AMPTShort!3729;AMPTShort!3730;AMPTShort!3731;AMPTShort!3732;AMPTShort!3733;AMPTShort!3734;AMPTShort!3735;AMPTShort!3736;AMPTShort!3737;AMPTShort!3738;AMPTShort!3739;AMPTShort!3740;AMPTShort!3741;AMPTShort!3742;AMPTShort!3743;AMPTShort!3744;AMPTShort!3745;AMPTShort!3746,False
LBE,9,IV.3,Inoculation!293,[0],0,,72,11,76.9791666666642,111.75,Analyses!612;Analyses!627;Analyses!642;Analyses!657;Analyses!672;Analyses!687;Analyses!702;Analyses!717;Analyses!732;Analyses!747;Analyses!762,AMPTShort!4025;AMPTShort!4026;AMPTShort!4027;AMPTShort!4028;AMPTShort!4029;AMPTShort!4030;AMPTShort!4031;AMPTShort!4032;AMPTShort!4033;AMPTShort!4034;AMPTShort!4035;AMPTShort!4036;AMPTShort!4037;AMPTShort!4038;AMPTShort!4039;AMPTShort!4040;AMPTShort!4041;AMPTShort!4042;AMPTShort!4043;AMPTShort!4044;AMPTShort!4045;AMPTShort!4046;AMPTShort!4047;AMPTShort!4048;AMPTShort!4049;AMPTShort!4050;AMPTShort!4051;AMPTShort!4052;AMPTShort!4053;AMPTShort!4054;AMPTShort!4055;AMPTShort!4056;AMPTShort!4057;AMPTShort!4058;AMPTShort!4059;AMPTShort!4060;AMPTShort!4061;AMPTShort!4062;AMPTShort!4063;AMPTShort!4064;AMPTShort!4065;AMPTShort!4066;AMPTShort!4067;AMPTShort!4068;AMPTShort!4069;AMPTShort!4070;AMPTShort!4071;AMPTShort!4072;AMPTShort!4073;AMPTShort!4074;AMPTShort!4075;AMPTShort!4076;AMPTShort!4077;AMPTShort!4078;AMPTShort!4079;AMPTShort!4080;AMPTShort!4081;AMPTShort!4082;AMPTShort!4083;AMPTShort!4084;AMPTShort!4085;AMPTShort!4086;AMPTShort!4087;AMPTShort!4088;AMPTShort!4089;AMPTShort!4090;AMPTShort!4091;AMPTShort!4092;AMPTShort!4093;AMPTShort!4094;AMPTShort!4095;AMPTShort!4096,False
LBE,9,IV.4,Inoculation!294,[1],0.44,,72,11,76.9791666666642,111.75,Analyses!613;Analyses!628;Analyses!643;Analyses!658;Analyses!673;Analyses!688;Analyses!703;Analyses!718;Analyses!733;Analyses!748;Analyses!763,AMPTShort!4375;AMPTShort!4376;AMPTShort!4377;AMPTShort!4378;AMPTShort!4379;AMPTShort!4380;AMPTShort!4381;AMPTShort!4382;AMPTShort!4383;AMPTShort!4384;AMPTShort!4385;AMPTShort!4386;AMPTShort!4387;AMPTShort!4388;AMPTShort!4389;AMPTShort!4390;AMPTShort!4391;AMPTShort!4392;AMPTShort!4393;AMPTShort!4394;AMPTShort!4395;AMPTShort!4396;AMPTShort!4397;AMPTShort!4398;AMPTShort!4399;AMPTShort!4400;AMPTShort!4401;AMPTShort!4402;AMPTShort!4403;AMPTShort!4404;AMPTShort!4405;AMPTShort!4406;AMPTShort!4407;AMPTShort!4408;AMPTShort!4409;AMPTShort!4410;AMPTShort!4411;AMPTShort!4412;AMPTShort!4413;AMPTShort!4414;AMPTShort!4415;AMPTShort!4416;AMPTShort!4417;AMPTShort!4418;AMPTShort!4419;AMPTShort!4420;AMPTShort!4421;AMPTShort!4422;AMPTShort!4423;AMPTShort!4424;AMPTShort!4425;AMPTShort!4426;AMPTShort!4427;AMPTShort!4428;AMPTShort!4429;AMPTShort!4430;AMPTShort!4431;AMPTShort!4432;AMPTShort!4433;AMPTShort!4434;AMPTShort!4435;AMPTShort!4436;AMPTShort!4437;AMPTShort!4438;AMPTShort!4439;AMPTShort!4440;AMPTShort!4441;AMPTShort!4442;AMPTShort!4443;AMPTShort!4444;AMPTShort!4445;AMPTShort!4446,False
LBE,9,IV.5,Inoculation!295,[1],0.44,,72,11,76.9791666666642,111.75,Analyses!614;Analyses!629;Analyses!644;Analyses!659;Analyses!674;Analyses!689;Analyses!704;Analyses!719;Analyses!734;Analyses!749;Analyses!764,AMPTShort!4725;AMPTShort!4726;AMPTShort!4727;AMPTShort!4728;AMPTShort!4729;AMPTShort!4730;AMPTShort!4731;AMPTShort!4732;AMPTShort!4733;AMPTShort!4734;AMPTShort!4735;AMPTShort!4736;AMPTShort!4737;AMPTShort!4738;AMPTShort!4739;AMPTShort!4740;AMPTShort!4741;AMPTShort!4742;AMPTShort!4743;AMPTShort!4744;AMPTShort!4745;AMPTShort!4746;AMPTShort!4747;AMPTShort!4748;AMPTShort!4749;AMPTShort!4750;AMPTShort!4751;AMPTShort!4752;AMPTShort!4753;AMPTShort!4754;AMPTShort!4755;AMPTShort!4756;AMPTShort!4757;AMPTShort!4758;AMPTShort!4759;AMPTShort!4760;AMPTShort!4761;AMPTShort!4762;AMPTShort!4763;AMPTShort!4764;AMPTShort!4765;AMPTShort!4766;AMPTShort!4767;AMPTShort!4768;AMPTShort!4769;AMPTShort!4770;AMPTShort!4771;AMPTShort!4772;AMPTShort!4773;AMPTShort!4774;AMPTShort!4775;AMPTShort!4776;AMPTShort!4777;AMPTShort!4778;AMPTShort!4779;AMPTShort!4780;AMPTShort!4781;AMPTShort!4782;AMPTShort!4783;AMPTShort!4784;AMPTShort!4785;AMPTShort!4786;AMPTShort!4787;AMPTShort!4788;AMPTShort!4789;AMPTShort!4790;AMPTShort!4791;AMPTShort!4792;AMPTShort!4793;AMPTShort!4794;AMPTShort!4795;AMPTShort!4796,False
LBE,9,IV.6,Inoculation!296,[1],0.44,,72,11,76.9791666666642,111.75,Analyses!615;Analyses!630;Analyses!645;Analyses!660;Analyses!675;Analyses!690;Analyses!705;Analyses!720;Analyses!735;Analyses!750;Analyses!765,AMPTShort!5075;AMPTShort!5076;AMPTShort!5077;AMPTShort!5078;AMPTShort!5079;AMPTShort!5080;AMPTShort!5081;AMPTShort!5082;AMPTShort!5083;AMPTShort!5084;AMPTShort!5085;AMPTShort!5086;AMPTShort!5087;AMPTShort!5088;AMPTShort!5089;AMPTShort!5090;AMPTShort!5091;AMPTShort!5092;AMPTShort!5093;AMPTShort!5094;AMPTShort!5095;AMPTShort!5096;AMPTShort!5097;AMPTShort!5098;AMPTShort!5099;AMPTShort!5100;AMPTShort!5101;AMPTShort!5102;AMPTShort!5103;AMPTShort!5104;AMPTShort!5105;AMPTShort!5106;AMPTShort!5107;AMPTShort!5108;AMPTShort!5109;AMPTShort!5110;AMPTShort!5111;AMPTShort!5112;AMPTShort!5113;AMPTShort!5114;AMPTShort!5115;AMPTShort!5116;AMPTShort!5117;AMPTShort!5118;AMPTShort!5119;AMPTShort!5120;AMPTShort!5121;AMPTShort!5122;AMPTShort!5123;AMPTShort!5124;AMPTShort!5125;AMPTShort!5126;AMPTShort!5127;AMPTShort!5128;AMPTShort!5129;AMPTShort!5130;AMPTShort!5131;AMPTShort!5132;AMPTShort!5133;AMPTShort!5134;AMPTShort!5135;AMPTShort!5136;AMPTShort!5137;AMPTShort!5138;AMPTShort!5139;AMPTShort!5140;AMPTShort!5141;AMPTShort!5142;AMPTShort!5143;AMPTShort!5144;AMPTShort!5145;AMPTShort!5146,False
LBE,9,IV.7,Inoculation!297,[2],0.88,,72,11,76.9791666666642,111.75,Analyses!616;Analyses!631;Analyses!646;Analyses!661;Analyses!676;Analyses!691;Analyses!706;Analyses!721;Analyses!736;Analyses!751;Analyses!766,AMPTShort!5425;AMPTShort!5426;AMPTShort!5427;AMPTShort!5428;AMPTShort!5429;AMPTShort!5430;AMPTShort!5431;AMPTShort!5432;AMPTShort!5433;AMPTShort!5434;AMPTShort!5435;AMPTShort!5436;AMPTShort!5437;AMPTShort!5438;AMPTShort!5439;AMPTShort!5440;AMPTShort!5441;AMPTShort!5442;AMPTShort!5443;AMPTShort!5444;AMPTShort!5445;AMPTShort!5446;AMPTShort!5447;AMPTShort!5448;AMPTShort!5449;AMPTShort!5450;AMPTShort!5451;AMPTShort!5452;AMPTShort!5453;AMPTShort!5454;AMPTShort!5455;AMPTShort!5456;AMPTShort!5457;AMPTShort!5458;AMPTShort!5459;AMPTShort!5460;AMPTShort!5461;AMPTShort!5462;AMPTShort!5463;AMPTShort!5464;AMPTShort!5465;AMPTShort!5466;AMPTShort!5467;AMPTShort!5468;AMPTShort!5469;AMPTShort!5470;AMPTShort!5471;AMPTShort!5472;AMPTShort!5473;AMPTShort!5474;AMPTShort!5475;AMPTShort!5476;AMPTShort!5477;AMPTShort!5478;AMPTShort!5479;AMPTShort!5480;AMPTShort!5481;AMPTShort!5482;AMPTShort!5483;AMPTShort!5484;AMPTShort!5485;AMPTShort!5486;AMPTShort!5487;AMPTShort!5488;AMPTShort!5489;AMPTShort!5490;AMPTShort!5491;AMPTShort!5492;AMPTShort!5493;AMPTShort!5494;AMPTShort!5495;AMPTShort!5496,False
LBE,9,IV.8,Inoculation!298,[2],0.88,,72,11,76.9791666666642,111.75,Analyses!617;Analyses!632;Analyses!647;Analyses!662;Analyses!677;Analyses!692;Analyses!707;Analyses!722;Analyses!737;Analyses!752;Analyses!767,AMPTShort!5775;AMPTShort!5776;AMPTShort!5777;AMPTShort!5778;AMPTShort!5779;AMPTShort!5780;AMPTShort!5781;AMPTShort!5782;AMPTShort!5783;AMPTShort!5784;AMPTShort!5785;AMPTShort!5786;AMPTShort!5787;AMPTShort!5788;AMPTShort!5789;AMPTShort!5790;AMPTShort!5791;AMPTShort!5792;AMPTShort!5793;AMPTShort!5794;AMPTShort!5795;AMPTShort!5796;AMPTShort!5797;AMPTShort!5798;AMPTShort!5799;AMPTShort!5800;AMPTShort!5801;AMPTShort!5802;AMPTShort!5803;AMPTShort!5804;AMPTShort!5805;AMPTShort!5806;AMPTShort!5807;AMPTShort!5808;AMPTShort!5809;AMPTShort!5810;AMPTShort!5811;AMPTShort!5812;AMPTShort!5813;AMPTShort!5814;AMPTShort!5815;AMPTShort!5816;AMPTShort!5817;AMPTShort!5818;AMPTShort!5819;AMPTShort!5820;AMPTShort!5821;AMPTShort!5822;AMPTShort!5823;AMPTShort!5824;AMPTShort!5825;AMPTShort!5826;AMPTShort!5827;AMPTShort!5828;AMPTShort!5829;AMPTShort!5830;AMPTShort!5831;AMPTShort!5832;AMPTShort!5833;AMPTShort!5834;AMPTShort!5835;AMPTShort!5836;AMPTShort!5837;AMPTShort!5838;AMPTShort!5839;AMPTShort!5840;AMPTShort!5841;AMPTShort!5842;AMPTShort!5843;AMPTShort!5844;AMPTShort!5845;AMPTShort!5846,False
LBE,9,IV.9,Inoculation!299,[2],0.88,,72,11,76.9791666666642,111.75,Analyses!618;Analyses!633;Analyses!648;Analyses!663;Analyses!678;Analyses!693;Analyses!708;Analyses!723;Analyses!738;Analyses!753;Analyses!768,AMPTShort!6125;AMPTShort!6126;AMPTShort!6127;AMPTShort!6128;AMPTShort!6129;AMPTShort!6130;AMPTShort!6131;AMPTShort!6132;AMPTShort!6133;AMPTShort!6134;AMPTShort!6135;AMPTShort!6136;AMPTShort!6137;AMPTShort!6138;AMPTShort!6139;AMPTShort!6140;AMPTShort!6141;AMPTShort!6142;AMPTShort!6143;AMPTShort!6144;AMPTShort!6145;AMPTShort!6146;AMPTShort!6147;AMPTShort!6148;AMPTShort!6149;AMPTShort!6150;AMPTShort!6151;AMPTShort!6152;AMPTShort!6153;AMPTShort!6154;AMPTShort!6155;AMPTShort!6156;AMPTShort!6157;AMPTShort!6158;AMPTShort!6159;AMPTShort!6160;AMPTShort!6161;AMPTShort!6162;AMPTShort!6163;AMPTShort!6164;AMPTShort!6165;AMPTShort!6166;AMPTShort!6167;AMPTShort!6168;AMPTShort!6169;AMPTShort!6170;AMPTShort!6171;AMPTShort!6172;AMPTShort!6173;AMPTShort!6174;AMPTShort!6175;AMPTShort!6176;AMPTShort!6177;AMPTShort!6178;AMPTShort!6179;AMPTShort!6180;AMPTShort!6181;AMPTShort!6182;AMPTShort!6183;AMPTShort!6184;AMPTShort!6185;AMPTShort!6186;AMPTShort!6187;AMPTShort!6188;AMPTShort!6189;AMPTShort!6190;AMPTShort!6191;AMPTShort!6192;AMPTShort!6193;AMPTShort!6194;AMPTShort!6195;AMPTShort!6196,False
LBE,10,IV.1,Inoculation!306,[0],0,,34,5,112,127.75,Analyses!775;Analyses!790;Analyses!805;Analyses!820;Analyses!835,AMPTShort!3397;AMPTShort!3398;AMPTShort!3399;AMPTShort!3400;AMPTShort!3401;AMPTShort!3402;AMPTShort!3403;AMPTShort!3404;AMPTShort!3405;AMPTShort!3406;AMPTShort!3407;AMPTShort!3408;AMPTShort!3409;AMPTShort!3410;AMPTShort!3411;AMPTShort!3412;AMPTShort!3413;AMPTShort!3414;AMPTShort!3415;AMPTShort!3416;AMPTShort!3417;AMPTShort!3418;AMPTShort!3419;AMPTShort!3420;AMPTShort!3421;AMPTShort!3422;AMPTShort!3423;AMPTShort!3424;AMPTShort!3425;AMPTShort!3426;AMPTShort!3427;AMPTShort!3428;AMPTShort!3429;AMPTShort!3430,False
LBE,10,IV.10,Inoculation!315,[1]+,0.4,,34,5,112,127.75,Analyses!784;Analyses!799;Analyses!814;Analyses!829;Analyses!844,AMPTShort!6547;AMPTShort!6548;AMPTShort!6549;AMPTShort!6550;AMPTShort!6551;AMPTShort!6552;AMPTShort!6553;AMPTShort!6554;AMPTShort!6555;AMPTShort!6556;AMPTShort!6557;AMPTShort!6558;AMPTShort!6559;AMPTShort!6560;AMPTShort!6561;AMPTShort!6562;AMPTShort!6563;AMPTShort!6564;AMPTShort!6565;AMPTShort!6566;AMPTShort!6567;AMPTShort!6568;AMPTShort!6569;AMPTShort!6570;AMPTShort!6571;AMPTShort!6572;AMPTShort!6573;AMPTShort!6574;AMPTShort!6575;AMPTShort!6576;AMPTShort!6577;AMPTShort!6578;AMPTShort!6579;AMPTShort!6580,False
LBE,10,IV.11,Inoculation!316,[1]+,0.4,,34,5,112,127.75,Analyses!785;Analyses!800;Analyses!815;Analyses!830;Analyses!845,AMPTShort!6897;AMPTShort!6898;AMPTShort!6899;AMPTShort!6900;AMPTShort!6901;AMPTShort!6902;AMPTShort!6903;AMPTShort!6904;AMPTShort!6905;AMPTShort!6906;AMPTShort!6907;AMPTShort!6908;AMPTShort!6909;AMPTShort!6910;AMPTShort!6911;AMPTShort!6912;AMPTShort!6913;AMPTShort!6914;AMPTShort!6915;AMPTShort!6916;AMPTShort!6917;AMPTShort!6918;AMPTShort!6919;AMPTShort!6920;AMPTShort!6921;AMPTShort!6922;AMPTShort!6923;AMPTShort!6924;AMPTShort!6925;AMPTShort!6926;AMPTShort!6927;AMPTShort!6928;AMPTShort!6929;AMPTShort!6930,False
LBE,10,IV.12,Inoculation!317,[1]+,0.4,,34,5,112,127.75,Analyses!786;Analyses!801;Analyses!816;Analyses!831;Analyses!846,AMPTShort!7247;AMPTShort!7248;AMPTShort!7249;AMPTShort!7250;AMPTShort!7251;AMPTShort!7252;AMPTShort!7253;AMPTShort!7254;AMPTShort!7255;AMPTShort!7256;AMPTShort!7257;AMPTShort!7258;AMPTShort!7259;AMPTShort!7260;AMPTShort!7261;AMPTShort!7262;AMPTShort!7263;AMPTShort!7264;AMPTShort!7265;AMPTShort!7266;AMPTShort!7267;AMPTShort!7268;AMPTShort!7269;AMPTShort!7270;AMPTShort!7271;AMPTShort!7272;AMPTShort!7273;AMPTShort!7274;AMPTShort!7275;AMPTShort!7276;AMPTShort!7277;AMPTShort!7278;AMPTShort!7279;AMPTShort!7280,False
LBE,10,IV.13,Inoculation!318,[2]+,0.81,,34,5,112,127.75,Analyses!787;Analyses!802;Analyses!817;Analyses!832;Analyses!847,AMPTShort!7597;AMPTShort!7598;AMPTShort!7599;AMPTShort!7600;AMPTShort!7601;AMPTShort!7602;AMPTShort!7603;AMPTShort!7604;AMPTShort!7605;AMPTShort!7606;AMPTShort!7607;AMPTShort!7608;AMPTShort!7609;AMPTShort!7610;AMPTShort!7611;AMPTShort!7612;AMPTShort!7613;AMPTShort!7614;AMPTShort!7615;AMPTShort!7616;AMPTShort!7617;AMPTShort!7618;AMPTShort!7619;AMPTShort!7620;AMPTShort!7621;AMPTShort!7622;AMPTShort!7623;AMPTShort!7624;AMPTShort!7625;AMPTShort!7626;AMPTShort!7627;AMPTShort!7628;AMPTShort!7629;AMPTShort!7630,False
LBE,10,IV.14,Inoculation!319,[2]+,0.81,,34,5,112,127.75,Analyses!788;Analyses!803;Analyses!818;Analyses!833;Analyses!848,AMPTShort!7947;AMPTShort!7948;AMPTShort!7949;AMPTShort!7950;AMPTShort!7951;AMPTShort!7952;AMPTShort!7953;AMPTShort!7954;AMPTShort!7955;AMPTShort!7956;AMPTShort!7957;AMPTShort!7958;AMPTShort!7959;AMPTShort!7960;AMPTShort!7961;AMPTShort!7962;AMPTShort!7963;AMPTShort!7964;AMPTShort!7965;AMPTShort!7966;AMPTShort!7967;AMPTShort!7968;AMPTShort!7969;AMPTShort!7970;AMPTShort!7971;AMPTShort!7972;AMPTShort!7973;AMPTShort!7974;AMPTShort!7975;AMPTShort!7976;AMPTShort!7977;AMPTShort!7978;AMPTShort!7979;AMPTShort!7980,False
LBE,10,IV.15,Inoculation!320,[2]+,0.81,,34,5,112,127.75,Analyses!789;Analyses!804;Analyses!819;Analyses!834;Analyses!849,AMPTShort!8297;AMPTShort!8298;AMPTShort!8299;AMPTShort!8300;AMPTShort!8301;AMPTShort!8302;AMPTShort!8303;AMPTShort!8304;AMPTShort!8305;AMPTShort!8306;AMPTShort!8307;AMPTShort!8308;AMPTShort!8309;AMPTShort!8310;AMPTShort!8311;AMPTShort!8312;AMPTShort!8313;AMPTShort!8314;AMPTShort!8315;AMPTShort!8316;AMPTShort!8317;AMPTShort!8318;AMPTShort!8319;AMPTShort!8320;AMPTShort!8321;AMPTShort!8322;AMPTShort!8323;AMPTShort!8324;AMPTShort!8325;AMPTShort!8326;AMPTShort!8327;AMPTShort!8328;AMPTShort!8329;AMPTShort!8330,False
LBE,10,IV.2,Inoculation!307,[0],0,,34,5,112,127.75,Analyses!776;Analyses!791;Analyses!806;Analyses!821;Analyses!836,AMPTShort!3747;AMPTShort!3748;AMPTShort!3749;AMPTShort!3750;AMPTShort!3751;AMPTShort!3752;AMPTShort!3753;AMPTShort!3754;AMPTShort!3755;AMPTShort!3756;AMPTShort!3757;AMPTShort!3758;AMPTShort!3759;AMPTShort!3760;AMPTShort!3761;AMPTShort!3762;AMPTShort!3763;AMPTShort!3764;AMPTShort!3765;AMPTShort!3766;AMPTShort!3767;AMPTShort!3768;AMPTShort!3769;AMPTShort!3770;AMPTShort!3771;AMPTShort!3772;AMPTShort!3773;AMPTShort!3774;AMPTShort!3775;AMPTShort!3776;AMPTShort!3777;AMPTShort!3778;AMPTShort!3779;AMPTShort!3780,False
LBE,10,IV.3,Inoculation!308,[0],0,,34,5,112,127.75,Analyses!777;Analyses!792;Analyses!807;Analyses!822;Analyses!837,AMPTShort!4097;AMPTShort!4098;AMPTShort!4099;AMPTShort!4100;AMPTShort!4101;AMPTShort!4102;AMPTShort!4103;AMPTShort!4104;AMPTShort!4105;AMPTShort!4106;AMPTShort!4107;AMPTShort!4108;AMPTShort!4109;AMPTShort!4110;AMPTShort!4111;AMPTShort!4112;AMPTShort!4113;AMPTShort!4114;AMPTShort!4115;AMPTShort!4116;AMPTShort!4117;AMPTShort!4118;AMPTShort!4119;AMPTShort!4120;AMPTShort!4121;AMPTShort!4122;AMPTShort!4123;AMPTShort!4124;AMPTShort!4125;AMPTShort!4126;AMPTShort!4127;AMPTShort!4128;AMPTShort!4129;AMPTShort!4130,False
LBE,10,IV.4,Inoculation!309,[1],0.4,,34,5,112,127.75,Analyses!778;Analyses!793;Analyses!808;Analyses!823;Analyses!838,AMPTShort!4447;AMPTShort!4448;AMPTShort!4449;AMPTShort!4450;AMPTShort!4451;AMPTShort!4452;AMPTShort!4453;AMPTShort!4454;AMPTShort!4455;AMPTShort!4456;AMPTShort!4457;AMPTShort!4458;AMPTShort!4459;AMPTShort!4460;AMPTShort!4461;AMPTShort!4462;AMPTShort!4463;AMPTShort!4464;AMPTShort!4465;AMPTShort!4466;AMPTShort!4467;AMPTShort!4468;AMPTShort!4469;AMPTShort!4470;AMPTShort!4471;AMPTShort!4472;AMPTShort!4473;AMPTShort!4474;AMPTShort!4475;AMPTShort!4476;AMPTShort!4477;AMPTShort!4478;AMPTShort!4479;AMPTShort!4480,False
LBE,10,IV.5,Inoculation!310,[1],0.4,,34,5,112,127.75,Analyses!779;Analyses!794;Analyses!809;Analyses!824;Analyses!839,AMPTShort!4797;AMPTShort!4798;AMPTShort!4799;AMPTShort!4800;AMPTShort!4801;AMPTShort!4802;AMPTShort!4803;AMPTShort!4804;AMPTShort!4805;AMPTShort!4806;AMPTShort!4807;AMPTShort!4808;AMPTShort!4809;AMPTShort!4810;AMPTShort!4811;AMPTShort!4812;AMPTShort!4813;AMPTShort!4814;AMPTShort!4815;AMPTShort!4816;AMPTShort!4817;AMPTShort!4818;AMPTShort!4819;AMPTShort!4820;AMPTShort!4821;AMPTShort!4822;AMPTShort!4823;AMPTShort!4824;AMPTShort!4825;AMPTShort!4826;AMPTShort!4827;AMPTShort!4828;AMPTShort!4829;AMPTShort!4830,False
LBE,10,IV.6,Inoculation!311,[1],0.4,,34,5,112,127.75,Analyses!780;Analyses!795;Analyses!810;Analyses!825;Analyses!840,AMPTShort!5147;AMPTShort!5148;AMPTShort!5149;AMPTShort!5150;AMPTShort!5151;AMPTShort!5152;AMPTShort!5153;AMPTShort!5154;AMPTShort!5155;AMPTShort!5156;AMPTShort!5157;AMPTShort!5158;AMPTShort!5159;AMPTShort!5160;AMPTShort!5161;AMPTShort!5162;AMPTShort!5163;AMPTShort!5164;AMPTShort!5165;AMPTShort!5166;AMPTShort!5167;AMPTShort!5168;AMPTShort!5169;AMPTShort!5170;AMPTShort!5171;AMPTShort!5172;AMPTShort!5173;AMPTShort!5174;AMPTShort!5175;AMPTShort!5176;AMPTShort!5177;AMPTShort!5178;AMPTShort!5179;AMPTShort!5180,False
LBE,10,IV.7,Inoculation!312,[2],0.81,,34,5,112,127.75,Analyses!781;Analyses!796;Analyses!811;Analyses!826;Analyses!841,AMPTShort!5497;AMPTShort!5498;AMPTShort!5499;AMPTShort!5500;AMPTShort!5501;AMPTShort!5502;AMPTShort!5503;AMPTShort!5504;AMPTShort!5505;AMPTShort!5506;AMPTShort!5507;AMPTShort!5508;AMPTShort!5509;AMPTShort!5510;AMPTShort!5511;AMPTShort!5512;AMPTShort!5513;AMPTShort!5514;AMPTShort!5515;AMPTShort!5516;AMPTShort!5517;AMPTShort!5518;AMPTShort!5519;AMPTShort!5520;AMPTShort!5521;AMPTShort!5522;AMPTShort!5523;AMPTShort!5524;AMPTShort!5525;AMPTShort!5526;AMPTShort!5527;AMPTShort!5528;AMPTShort!5529;AMPTShort!5530,False
LBE,10,IV.8,Inoculation!313,[2],0.81,,34,5,112,127.75,Analyses!782;Analyses!797;Analyses!812;Analyses!827;Analyses!842,AMPTShort!5847;AMPTShort!5848;AMPTShort!5849;AMPTShort!5850;AMPTShort!5851;AMPTShort!5852;AMPTShort!5853;AMPTShort!5854;AMPTShort!5855;AMPTShort!5856;AMPTShort!5857;AMPTShort!5858;AMPTShort!5859;AMPTShort!5860;AMPTShort!5861;AMPTShort!5862;AMPTShort!5863;AMPTShort!5864;AMPTShort!5865;AMPTShort!5866;AMPTShort!5867;AMPTShort!5868;AMPTShort!5869;AMPTShort!5870;AMPTShort!5871;AMPTShort!5872;AMPTShort!5873;AMPTShort!5874;AMPTShort!5875;AMPTShort!5876;AMPTShort!5877;AMPTShort!5878;AMPTShort!5879;AMPTShort!5880,False
LBE,10,IV.9,Inoculation!314,[2],0.81,,34,5,112,127.75,Analyses!783;Analyses!798;Analyses!813;Analyses!828;Analyses!843,AMPTShort!6197;AMPTShort!6198;AMPTShort!6199;AMPTShort!6200;AMPTShort!6201;AMPTShort!6202;AMPTShort!6203;AMPTShort!6204;AMPTShort!6205;AMPTShort!6206;AMPTShort!6207;AMPTShort!6208;AMPTShort!6209;AMPTShort!6210;AMPTShort!6211;AMPTShort!6212;AMPTShort!6213;AMPTShort!6214;AMPTShort!6215;AMPTShort!6216;AMPTShort!6217;AMPTShort!6218;AMPTShort!6219;AMPTShort!6220;AMPTShort!6221;AMPTShort!6222;AMPTShort!6223;AMPTShort!6224;AMPTShort!6225;AMPTShort!6226;AMPTShort!6227;AMPTShort!6228;AMPTShort!6229;AMPTShort!6230,False
LBE,11,IV.1,Inoculation!321,[0],0,,30,2,128,141.7583333,Analyses!850;Analyses!865,AMPTShort!3431;AMPTShort!3432;AMPTShort!3433;AMPTShort!3434;AMPTShort!3435;AMPTShort!3436;AMPTShort!3437;AMPTShort!3438;AMPTShort!3439;AMPTShort!3440;AMPTShort!3441;AMPTShort!3442;AMPTShort!3443;AMPTShort!3444;AMPTShort!3445;AMPTShort!3446;AMPTShort!3447;AMPTShort!3448;AMPTShort!3449;AMPTShort!3450;AMPTShort!3451;AMPTShort!3452;AMPTShort!3453;AMPTShort!3454;AMPTShort!3455;AMPTShort!3456;AMPTShort!3457;AMPTShort!3458;AMPTShort!3459;AMPTShort!3460,False
LBE,11,IV.10,Inoculation!330,[1]+,0.43,,30,2,128,141.7583333,Analyses!859;Analyses!874,AMPTShort!6581;AMPTShort!6582;AMPTShort!6583;AMPTShort!6584;AMPTShort!6585;AMPTShort!6586;AMPTShort!6587;AMPTShort!6588;AMPTShort!6589;AMPTShort!6590;AMPTShort!6591;AMPTShort!6592;AMPTShort!6593;AMPTShort!6594;AMPTShort!6595;AMPTShort!6596;AMPTShort!6597;AMPTShort!6598;AMPTShort!6599;AMPTShort!6600;AMPTShort!6601;AMPTShort!6602;AMPTShort!6603;AMPTShort!6604;AMPTShort!6605;AMPTShort!6606;AMPTShort!6607;AMPTShort!6608;AMPTShort!6609;AMPTShort!6610,False
LBE,11,IV.11,Inoculation!331,[1]+,0.43,,30,2,128,141.7583333,Analyses!860;Analyses!875,AMPTShort!6931;AMPTShort!6932;AMPTShort!6933;AMPTShort!6934;AMPTShort!6935;AMPTShort!6936;AMPTShort!6937;AMPTShort!6938;AMPTShort!6939;AMPTShort!6940;AMPTShort!6941;AMPTShort!6942;AMPTShort!6943;AMPTShort!6944;AMPTShort!6945;AMPTShort!6946;AMPTShort!6947;AMPTShort!6948;AMPTShort!6949;AMPTShort!6950;AMPTShort!6951;AMPTShort!6952;AMPTShort!6953;AMPTShort!6954;AMPTShort!6955;AMPTShort!6956;AMPTShort!6957;AMPTShort!6958;AMPTShort!6959;AMPTShort!6960,False
LBE,11,IV.12,Inoculation!332,[1]+,0.43,,30,2,128,141.7583333,Analyses!861;Analyses!876,AMPTShort!7281;AMPTShort!7282;AMPTShort!7283;AMPTShort!7284;AMPTShort!7285;AMPTShort!7286;AMPTShort!7287;AMPTShort!7288;AMPTShort!7289;AMPTShort!7290;AMPTShort!7291;AMPTShort!7292;AMPTShort!7293;AMPTShort!7294;AMPTShort!7295;AMPTShort!7296;AMPTShort!7297;AMPTShort!7298;AMPTShort!7299;AMPTShort!7300;AMPTShort!7301;AMPTShort!7302;AMPTShort!7303;AMPTShort!7304;AMPTShort!7305;AMPTShort!7306;AMPTShort!7307;AMPTShort!7308;AMPTShort!7309;AMPTShort!7310,False
LBE,11,IV.13,Inoculation!333,[2]+,0.87,,30,2,128,141.7583333,Analyses!862;Analyses!877,AMPTShort!7631;AMPTShort!7632;AMPTShort!7633;AMPTShort!7634;AMPTShort!7635;AMPTShort!7636;AMPTShort!7637;AMPTShort!7638;AMPTShort!7639;AMPTShort!7640;AMPTShort!7641;AMPTShort!7642;AMPTShort!7643;AMPTShort!7644;AMPTShort!7645;AMPTShort!7646;AMPTShort!7647;AMPTShort!7648;AMPTShort!7649;AMPTShort!7650;AMPTShort!7651;AMPTShort!7652;AMPTShort!7653;AMPTShort!7654;AMPTShort!7655;AMPTShort!7656;AMPTShort!7657;AMPTShort!7658;AMPTShort!7659;AMPTShort!7660,False
LBE,11,IV.14,Inoculation!334,[2]+,0.87,,30,2,128,141.7583333,Analyses!863;Analyses!878,AMPTShort!7981;AMPTShort!7982;AMPTShort!7983;AMPTShort!7984;AMPTShort!7985;AMPTShort!7986;AMPTShort!7987;AMPTShort!7988;AMPTShort!7989;AMPTShort!7990;AMPTShort!7991;AMPTShort!7992;AMPTShort!7993;AMPTShort!7994;AMPTShort!7995;AMPTShort!7996;AMPTShort!7997;AMPTShort!7998;AMPTShort!7999;AMPTShort!8000;AMPTShort!8001;AMPTShort!8002;AMPTShort!8003;AMPTShort!8004;AMPTShort!8005;AMPTShort!8006;AMPTShort!8007;AMPTShort!8008;AMPTShort!8009;AMPTShort!8010,False
LBE,11,IV.15,Inoculation!335,[2]+,0.87,,30,2,128,141.7583333,Analyses!864;Analyses!879,AMPTShort!8331;AMPTShort!8332;AMPTShort!8333;AMPTShort!8334;AMPTShort!8335;AMPTShort!8336;AMPTShort!8337;AMPTShort!8338;AMPTShort!8339;AMPTShort!8340;AMPTShort!8341;AMPTShort!8342;AMPTShort!8343;AMPTShort!8344;AMPTShort!8345;AMPTShort!8346;AMPTShort!8347;AMPTShort!8348;AMPTShort!8349;AMPTShort!8350;AMPTShort!8351;AMPTShort!8352;AMPTShort!8353;AMPTShort!8354;AMPTShort!8355;AMPTShort!8356;AMPTShort!8357;AMPTShort!8358;AMPTShort!8359;AMPTShort!8360,False
LBE,11,IV.2,Inoculation!322,[0],0,,30,2,128,141.7583333,Analyses!851;Analyses!866,AMPTShort!3781;AMPTShort!3782;AMPTShort!3783;AMPTShort!3784;AMPTShort!3785;AMPTShort!3786;AMPTShort!3787;AMPTShort!3788;AMPTShort!3789;AMPTShort!3790;AMPTShort!3791;AMPTShort!3792;AMPTShort!3793;AMPTShort!3794;AMPTShort!3795;AMPTShort!3796;AMPTShort!3797;AMPTShort!3798;AMPTShort!3799;AMPTShort!3800;AMPTShort!3801;AMPTShort!3802;AMPTShort!3803;AMPTShort!3804;AMPTShort!3805;AMPTShort!3806;AMPTShort!3807;AMPTShort!3808;AMPTShort!3809;AMPTShort!3810,False
LBE,11,IV.3,Inoculation!323,[0],0,,30,2,128,141.7583333,Analyses!852;Analyses!867,AMPTShort!4131;AMPTShort!4132;AMPTShort!4133;AMPTShort!4134;AMPTShort!4135;AMPTShort!4136;AMPTShort!4137;AMPTShort!4138;AMPTShort!4139;AMPTShort!4140;AMPTShort!4141;AMPTShort!4142;AMPTShort!4143;AMPTShort!4144;AMPTShort!4145;AMPTShort!4146;AMPTShort!4147;AMPTShort!4148;AMPTShort!4149;AMPTShort!4150;AMPTShort!4151;AMPTShort!4152;AMPTShort!4153;AMPTShort!4154;AMPTShort!4155;AMPTShort!4156;AMPTShort!4157;AMPTShort!4158;AMPTShort!4159;AMPTShort!4160,False
LBE,11,IV.4,Inoculation!324,[1],0.43,,30,2,128,141.7583333,Analyses!853;Analyses!868,AMPTShort!4481;AMPTShort!4482;AMPTShort!4483;AMPTShort!4484;AMPTShort!4485;AMPTShort!4486;AMPTShort!4487;AMPTShort!4488;AMPTShort!4489;AMPTShort!4490;AMPTShort!4491;AMPTShort!4492;AMPTShort!4493;AMPTShort!4494;AMPTShort!4495;AMPTShort!4496;AMPTShort!4497;AMPTShort!4498;AMPTShort!4499;AMPTShort!4500;AMPTShort!4501;AMPTShort!4502;AMPTShort!4503;AMPTShort!4504;AMPTShort!4505;AMPTShort!4506;AMPTShort!4507;AMPTShort!4508;AMPTShort!4509;AMPTShort!4510,False
LBE,11,IV.5,Inoculation!325,[1],0.43,,30,2,128,141.7583333,Analyses!854;Analyses!869,AMPTShort!4831;AMPTShort!4832;AMPTShort!4833;AMPTShort!4834;AMPTShort!4835;AMPTShort!4836;AMPTShort!4837;AMPTShort!4838;AMPTShort!4839;AMPTShort!4840;AMPTShort!4841;AMPTShort!4842;AMPTShort!4843;AMPTShort!4844;AMPTShort!4845;AMPTShort!4846;AMPTShort!4847;AMPTShort!4848;AMPTShort!4849;AMPTShort!4850;AMPTShort!4851;AMPTShort!4852;AMPTShort!4853;AMPTShort!4854;AMPTShort!4855;AMPTShort!4856;AMPTShort!4857;AMPTShort!4858;AMPTShort!4859;AMPTShort!4860,False
LBE,11,IV.6,Inoculation!326,[1],0.43,,30,2,128,141.7583333,Analyses!855;Analyses!870,AMPTShort!5181;AMPTShort!5182;AMPTShort!5183;AMPTShort!5184;AMPTShort!5185;AMPTShort!5186;AMPTShort!5187;AMPTShort!5188;AMPTShort!5189;AMPTShort!5190;AMPTShort!5191;AMPTShort!5192;AMPTShort!5193;AMPTShort!5194;AMPTShort!5195;AMPTShort!5196;AMPTShort!5197;AMPTShort!5198;AMPTShort!5199;AMPTShort!5200;AMPTShort!5201;AMPTShort!5202;AMPTShort!5203;AMPTShort!5204;AMPTShort!5205;AMPTShort!5206;AMPTShort!5207;AMPTShort!5208;AMPTShort!5209;AMPTShort!5210,False
LBE,11,IV.7,Inoculation!327,[2],0.87,,30,2,128,141.7583333,Analyses!856;Analyses!871,AMPTShort!5531;AMPTShort!5532;AMPTShort!5533;AMPTShort!5534;AMPTShort!5535;AMPTShort!5536;AMPTShort!5537;AMPTShort!5538;AMPTShort!5539;AMPTShort!5540;AMPTShort!5541;AMPTShort!5542;AMPTShort!5543;AMPTShort!5544;AMPTShort!5545;AMPTShort!5546;AMPTShort!5547;AMPTShort!5548;AMPTShort!5549;AMPTShort!5550;AMPTShort!5551;AMPTShort!5552;AMPTShort!5553;AMPTShort!5554;AMPTShort!5555;AMPTShort!5556;AMPTShort!5557;AMPTShort!5558;AMPTShort!5559;AMPTShort!5560,False
LBE,11,IV.8,Inoculation!328,[2],0.87,,30,2,128,141.7583333,Analyses!857;Analyses!872,AMPTShort!5881;AMPTShort!5882;AMPTShort!5883;AMPTShort!5884;AMPTShort!5885;AMPTShort!5886;AMPTShort!5887;AMPTShort!5888;AMPTShort!5889;AMPTShort!5890;AMPTShort!5891;AMPTShort!5892;AMPTShort!5893;AMPTShort!5894;AMPTShort!5895;AMPTShort!5896;AMPTShort!5897;AMPTShort!5898;AMPTShort!5899;AMPTShort!5900;AMPTShort!5901;AMPTShort!5902;AMPTShort!5903;AMPTShort!5904;AMPTShort!5905;AMPTShort!5906;AMPTShort!5907;AMPTShort!5908;AMPTShort!5909;AMPTShort!5910,False
LBE,11,IV.9,Inoculation!329,[2],0.87,,30,2,128,141.7583333,Analyses!858;Analyses!873,AMPTShort!6231;AMPTShort!6232;AMPTShort!6233;AMPTShort!6234;AMPTShort!6235;AMPTShort!6236;AMPTShort!6237;AMPTShort!6238;AMPTShort!6239;AMPTShort!6240;AMPTShort!6241;AMPTShort!6242;AMPTShort!6243;AMPTShort!6244;AMPTShort!6245;AMPTShort!6246;AMPTShort!6247;AMPTShort!6248;AMPTShort!6249;AMPTShort!6250;AMPTShort!6251;AMPTShort!6252;AMPTShort!6253;AMPTShort!6254;AMPTShort!6255;AMPTShort!6256;AMPTShort!6257;AMPTShort!6258;AMPTShort!6259;AMPTShort!6260,False
LBE,12,IV.1,Inoculation!336,[0],0,,44,2,142,162.8416667,Analyses!880;Analyses!895,AMPTShort!3461;AMPTShort!3462;AMPTShort!3463;AMPTShort!3464;AMPTShort!3465;AMPTShort!3466;AMPTShort!3467;AMPTShort!3468;AMPTShort!3469;AMPTShort!3470;AMPTShort!3471;AMPTShort!3472;AMPTShort!3473;AMPTShort!3474;AMPTShort!3475;AMPTShort!3476;AMPTShort!3477;AMPTShort!3478;AMPTShort!3479;AMPTShort!3480;AMPTShort!3481;AMPTShort!3482;AMPTShort!3483;AMPTShort!3484;AMPTShort!3485;AMPTShort!3486;AMPTShort!3487;AMPTShort!3488;AMPTShort!3489;AMPTShort!3490;AMPTShort!3491;AMPTShort!3492;AMPTShort!3493;AMPTShort!3494;AMPTShort!3495;AMPTShort!3496;AMPTShort!3497;AMPTShort!3498;AMPTShort!3499;AMPTShort!3500;AMPTShort!3501;AMPTShort!3502;AMPTShort!3503;AMPTShort!3504,False
LBE,12,IV.10,Inoculation!345,[1]+,0.44,,44,2,142,162.8416667,Analyses!889;Analyses!904,AMPTShort!6611;AMPTShort!6612;AMPTShort!6613;AMPTShort!6614;AMPTShort!6615;AMPTShort!6616;AMPTShort!6617;AMPTShort!6618;AMPTShort!6619;AMPTShort!6620;AMPTShort!6621;AMPTShort!6622;AMPTShort!6623;AMPTShort!6624;AMPTShort!6625;AMPTShort!6626;AMPTShort!6627;AMPTShort!6628;AMPTShort!6629;AMPTShort!6630;AMPTShort!6631;AMPTShort!6632;AMPTShort!6633;AMPTShort!6634;AMPTShort!6635;AMPTShort!6636;AMPTShort!6637;AMPTShort!6638;AMPTShort!6639;AMPTShort!6640;AMPTShort!6641;AMPTShort!6642;AMPTShort!6643;AMPTShort!6644;AMPTShort!6645;AMPTShort!6646;AMPTShort!6647;AMPTShort!6648;AMPTShort!6649;AMPTShort!6650;AMPTShort!6651;AMPTShort!6652;AMPTShort!6653;AMPTShort!6654,False
LBE,12,IV.11,Inoculation!346,[1]+,0.44,,44,2,142,162.8416667,Analyses!890;Analyses!905,AMPTShort!6961;AMPTShort!6962;AMPTShort!6963;AMPTShort!6964;AMPTShort!6965;AMPTShort!6966;AMPTShort!6967;AMPTShort!6968;AMPTShort!6969;AMPTShort!6970;AMPTShort!6971;AMPTShort!6972;AMPTShort!6973;AMPTShort!6974;AMPTShort!6975;AMPTShort!6976;AMPTShort!6977;AMPTShort!6978;AMPTShort!6979;AMPTShort!6980;AMPTShort!6981;AMPTShort!6982;AMPTShort!6983;AMPTShort!6984;AMPTShort!6985;AMPTShort!6986;AMPTShort!6987;AMPTShort!6988;AMPTShort!6989;AMPTShort!6990;AMPTShort!6991;AMPTShort!6992;AMPTShort!6993;AMPTShort!6994;AMPTShort!6995;AMPTShort!6996;AMPTShort!6997;AMPTShort!6998;AMPTShort!6999;AMPTShort!7000;AMPTShort!7001;AMPTShort!7002;AMPTShort!7003;AMPTShort!7004,False
LBE,12,IV.12,Inoculation!347,[1]+,0.44,,44,2,142,162.8416667,Analyses!891;Analyses!906,AMPTShort!7311;AMPTShort!7312;AMPTShort!7313;AMPTShort!7314;AMPTShort!7315;AMPTShort!7316;AMPTShort!7317;AMPTShort!7318;AMPTShort!7319;AMPTShort!7320;AMPTShort!7321;AMPTShort!7322;AMPTShort!7323;AMPTShort!7324;AMPTShort!7325;AMPTShort!7326;AMPTShort!7327;AMPTShort!7328;AMPTShort!7329;AMPTShort!7330;AMPTShort!7331;AMPTShort!7332;AMPTShort!7333;AMPTShort!7334;AMPTShort!7335;AMPTShort!7336;AMPTShort!7337;AMPTShort!7338;AMPTShort!7339;AMPTShort!7340;AMPTShort!7341;AMPTShort!7342;AMPTShort!7343;AMPTShort!7344;AMPTShort!7345;AMPTShort!7346;AMPTShort!7347;AMPTShort!7348;AMPTShort!7349;AMPTShort!7350;AMPTShort!7351;AMPTShort!7352;AMPTShort!7353;AMPTShort!7354,False
LBE,12,IV.13,Inoculation!348,[2]+,0.87,,44,2,142,162.8416667,Analyses!892;Analyses!907,AMPTShort!7661;AMPTShort!7662;AMPTShort!7663;AMPTShort!7664;AMPTShort!7665;AMPTShort!7666;AMPTShort!7667;AMPTShort!7668;AMPTShort!7669;AMPTShort!7670;AMPTShort!7671;AMPTShort!7672;AMPTShort!7673;AMPTShort!7674;AMPTShort!7675;AMPTShort!7676;AMPTShort!7677;AMPTShort!7678;AMPTShort!7679;AMPTShort!7680;AMPTShort!7681;AMPTShort!7682;AMPTShort!7683;AMPTShort!7684;AMPTShort!7685;AMPTShort!7686;AMPTShort!7687;AMPTShort!7688;AMPTShort!7689;AMPTShort!7690;AMPTShort!7691;AMPTShort!7692;AMPTShort!7693;AMPTShort!7694;AMPTShort!7695;AMPTShort!7696;AMPTShort!7697;AMPTShort!7698;AMPTShort!7699;AMPTShort!7700;AMPTShort!7701;AMPTShort!7702;AMPTShort!7703;AMPTShort!7704,False
LBE,12,IV.14,Inoculation!349,[2]+,0.87,,44,2,142,162.8416667,Analyses!893;Analyses!908,AMPTShort!8011;AMPTShort!8012;AMPTShort!8013;AMPTShort!8014;AMPTShort!8015;AMPTShort!8016;AMPTShort!8017;AMPTShort!8018;AMPTShort!8019;AMPTShort!8020;AMPTShort!8021;AMPTShort!8022;AMPTShort!8023;AMPTShort!8024;AMPTShort!8025;AMPTShort!8026;AMPTShort!8027;AMPTShort!8028;AMPTShort!8029;AMPTShort!8030;AMPTShort!8031;AMPTShort!8032;AMPTShort!8033;AMPTShort!8034;AMPTShort!8035;AMPTShort!8036;AMPTShort!8037;AMPTShort!8038;AMPTShort!8039;AMPTShort!8040;AMPTShort!8041;AMPTShort!8042;AMPTShort!8043;AMPTShort!8044;AMPTShort!8045;AMPTShort!8046;AMPTShort!8047;AMPTShort!8048;AMPTShort!8049;AMPTShort!8050;AMPTShort!8051;AMPTShort!8052;AMPTShort!8053;AMPTShort!8054,False
LBE,12,IV.15,Inoculation!350,[2]+,0.87,,44,2,142,162.8416667,Analyses!894;Analyses!909,AMPTShort!8361;AMPTShort!8362;AMPTShort!8363;AMPTShort!8364;AMPTShort!8365;AMPTShort!8366;AMPTShort!8367;AMPTShort!8368;AMPTShort!8369;AMPTShort!8370;AMPTShort!8371;AMPTShort!8372;AMPTShort!8373;AMPTShort!8374;AMPTShort!8375;AMPTShort!8376;AMPTShort!8377;AMPTShort!8378;AMPTShort!8379;AMPTShort!8380;AMPTShort!8381;AMPTShort!8382;AMPTShort!8383;AMPTShort!8384;AMPTShort!8385;AMPTShort!8386;AMPTShort!8387;AMPTShort!8388;AMPTShort!8389;AMPTShort!8390;AMPTShort!8391;AMPTShort!8392;AMPTShort!8393;AMPTShort!8394;AMPTShort!8395;AMPTShort!8396;AMPTShort!8397;AMPTShort!8398;AMPTShort!8399;AMPTShort!8400;AMPTShort!8401;AMPTShort!8402;AMPTShort!8403;AMPTShort!8404,False
LBE,12,IV.2,Inoculation!337,[0],0,4.2602191706706725,44,2,142,162.8416667,Analyses!881;Analyses!896,AMPTShort!3811;AMPTShort!3812;AMPTShort!3813;AMPTShort!3814;AMPTShort!3815;AMPTShort!3816;AMPTShort!3817;AMPTShort!3818;AMPTShort!3819;AMPTShort!3820;AMPTShort!3821;AMPTShort!3822;AMPTShort!3823;AMPTShort!3824;AMPTShort!3825;AMPTShort!3826;AMPTShort!3827;AMPTShort!3828;AMPTShort!3829;AMPTShort!3830;AMPTShort!3831;AMPTShort!3832;AMPTShort!3833;AMPTShort!3834;AMPTShort!3835;AMPTShort!3836;AMPTShort!3837;AMPTShort!3838;AMPTShort!3839;AMPTShort!3840;AMPTShort!3841;AMPTShort!3842;AMPTShort!3843;AMPTShort!3844;AMPTShort!3845;AMPTShort!3846;AMPTShort!3847;AMPTShort!3848;AMPTShort!3849;AMPTShort!3850;AMPTShort!3851;AMPTShort!3852;AMPTShort!3853;AMPTShort!3854,False
LBE,12,IV.3,Inoculation!338,[0],0,,44,2,142,162.8416667,Analyses!882;Analyses!897,AMPTShort!4161;AMPTShort!4162;AMPTShort!4163;AMPTShort!4164;AMPTShort!4165;AMPTShort!4166;AMPTShort!4167;AMPTShort!4168;AMPTShort!4169;AMPTShort!4170;AMPTShort!4171;AMPTShort!4172;AMPTShort!4173;AMPTShort!4174;AMPTShort!4175;AMPTShort!4176;AMPTShort!4177;AMPTShort!4178;AMPTShort!4179;AMPTShort!4180;AMPTShort!4181;AMPTShort!4182;AMPTShort!4183;AMPTShort!4184;AMPTShort!4185;AMPTShort!4186;AMPTShort!4187;AMPTShort!4188;AMPTShort!4189;AMPTShort!4190;AMPTShort!4191;AMPTShort!4192;AMPTShort!4193;AMPTShort!4194;AMPTShort!4195;AMPTShort!4196;AMPTShort!4197;AMPTShort!4198;AMPTShort!4199;AMPTShort!4200;AMPTShort!4201;AMPTShort!4202;AMPTShort!4203;AMPTShort!4204,False
LBE,12,IV.4,Inoculation!339,[1],0.44,,44,2,142,162.8416667,Analyses!883;Analyses!898,AMPTShort!4511;AMPTShort!4512;AMPTShort!4513;AMPTShort!4514;AMPTShort!4515;AMPTShort!4516;AMPTShort!4517;AMPTShort!4518;AMPTShort!4519;AMPTShort!4520;AMPTShort!4521;AMPTShort!4522;AMPTShort!4523;AMPTShort!4524;AMPTShort!4525;AMPTShort!4526;AMPTShort!4527;AMPTShort!4528;AMPTShort!4529;AMPTShort!4530;AMPTShort!4531;AMPTShort!4532;AMPTShort!4533;AMPTShort!4534;AMPTShort!4535;AMPTShort!4536;AMPTShort!4537;AMPTShort!4538;AMPTShort!4539;AMPTShort!4540;AMPTShort!4541;AMPTShort!4542;AMPTShort!4543;AMPTShort!4544;AMPTShort!4545;AMPTShort!4546;AMPTShort!4547;AMPTShort!4548;AMPTShort!4549;AMPTShort!4550;AMPTShort!4551;AMPTShort!4552;AMPTShort!4553;AMPTShort!4554,False
LBE,12,IV.5,Inoculation!340,[1],0.44,,44,2,142,162.8416667,Analyses!884;Analyses!899,AMPTShort!4861;AMPTShort!4862;AMPTShort!4863;AMPTShort!4864;AMPTShort!4865;AMPTShort!4866;AMPTShort!4867;AMPTShort!4868;AMPTShort!4869;AMPTShort!4870;AMPTShort!4871;AMPTShort!4872;AMPTShort!4873;AMPTShort!4874;AMPTShort!4875;AMPTShort!4876;AMPTShort!4877;AMPTShort!4878;AMPTShort!4879;AMPTShort!4880;AMPTShort!4881;AMPTShort!4882;AMPTShort!4883;AMPTShort!4884;AMPTShort!4885;AMPTShort!4886;AMPTShort!4887;AMPTShort!4888;AMPTShort!4889;AMPTShort!4890;AMPTShort!4891;AMPTShort!4892;AMPTShort!4893;AMPTShort!4894;AMPTShort!4895;AMPTShort!4896;AMPTShort!4897;AMPTShort!4898;AMPTShort!4899;AMPTShort!4900;AMPTShort!4901;AMPTShort!4902;AMPTShort!4903;AMPTShort!4904,False
LBE,12,IV.6,Inoculation!341,[1],0.44,,44,2,142,162.8416667,Analyses!885;Analyses!900,AMPTShort!5211;AMPTShort!5212;AMPTShort!5213;AMPTShort!5214;AMPTShort!5215;AMPTShort!5216;AMPTShort!5217;AMPTShort!5218;AMPTShort!5219;AMPTShort!5220;AMPTShort!5221;AMPTShort!5222;AMPTShort!5223;AMPTShort!5224;AMPTShort!5225;AMPTShort!5226;AMPTShort!5227;AMPTShort!5228;AMPTShort!5229;AMPTShort!5230;AMPTShort!5231;AMPTShort!5232;AMPTShort!5233;AMPTShort!5234;AMPTShort!5235;AMPTShort!5236;AMPTShort!5237;AMPTShort!5238;AMPTShort!5239;AMPTShort!5240;AMPTShort!5241;AMPTShort!5242;AMPTShort!5243;AMPTShort!5244;AMPTShort!5245;AMPTShort!5246;AMPTShort!5247;AMPTShort!5248;AMPTShort!5249;AMPTShort!5250;AMPTShort!5251;AMPTShort!5252;AMPTShort!5253;AMPTShort!5254,False
LBE,12,IV.7,Inoculation!342,[2],0.87,,44,2,142,162.8416667,Analyses!886;Analyses!901,AMPTShort!5561;AMPTShort!5562;AMPTShort!5563;AMPTShort!5564;AMPTShort!5565;AMPTShort!5566;AMPTShort!5567;AMPTShort!5568;AMPTShort!5569;AMPTShort!5570;AMPTShort!5571;AMPTShort!5572;AMPTShort!5573;AMPTShort!5574;AMPTShort!5575;AMPTShort!5576;AMPTShort!5577;AMPTShort!5578;AMPTShort!5579;AMPTShort!5580;AMPTShort!5581;AMPTShort!5582;AMPTShort!5583;AMPTShort!5584;AMPTShort!5585;AMPTShort!5586;AMPTShort!5587;AMPTShort!5588;AMPTShort!5589;AMPTShort!5590;AMPTShort!5591;AMPTShort!5592;AMPTShort!5593;AMPTShort!5594;AMPTShort!5595;AMPTShort!5596;AMPTShort!5597;AMPTShort!5598;AMPTShort!5599;AMPTShort!5600;AMPTShort!5601;AMPTShort!5602;AMPTShort!5603;AMPTShort!5604,False
LBE,12,IV.8,Inoculation!343,[2],0.87,,44,2,142,162.8416667,Analyses!887;Analyses!902,AMPTShort!5911;AMPTShort!5912;AMPTShort!5913;AMPTShort!5914;AMPTShort!5915;AMPTShort!5916;AMPTShort!5917;AMPTShort!5918;AMPTShort!5919;AMPTShort!5920;AMPTShort!5921;AMPTShort!5922;AMPTShort!5923;AMPTShort!5924;AMPTShort!5925;AMPTShort!5926;AMPTShort!5927;AMPTShort!5928;AMPTShort!5929;AMPTShort!5930;AMPTShort!5931;AMPTShort!5932;AMPTShort!5933;AMPTShort!5934;AMPTShort!5935;AMPTShort!5936;AMPTShort!5937;AMPTShort!5938;AMPTShort!5939;AMPTShort!5940;AMPTShort!5941;AMPTShort!5942;AMPTShort!5943;AMPTShort!5944;AMPTShort!5945;AMPTShort!5946;AMPTShort!5947;AMPTShort!5948;AMPTShort!5949;AMPTShort!5950;AMPTShort!5951;AMPTShort!5952;AMPTShort!5953;AMPTShort!5954,False
LBE,12,IV.9,Inoculation!344,[2],0.87,,44,2,142,162.8416667,Analyses!888;Analyses!903,AMPTShort!6261;AMPTShort!6262;AMPTShort!6263;AMPTShort!6264;AMPTShort!6265;AMPTShort!6266;AMPTShort!6267;AMPTShort!6268;AMPTShort!6269;AMPTShort!6270;AMPTShort!6271;AMPTShort!6272;AMPTShort!6273;AMPTShort!6274;AMPTShort!6275;AMPTShort!6276;AMPTShort!6277;AMPTShort!6278;AMPTShort!6279;AMPTShort!6280;AMPTShort!6281;AMPTShort!6282;AMPTShort!6283;AMPTShort!6284;AMPTShort!6285;AMPTShort!6286;AMPTShort!6287;AMPTShort!6288;AMPTShort!6289;AMPTShort!6290;AMPTShort!6291;AMPTShort!6292;AMPTShort!6293;AMPTShort!6294;AMPTShort!6295;AMPTShort!6296;AMPTShort!6297;AMPTShort!6298;AMPTShort!6299;AMPTShort!6300;AMPTShort!6301;AMPTShort!6302;AMPTShort!6303;AMPTShort!6304,False
LBE,13,IV.1,Inoculation!351,[0],0,,0,1,163.0625,163.0625,Analyses!910,,False
LBE,13,IV.10,Inoculation!360,[1]+,1.44,,0,1,163.0625,163.0625,Analyses!919,,False
LBE,13,IV.11,Inoculation!361,[1]+,1.44,,0,1,163.0625,163.0625,Analyses!920,,False
LBE,13,IV.12,Inoculation!362,[1]+,1.44,,0,1,163.0625,163.0625,Analyses!921,,False
LBE,13,IV.13,Inoculation!363,[2]+,2.87,,0,1,163.0625,163.0625,Analyses!922,,False
LBE,13,IV.14,Inoculation!364,[2]+,2.87,,0,1,163.0625,163.0625,Analyses!923,,False
LBE,13,IV.15,Inoculation!365,[2]+,2.87,,0,1,163.0625,163.0625,Analyses!924,,False
LBE,13,IV.2,Inoculation!352,[0],0,4.385209317852608,0,1,163.0625,163.0625,Analyses!911,,False
LBE,13,IV.3,Inoculation!353,[0],0,,0,1,163.0625,163.0625,Analyses!912,,False
LBE,13,IV.4,Inoculation!354,[1],1.44,,0,1,163.0625,163.0625,Analyses!913,,False
LBE,13,IV.5,Inoculation!355,[1],1.44,,0,1,163.0625,163.0625,Analyses!914,,False
LBE,13,IV.6,Inoculation!356,[1],1.44,,0,1,163.0625,163.0625,Analyses!915,,False
LBE,13,IV.7,Inoculation!357,[2],2.87,,0,1,163.0625,163.0625,Analyses!916,,False
LBE,13,IV.8,Inoculation!358,[2],2.87,,0,1,163.0625,163.0625,Analyses!917,,False
LBE,13,IV.9,Inoculation!359,[2],2.87,,0,1,163.0625,163.0625,Analyses!918,,False
