Lab,Date,Days,Batch,Week,Sampling,Bottle,Experiment_ID,Cond,Replicate,Biochar,TAN_supplementation,Fe3,TE_solution,TE_supplementation,KNO3_supplementation,Previous_mass,Mass_removed,Current_mass,pH,TAN,FAN,sCOD,TS,VS,C2,C3,C4,C5,C6,IC4,IC5,IC6,Comment,study_id,source_doi,source_md5,source_analysis_row,source_inoculation_row,source_condition_inoculation,inoculation_biochar_g,inoculation_ammonium_bicarbonate_g,prior_lab_event_rows,qc_flags,model_admission
BRL,,0,1,1,t0,II.10,BRL_MBE,MBE[2],1,2,No,No,Homemade,High,No,,,,7.81,,,,,,,,,,,,,,,sanglier_2022,10.57745/BUJORT,282f5076857dd4f8ca38089a6d499909,Analyses!2,Inoculation!9,MBE[2],8,,Events!2,,False
BRL,,0,1,1,t0,II.11,BRL_MBE,MBE[2],2,2,No,No,Homemade,High,No,,,,7.91,,,,,,,,,,,,,,,sanglier_2022,10.57745/BUJORT,282f5076857dd4f8ca38089a6d499909,Analyses!3,Inoculation!10,MBE[2],8,,Events!2,,False
BRL,,0,1,1,t0,II.12,BRL_MBE,MBE[2],3,2,No,No,Homemade,High,No,,,,7.85,,,,,,,,,,,,,,,sanglier_2022,10.57745/BUJORT,282f5076857dd4f8ca38089a6d499909,Analyses!4,Inoculation!11,MBE[2],8,,Events!2,,False
BRL,,0,1,1,t0,II.13,BRL_MBE,MBE[2]+,1,2,No,No,Homemade,High,No,,,,7.76,,,,,,,,,,,,,,,sanglier_2022,10.57745/BUJORT,282f5076857dd4f8ca38089a6d499909,Analyses!5,Inoculation!12,MBE[2] +,8,,Events!2,,False
BRL,,0,1,1,t0,II.14,BRL_MBE,MBE[2]+,2,2,No,No,Homemade,High,No,,,,7.86,,,,,,,,,,,,,,,sanglier_2022,10.57745/BUJORT,282f5076857dd4f8ca38089a6d499909,Analyses!6,Inoculation!13,MBE[2] +,8,,Events!2,,False
BRL,,0,1,1,t0,II.15,BRL_MBE,MBE[2]+,3,2,No,No,Homemade,High,No,,,,7.83,,,,,,,,,,,,,,,sanglier_2022,10.57745/BUJORT,282f5076857dd4f8ca38089a6d499909,Analyses!7,Inoculation!14,MBE[2] +,8,,Events!2,,False
BRL,,0,1,1,t0,II.4,BRL_MBE,MBE[0],1,0,No,No,Homemade,High,No,,,,7.75,,,,,,,,,,,,,,,sanglier_2022,10.57745/BUJORT,282f5076857dd4f8ca38089a6d499909,Analyses!8,Inoculation!3,MBE[0],0,,Events!2,,False
BRL,,0,1,1,t0,II.5,BRL_MBE,MBE[0],2,0,No,No,Homemade,High,No,,,,7.7,,,,,,,,,,,,,,,sanglier_2022,10.57745/BUJORT,282f5076857dd4f8ca38089a6d499909,Analyses!9,Inoculation!4,MBE[0],0,,Events!2,,False
BRL,,0,1,1,t0,II.6,BRL_MBE,MBE[0],3,0,No,No,Homemade,High,No,,,,7.82,,,,,,,,,,,,,,,sanglier_2022,10.57745/BUJORT,282f5076857dd4f8ca38089a6d499909,Analyses!10,Inoculation!5,MBE[0],0,,Events!2,,False
BRL,,0,1,1,t0,II.7,BRL_MBE,MBE[1],1,1,No,No,Homemade,High,No,,,,7.847,,,,,,,,,,,,,,,sanglier_2022,10.57745/BUJORT,282f5076857dd4f8ca38089a6d499909,Analyses!11,Inoculation!6,MBE[1],4,,Events!2,,False
BRL,,0,1,1,t0,II.8,BRL_MBE,MBE[1],2,1,No,No,Homemade,High,No,,,,7.83,,,,,,,,,,,,,,,sanglier_2022,10.57745/BUJORT,282f5076857dd4f8ca38089a6d499909,Analyses!12,Inoculation!7,MBE[1],4,,Events!2,,False
BRL,,0,1,1,t0,II.9,BRL_MBE,MBE[1],3,1,No,No,Homemade,High,No,,,,7.89,,,,,,,,,,,,,,,sanglier_2022,10.57745/BUJORT,282f5076857dd4f8ca38089a6d499909,Analyses!13,Inoculation!8,MBE[1],4,,Events!2,,False
BRL,,6.71,1,1,tf,II.10,BRL_MBE,MBE[2],1,2,No,No,Homemade,High,No,,,,8.2,3.975,0.5034483891222,18.59,,,0.82,2.657,0,0,0,0.376,0.346,0,,sanglier_2022,10.57745/BUJORT,282f5076857dd4f8ca38089a6d499909,Analyses!14,Inoculation!9,MBE[2],8,,Events!2,,False
BRL,,6.71,1,1,tf,II.11,BRL_MBE,MBE[2],2,2,No,No,Homemade,High,No,,,,8.2,4.25,0.535276299545822,17.18,,,0.446,2.968,0,0,0,0.399,0.339,0,,sanglier_2022,10.57745/BUJORT,282f5076857dd4f8ca38089a6d499909,Analyses!15,Inoculation!10,MBE[2],8,,Events!2,,False
BRL,,6.71,1,1,tf,II.13,BRL_MBE,MBE[2]+,1,2,No,No,Homemade,High,No,,,,8.2,,,,,,1.04,3.05,0,0,0,0.44,0.374,0,,sanglier_2022,10.57745/BUJORT,282f5076857dd4f8ca38089a6d499909,Analyses!16,Inoculation!12,MBE[2] +,8,,Events!2,,False
BRL,,6.71,1,1,tf,II.14,BRL_MBE,MBE[2]+,2,2,No,No,Homemade,High,No,,,,8.1,,,,,,0.365,2.829,0,0,0,0.387,0.278,0,,sanglier_2022,10.57745/BUJORT,282f5076857dd4f8ca38089a6d499909,Analyses!17,Inoculation!13,MBE[2] +,8,,Events!2,,False
BRL,,6.71,1,1,tf,II.4,BRL_MBE,MBE[0],1,0,No,No,Homemade,High,No,,,,8.2,4.675,0.584193180129294,17.75,,,0.493,2.52,0,0,0,0.345,0.273,0,,sanglier_2022,10.57745/BUJORT,282f5076857dd4f8ca38089a6d499909,Analyses!18,Inoculation!3,MBE[0],0,,Events!2,,False
BRL,,6.71,1,1,tf,II.5,BRL_MBE,MBE[0],2,0,No,No,Homemade,High,No,,,,8.2,4.2,0.529500440529418,17.37,,,0.411,2.462,0,0,0,0.323,0.258,0,,sanglier_2022,10.57745/BUJORT,282f5076857dd4f8ca38089a6d499909,Analyses!19,Inoculation!4,MBE[0],0,,Events!2,,False
BRL,,6.71,1,1,tf,II.7,BRL_MBE,MBE[1],1,1,No,No,Homemade,High,No,,,,8.2,4.25,0.535276299545822,17.26,,,0.472,2.603,0,0,0,0.347,0.29,0,,sanglier_2022,10.57745/BUJORT,282f5076857dd4f8ca38089a6d499909,Analyses!20,Inoculation!6,MBE[1],4,,Events!2,,False
BRL,,6.71,1,1,tf,II.8,BRL_MBE,MBE[1],2,1,No,No,Homemade,High,No,,,,8.2,3.85,0.488929387751913,18.15,,,0.554,2.95,0,0,0,0.411,0.327,0,,sanglier_2022,10.57745/BUJORT,282f5076857dd4f8ca38089a6d499909,Analyses!21,Inoculation!7,MBE[1],4,,Events!2,,False
BRL,,14.63,2,2,tf,II.10,BRL_MBE,MBE[2],1,2,No,No,Homemade,High,No,,,,8.3,,,19.952,,,0.186,4.718,0,0,0,0.606,0.432,0,,sanglier_2022,10.57745/BUJORT,282f5076857dd4f8ca38089a6d499909,Analyses!22,Inoculation!21,MBE[2],0.6801577614494756,,Events!2,,False
BRL,,14.63,2,2,tf,II.11,BRL_MBE,MBE[2],2,2,No,No,Homemade,High,No,,,,,,,,6.60611065235343,73.7499999999999,,,,,,,,,,sanglier_2022,10.57745/BUJORT,282f5076857dd4f8ca38089a6d499909,Analyses!23,Inoculation!22,MBE[2],0.6801577614494756,,Events!2,,False
BRL,,14.63,2,2,tf,II.12,BRL_MBE,MBE[2],3,2,No,No,Homemade,High,No,,,,8,,,19.888,,,0.186,4.612,0,0,0,0.598,0.406,0,,sanglier_2022,10.57745/BUJORT,282f5076857dd4f8ca38089a6d499909,Analyses!24,Inoculation!23,MBE[2],0.6801577614494756,,Events!2,,False
BRL,,14.63,2,2,tf,II.13,BRL_MBE,MBE[2]+,1,2,No,No,Homemade,High,No,,,,8.1,,,,,,,,,,,,,,,sanglier_2022,10.57745/BUJORT,282f5076857dd4f8ca38089a6d499909,Analyses!25,Inoculation!24,MBE[2] +,0.6801577614494756,,Events!2,,False
BRL,,14.63,2,2,tf,II.15,BRL_MBE,MBE[2]+,3,2,No,No,Homemade,High,No,,,,7.9,,,,,,,,,,,,,,,sanglier_2022,10.57745/BUJORT,282f5076857dd4f8ca38089a6d499909,Analyses!26,Inoculation!26,MBE[2] +,0.6801577614494756,,Events!2,,False
BRL,,14.63,2,2,tf,II.4,BRL_MBE,MBE[0],1,0,No,No,Homemade,High,No,,,,8,,,19.648,,,0.28,4.07,0,0,0.406,0.528,0.366,0,,sanglier_2022,10.57745/BUJORT,282f5076857dd4f8ca38089a6d499909,Analyses!27,Inoculation!15,MBE[0],0.5115269276290474,,Events!2,control_label_positive_inoculation_biochar,False
BRL,,14.63,2,2,tf,II.5,BRL_MBE,MBE[0],2,0,No,No,Homemade,High,No,,,,,,,,5.67942785023139,70.3703703703705,,,,,,,,,,sanglier_2022,10.57745/BUJORT,282f5076857dd4f8ca38089a6d499909,Analyses!28,Inoculation!16,MBE[0],0,,Events!2,,False
BRL,,14.63,2,2,tf,II.6,BRL_MBE,MBE[0],3,0,No,No,Homemade,High,No,,,,8,,,20.176,,,0.314,4.166,0,0,0.878,0.562,0.414,0,,sanglier_2022,10.57745/BUJORT,282f5076857dd4f8ca38089a6d499909,Analyses!29,Inoculation!17,MBE[0],0,,Events!2,,False
BRL,,14.63,2,2,tf,II.7,BRL_MBE,MBE[1],1,1,No,No,Homemade,High,No,,,,8.1,,,19.424,,,0.278,4.224,0,0,0,0.56,0.41,0,,sanglier_2022,10.57745/BUJORT,282f5076857dd4f8ca38089a6d499909,Analyses!30,Inoculation!18,MBE[1],0.3400788807247378,,Events!2,,False
BRL,,14.63,2,2,tf,II.8,BRL_MBE,MBE[1],2,1,No,No,Homemade,High,No,,,,,,,,6.34786288616165,70.6666666666668,,,,,,,,,,sanglier_2022,10.57745/BUJORT,282f5076857dd4f8ca38089a6d499909,Analyses!31,Inoculation!19,MBE[1],0.3400788807247378,,Events!2,,False
BRL,,14.63,2,2,tf,II.9,BRL_MBE,MBE[1],3,1,No,No,Homemade,High,No,,,,8.1,,,19.536,,,0.276,4.326,0,0,0,0.56,0.418,0,,sanglier_2022,10.57745/BUJORT,282f5076857dd4f8ca38089a6d499909,Analyses!32,Inoculation!20,MBE[1],0.3400788807247378,,Events!2,,False
BRL,,21.83,3,3,tf,II.10,BRL_MBE,MBE[2],1,2,No,No,Homemade,High,No,,,,8.2,3.66,0.466792657482645,,,,0.108,6.678,0,0,0,0.828,0.59,0,,sanglier_2022,10.57745/BUJORT,282f5076857dd4f8ca38089a6d499909,Analyses!33,Inoculation!33,MBE[2],0.6801577614494756,,Events!2,,False
BRL,,21.83,3,3,tf,II.11,BRL_MBE,MBE[2],2,2,No,No,Homemade,High,No,,,,8.2,3.76,0.478454112759896,23.62,,,0.132,6.356,0,0,0,0.782,0.562,0,,sanglier_2022,10.57745/BUJORT,282f5076857dd4f8ca38089a6d499909,Analyses!34,Inoculation!34,MBE[2],0.6801577614494756,,Events!2,,False
BRL,,21.83,3,3,tf,II.12,BRL_MBE,MBE[2],3,2,No,No,Homemade,High,No,,,,,,,23.56,,,,,,,,,,,,sanglier_2022,10.57745/BUJORT,282f5076857dd4f8ca38089a6d499909,Analyses!35,Inoculation!35,MBE[2],0.6801577614494756,,Events!2,,False
BRL,,21.83,3,3,tf,II.13,BRL_MBE,MBE[2]+,1,2,No,No,Homemade,High,No,,,,8.1,,,,,,,,,,,,,,,sanglier_2022,10.57745/BUJORT,282f5076857dd4f8ca38089a6d499909,Analyses!36,Inoculation!36,MBE[2] +,0.6801577614494756,,Events!2,,False
BRL,,21.83,3,3,tf,II.14,BRL_MBE,MBE[2]+,2,2,No,No,Homemade,High,No,,,,8,,,,,,,,,,,,,,,sanglier_2022,10.57745/BUJORT,282f5076857dd4f8ca38089a6d499909,Analyses!37,Inoculation!37,MBE[2] +,0.6801577614494756,,Events!2,,False
BRL,,21.83,3,3,tf,II.4,BRL_MBE,MBE[0],1,0,No,No,Homemade,High,No,,,,8,,,,,,,,,,,,,,,sanglier_2022,10.57745/BUJORT,282f5076857dd4f8ca38089a6d499909,Analyses!38,Inoculation!27,MBE[0],0.5115269276290474,,Events!2,control_label_positive_inoculation_biochar,False
BRL,,21.83,3,3,tf,II.5,BRL_MBE,MBE[0],2,0,No,No,Homemade,High,No,,,,7.9,3.6,0.244138547859722,,,,0.094,5.848,0,0,0,0.716,0.526,0,,sanglier_2022,10.57745/BUJORT,282f5076857dd4f8ca38089a6d499909,Analyses!39,Inoculation!28,MBE[0],0,,Events!2,,False
BRL,,21.83,3,3,tf,II.6,BRL_MBE,MBE[0],3,0,No,No,Homemade,High,No,,,,,3.84,,23.62,,,0.128,6.082,0,0,0,0.754,0.55,0,,sanglier_2022,10.57745/BUJORT,282f5076857dd4f8ca38089a6d499909,Analyses!40,Inoculation!29,MBE[0],0,,Events!2,,False
BRL,,21.83,3,3,tf,II.7,BRL_MBE,MBE[1],1,1,No,No,Homemade,High,No,,,,8.2,3.7,0.471460117314576,24.38,,,0.112,6.564,0,0,0,0.8,0.588,0,,sanglier_2022,10.57745/BUJORT,282f5076857dd4f8ca38089a6d499909,Analyses!41,Inoculation!30,MBE[1],0.3400788807247378,,Events!2,,False
BRL,,21.83,3,3,tf,II.8,BRL_MBE,MBE[1],2,1,No,No,Homemade,High,No,,,,8.1,3.57999999999999,0.372004084484017,23.66,,,0.084,6.012,0,0,0,0.73,0.54,0,,sanglier_2022,10.57745/BUJORT,282f5076857dd4f8ca38089a6d499909,Analyses!42,Inoculation!31,MBE[1],0.3400788807247378,,Events!2,,False
BRL,,21.83,3,3,tf,II.9,BRL_MBE,MBE[1],3,1,No,No,Homemade,High,No,,,,,,,23.32,,,,,,,,,,,,sanglier_2022,10.57745/BUJORT,282f5076857dd4f8ca38089a6d499909,Analyses!43,Inoculation!32,MBE[1],0.3400788807247378,,Events!2,,False
BRL,,28.67,4,4,tf,II.10,BRL_MBE,MBE[2],1,2,No,No,Homemade,High,No,,,,7.9,,,25.44,,,0,7.598,0,0,0,1.208,0.628,0,,sanglier_2022,10.57745/BUJORT,282f5076857dd4f8ca38089a6d499909,Analyses!44,Inoculation!45,MBE[2],0.766,,Events!2,,False
BRL,,28.67,4,4,tf,II.11,BRL_MBE,MBE[2],2,2,No,No,Homemade,High,No,,,,,,,25.68,,,,,,,,,,,,sanglier_2022,10.57745/BUJORT,282f5076857dd4f8ca38089a6d499909,Analyses!45,Inoculation!46,MBE[2],0.766,,Events!2,,False
BRL,,28.67,4,4,tf,II.12,BRL_MBE,MBE[2],3,2,No,No,Homemade,High,No,,,,7.9,,,,8.02069857697282,75.8064516129034,0,8.338,0,0,0,1.15,0.624,0,,sanglier_2022,10.57745/BUJORT,282f5076857dd4f8ca38089a6d499909,Analyses!46,Inoculation!47,MBE[2],0.766,,Events!2,,False
BRL,,28.67,4,4,tf,II.13,BRL_MBE,MBE[2]+,1,2,No,No,Homemade,High,No,,,,8,,,,,,,,,,,,,,,sanglier_2022,10.57745/BUJORT,282f5076857dd4f8ca38089a6d499909,Analyses!47,Inoculation!48,MBE[2] +,0.766,,Events!2,,False
BRL,,28.67,4,4,tf,II.15,BRL_MBE,MBE[2]+,3,2,No,No,Homemade,High,No,,,,8.1,,,,,,,,,,,,,,,sanglier_2022,10.57745/BUJORT,282f5076857dd4f8ca38089a6d499909,Analyses!48,Inoculation!50,MBE[2] +,0.766,,Events!2,,False
BRL,,28.67,4,4,tf,II.4,BRL_MBE,MBE[0],1,0,No,No,Homemade,High,No,,,,8.1,,,28.56,,,0.14,7.344,0,0,0,1.226,0.732,0,,sanglier_2022,10.57745/BUJORT,282f5076857dd4f8ca38089a6d499909,Analyses!49,Inoculation!39,MBE[0],0.6423809712343894,,Events!2,control_label_positive_inoculation_biochar,False
BRL,,28.67,4,4,tf,II.5,BRL_MBE,MBE[0],2,0,No,No,Homemade,High,No,,,,,,,,7.87262273330383,76.4044943820225,,,,,,,,,,sanglier_2022,10.57745/BUJORT,282f5076857dd4f8ca38089a6d499909,Analyses!50,Inoculation!40,MBE[0],0,,Events!2,,False
BRL,,28.67,4,4,tf,II.6,BRL_MBE,MBE[0],3,0,No,No,Homemade,High,No,,,,7.9,,,27.36,,,0,7.27,0,0,0,1.178,0.704,0,,sanglier_2022,10.57745/BUJORT,282f5076857dd4f8ca38089a6d499909,Analyses!51,Inoculation!41,MBE[0],0,,Events!2,,False
BRL,,28.67,4,4,tf,II.7,BRL_MBE,MBE[1],1,1,No,No,Homemade,High,No,,,,7.8,,,25.96,,,0,8.336,0,0,0,1.226,0.728,0,,sanglier_2022,10.57745/BUJORT,282f5076857dd4f8ca38089a6d499909,Analyses!52,Inoculation!42,MBE[1],0.383,,Events!2,,False
BRL,,28.67,4,4,tf,II.8,BRL_MBE,MBE[1],2,1,No,No,Homemade,High,No,,,,,,,,7.95718939041415,77.1929824561403,,,,,,,,,,sanglier_2022,10.57745/BUJORT,282f5076857dd4f8ca38089a6d499909,Analyses!53,Inoculation!43,MBE[1],0.383,,Events!2,,False
BRL,,28.67,4,4,tf,II.9,BRL_MBE,MBE[1],3,1,No,No,Homemade,High,No,,,,8,,,26.76,,,0,8.778,0,0,0,1.268,0.748,0,,sanglier_2022,10.57745/BUJORT,282f5076857dd4f8ca38089a6d499909,Analyses!54,Inoculation!44,MBE[1],0.383,,Events!2,,False
BRL,,35.63,5,5,tf,II.10,BRL_MBE,MBE[2],1,2,No,No,Homemade,High,No,,,,8,3.34,0.28270562057367,,,,0.408,7.894,0,0,0,0.684,0.06,0,,sanglier_2022,10.57745/BUJORT,282f5076857dd4f8ca38089a6d499909,Analyses!55,Inoculation!57,MBE[2],0.7660089029898797,,Events!2,,False
BRL,,35.63,5,5,tf,II.11,BRL_MBE,MBE[2],2,2,No,No,Homemade,High,No,,,,8,3.3,0.279620030498712,,,,0.68,6.528,0,0,0,0.364,0.08,0,,sanglier_2022,10.57745/BUJORT,282f5076857dd4f8ca38089a6d499909,Analyses!56,Inoculation!58,MBE[2],0.7660089029898797,,Events!2,,False
BRL,,35.63,5,5,tf,II.12,BRL_MBE,MBE[2],3,2,No,No,Homemade,High,No,,,,8.3,3.47999999999999,0.545088849358175,,,,0.626,4.614,0,0,0,0.042,0,0,,sanglier_2022,10.57745/BUJORT,282f5076857dd4f8ca38089a6d499909,Analyses!57,Inoculation!59,MBE[2],0.7660089029898797,,Events!2,,False
BRL,,35.63,5,5,tf,II.13,BRL_MBE,MBE[2]+,1,2,No,No,Homemade,High,No,,,,8.1,,,,,,,,,,,,,,,sanglier_2022,10.57745/BUJORT,282f5076857dd4f8ca38089a6d499909,Analyses!58,Inoculation!60,MBE[2] +,0.7660089029898797,,Events!2,,False
BRL,,35.63,5,5,tf,II.14,BRL_MBE,MBE[2]+,2,2,No,No,Homemade,High,No,,,,8.4,,0.67271945787501,,,,0.554,7.08,0,0,0,0.378,0.184,0,,sanglier_2022,10.57745/BUJORT,282f5076857dd4f8ca38089a6d499909,Analyses!59,Inoculation!61,MBE[2] +,0.7660089029898797,,Events!2,,False
BRL,,35.63,5,5,tf,II.15,BRL_MBE,MBE[2]+,3,2,No,No,Homemade,High,No,,,,8,,,,,,,,,,,,,,,sanglier_2022,10.57745/BUJORT,282f5076857dd4f8ca38089a6d499909,Analyses!60,Inoculation!62,MBE[2] +,0.7660089029898797,,Events!2,,False
BRL,,35.63,5,5,tf,II.4,BRL_MBE,MBE[0],1,0,No,No,Homemade,High,No,,,,7.8,3.4,0.186381815153045,,,,0.694,7.992,0,0,0,0.914,0.716,0,,sanglier_2022,10.57745/BUJORT,282f5076857dd4f8ca38089a6d499909,Analyses!61,Inoculation!51,MBE[0],0.6423809712343894,,Events!2,control_label_positive_inoculation_biochar,False
BRL,,35.63,5,5,tf,II.6,BRL_MBE,MBE[0],3,0,No,No,Homemade,High,No,,,,7.9,3.59,0.243521187512575,,,,0.386,8.042,0,0,0,0.918,0.728,0,,sanglier_2022,10.57745/BUJORT,282f5076857dd4f8ca38089a6d499909,Analyses!62,Inoculation!53,MBE[0],0,,Events!2,,False
BRL,,35.63,5,5,tf,II.7,BRL_MBE,MBE[1],1,1,No,No,Homemade,High,No,,,,8.2,,,,,,,,,,,,,,,sanglier_2022,10.57745/BUJORT,282f5076857dd4f8ca38089a6d499909,Analyses!63,Inoculation!54,MBE[1],0.38300445149493983,,Events!2,,False
BRL,,35.63,5,5,tf,II.8,BRL_MBE,MBE[1],2,1,No,No,Homemade,High,No,,,,,3.54,,,,,0.658,7.742,0,0,0,0.758,0.692,0,,sanglier_2022,10.57745/BUJORT,282f5076857dd4f8ca38089a6d499909,Analyses!64,Inoculation!55,MBE[1],0.38300445149493983,,Events!2,,False
BRL,,35.63,5,5,tf,II.9,BRL_MBE,MBE[1],3,1,No,No,Homemade,High,No,,,,7.9,3.72,0.251536713522991,,,,0.77,7.98,0,0,0,0.64,0.732,0,,sanglier_2022,10.57745/BUJORT,282f5076857dd4f8ca38089a6d499909,Analyses!65,Inoculation!56,MBE[1],0.38300445149493983,,Events!2,,False
BRL,,41.25,6,6,tf,II.10,BRL_MBE,MBE[2],1,2,No,No,Homemade,High,No,,,,7.7,,,23.61,,,0,6.37,0,0,0,0,0,0,,sanglier_2022,10.57745/BUJORT,282f5076857dd4f8ca38089a6d499909,Analyses!66,Inoculation!69,MBE[2],0.6545016962257052,,Events!2,,False
BRL,,41.25,6,6,tf,II.11,BRL_MBE,MBE[2],2,2,No,No,Homemade,High,No,,,,7.9,,,18.36,,,0,0.118,0,0,0,0,0,0,,sanglier_2022,10.57745/BUJORT,282f5076857dd4f8ca38089a6d499909,Analyses!67,Inoculation!70,MBE[2],0.6545016962257052,,Events!2,,False
BRL,,41.25,6,6,tf,II.12,BRL_MBE,MBE[2],3,2,No,No,Homemade,High,No,,,,,,,17.01,,,0.512,0.488,0,0,0,0,0,0,,sanglier_2022,10.57745/BUJORT,282f5076857dd4f8ca38089a6d499909,Analyses!68,Inoculation!71,MBE[2],0.6545016962257052,,Events!2,,False
BRL,,41.25,6,6,tf,II.13,BRL_MBE,MBE[2]+,1,2,No,No,Homemade,High,No,,,,7.7,,,,,,0.15,6.906,0,0,0,0,0,0,,sanglier_2022,10.57745/BUJORT,282f5076857dd4f8ca38089a6d499909,Analyses!69,Inoculation!72,MBE[2] +,0.6545016962257052,,Events!2,,False
BRL,,41.25,6,6,tf,II.14,BRL_MBE,MBE[2]+,2,2,No,No,Homemade,High,No,,,,7.7,,,17.34,,,0,0,0,0,0,0,0,0,,sanglier_2022,10.57745/BUJORT,282f5076857dd4f8ca38089a6d499909,Analyses!70,Inoculation!73,MBE[2] +,0.6545016962257052,,Events!2,,False
BRL,,41.25,6,6,tf,II.15,BRL_MBE,MBE[2]+,3,2,No,No,Homemade,High,No,,,,,,,,,,0,5.096,0,0,0,0,0,0,,sanglier_2022,10.57745/BUJORT,282f5076857dd4f8ca38089a6d499909,Analyses!71,Inoculation!74,MBE[2] +,0.6545016962257052,,Events!2,,False
BRL,,41.25,6,6,tf,II.4,BRL_MBE,MBE[0],1,0,No,No,Homemade,High,No,,,,7.6,,,31.44,,,0,8.826,0,0,0,1.136,0.798,0,,sanglier_2022,10.57745/BUJORT,282f5076857dd4f8ca38089a6d499909,Analyses!72,Inoculation!63,MBE[0],0,,Events!2,,False
BRL,,41.25,6,6,tf,II.5,BRL_MBE,MBE[0],2,0,No,No,Homemade,High,No,,,,7.6,,,30.36,,,0,8.784,0,0,0,0,0.772,0,,sanglier_2022,10.57745/BUJORT,282f5076857dd4f8ca38089a6d499909,Analyses!73,Inoculation!64,MBE[0],0,,Events!2,,False
BRL,,41.25,6,6,tf,II.7,BRL_MBE,MBE[1],1,1,No,No,Homemade,High,No,,,,7.7,,,27.15,,,0.142,6.66,0,0,0,0,0.702,0,,sanglier_2022,10.57745/BUJORT,282f5076857dd4f8ca38089a6d499909,Analyses!74,Inoculation!66,MBE[1],0.3272508481128526,,Events!2,,False
BRL,,41.25,6,6,tf,II.8,BRL_MBE,MBE[1],2,1,No,No,Homemade,High,No,,,,7.7,,,27.12,,,0,6.964,0,0,0,0,0.732,0,,sanglier_2022,10.57745/BUJORT,282f5076857dd4f8ca38089a6d499909,Analyses!75,Inoculation!67,MBE[1],0.3272508481128526,,Events!2,,False
BRL,,56.29,8,8,tf,II.10,BRL_MBE,MBE[2],1,2,No,No,Homemade,High,No,,,,8,2.415,0.210436579657107,16.95,,,0.558,0,0,0,0,0,0,0,,sanglier_2022,10.57745/BUJORT,282f5076857dd4f8ca38089a6d499909,Analyses!76,Inoculation!93,MBE[2],0.7635845880551989,,Events!2,,False
BRL,,56.29,8,8,tf,II.11,BRL_MBE,MBE[2],2,2,No,No,Homemade,High,No,,,,7.7,2.625,0.118255399176888,20.43,,,0.552,2.238,0,0,0,0,0,0,,sanglier_2022,10.57745/BUJORT,282f5076857dd4f8ca38089a6d499909,Analyses!77,Inoculation!94,MBE[2],0.7635845880551989,,Events!2,,False
BRL,,56.29,8,8,tf,II.12,BRL_MBE,MBE[2],3,2,No,No,Homemade,High,No,,,,8,,,,,,0.56,1.712,0,0,0,0,0,0,,sanglier_2022,10.57745/BUJORT,282f5076857dd4f8ca38089a6d499909,Analyses!78,Inoculation!95,MBE[2],0.7635845880551989,,Events!2,,False
BRL,,56.29,8,8,tf,II.13,BRL_MBE,MBE[2]+,1,2,No,No,Homemade,High,No,,,,7.9,,,,,,0.448,0,0,0,0,0,0,0,,sanglier_2022,10.57745/BUJORT,282f5076857dd4f8ca38089a6d499909,Analyses!79,Inoculation!96,MBE[2] +,0.7635845880551989,,Events!2,,False
BRL,,56.29,8,8,tf,II.14,BRL_MBE,MBE[2]+,2,2,No,No,Homemade,High,No,,,,7.7,,,,,,0.512,2.112,0,0,0,0,0,0,,sanglier_2022,10.57745/BUJORT,282f5076857dd4f8ca38089a6d499909,Analyses!80,Inoculation!97,MBE[2] +,0.7635845880551989,,Events!2,,False
BRL,,56.29,8,8,tf,II.15,BRL_MBE,MBE[2]+,3,2,No,No,Homemade,High,No,,,,7.8,,,,,,0.456,0.118,0,0,0,0,0,0,,sanglier_2022,10.57745/BUJORT,282f5076857dd4f8ca38089a6d499909,Analyses!81,Inoculation!98,MBE[2] +,0.7635845880551989,,Events!2,,False
BRL,,56.29,8,8,tf,II.4,BRL_MBE,MBE[0],1,0,No,No,Homemade,High,No,,,,7.6,3.066,0.108998024572773,33.12,,,0.86,12.342,0,0,0,0.386,1.134,0,,sanglier_2022,10.57745/BUJORT,282f5076857dd4f8ca38089a6d499909,Analyses!82,Inoculation!87,MBE[0],0,,Events!2,,False
BRL,,56.29,8,8,tf,II.5,BRL_MBE,MBE[0],2,0,No,No,Homemade,High,No,,,,7.5,3.045,0.0865930545021641,32.37,,,0.608,12.692,0,0,0,0.55,1.208,0,,sanglier_2022,10.57745/BUJORT,282f5076857dd4f8ca38089a6d499909,Analyses!83,Inoculation!88,MBE[0],0,,Events!2,,False
BRL,,56.29,8,8,tf,II.7,BRL_MBE,MBE[1],1,1,No,No,Homemade,High,No,,,,7.8,2.625,0.147373807926745,17.07,,,0.566,0.262,0,0,0,0,0,0,,sanglier_2022,10.57745/BUJORT,282f5076857dd4f8ca38089a6d499909,Analyses!84,Inoculation!90,MBE[1],0.38179229402759945,,Events!2,,False
BRL,,56.29,8,8,tf,II.8,BRL_MBE,MBE[1],2,1,No,No,Homemade,High,No,,,,7.8,2.625,0.147373807926745,19.2,,,,,,,,,,,,sanglier_2022,10.57745/BUJORT,282f5076857dd4f8ca38089a6d499909,Analyses!85,Inoculation!91,MBE[1],0.38179229402759945,,Events!2,,False
BRL,,56.29,8,8,tf,II.9,BRL_MBE,MBE[1],3,1,No,No,Homemade,High,No,,,,,,,,,,0.646,0.192,0,0,0,0,0,0,,sanglier_2022,10.57745/BUJORT,282f5076857dd4f8ca38089a6d499909,Analyses!86,Inoculation!92,MBE[1],0.38179229402759945,,Events!2,,False
BRL,,63.21,9,9,tf,II.10,BRL_MBE,MBE[2],1,2,No,No,Homemade,High,No,,,,7.7,,,18.18,,,0.342,0.51,0,0,0,0,0,0,,sanglier_2022,10.57745/BUJORT,282f5076857dd4f8ca38089a6d499909,Analyses!87,Inoculation!105,MBE[2],0.7635845880551989,,Events!2,,False
BRL,,63.21,9,9,tf,II.11,BRL_MBE,MBE[2],2,2,No,No,Homemade,High,No,,,,7.7,,,,10.4046242774566,80.5555555555556,,,,,,,,,,sanglier_2022,10.57745/BUJORT,282f5076857dd4f8ca38089a6d499909,Analyses!88,Inoculation!106,MBE[2],0.7635845880551989,,Events!2,,False
BRL,,63.21,9,9,tf,II.12,BRL_MBE,MBE[2],3,2,No,No,Homemade,High,No,,,,,,,16.38,,,0.256,2.736,0,0,0,0,0,0,,sanglier_2022,10.57745/BUJORT,282f5076857dd4f8ca38089a6d499909,Analyses!89,Inoculation!107,MBE[2],0.7635845880551989,,Events!2,,False
BRL,,63.21,9,9,tf,II.13,BRL_MBE,MBE[2]+,1,2,No,No,Homemade,High,No,,,,7.7,,,,,,,,,,,,,,,sanglier_2022,10.57745/BUJORT,282f5076857dd4f8ca38089a6d499909,Analyses!90,Inoculation!108,MBE[2] +,0.7635845880551989,,Events!2,,False
BRL,,63.21,9,9,tf,II.14,BRL_MBE,MBE[2]+,2,2,No,No,Homemade,High,No,,,,7.7,,,,10.9159943046986,79.1304347826088,,,,,,,,,,sanglier_2022,10.57745/BUJORT,282f5076857dd4f8ca38089a6d499909,Analyses!91,Inoculation!109,MBE[2] +,0.7635845880551989,,Events!2,,False
BRL,,63.21,9,9,tf,II.4,BRL_MBE,MBE[0],1,0,No,No,Homemade,High,No,,,,7.4,,,34.14,,,0.426,15.4,0,0,0,0.696,1.478,0,,sanglier_2022,10.57745/BUJORT,282f5076857dd4f8ca38089a6d499909,Analyses!92,Inoculation!99,MBE[0],0,,Events!2,,False
BRL,,63.21,9,9,tf,II.5,BRL_MBE,MBE[0],2,0,No,No,Homemade,High,No,,,,7.4,,,,9.70220941402497,80.1980198019801,,,,,,,,,,sanglier_2022,10.57745/BUJORT,282f5076857dd4f8ca38089a6d499909,Analyses!93,Inoculation!100,MBE[0],0,,Events!2,,False
BRL,,63.21,9,9,tf,II.6,BRL_MBE,MBE[0],3,0,No,No,Homemade,High,No,,,,,,,32.91,,,0.344,14.498,0,0,0,0.62,1.43,0,,sanglier_2022,10.57745/BUJORT,282f5076857dd4f8ca38089a6d499909,Analyses!94,Inoculation!101,MBE[0],0,,Events!2,,False
BRL,,63.21,9,9,tf,II.7,BRL_MBE,MBE[1],1,1,No,No,Homemade,High,No,,,,7.7,,,18.03,,,0.374,0.284,0,0,0,0,0,0,,sanglier_2022,10.57745/BUJORT,282f5076857dd4f8ca38089a6d499909,Analyses!95,Inoculation!102,MBE[1],0.38179229402759945,,Events!2,,False
BRL,,63.21,9,9,tf,II.8,BRL_MBE,MBE[1],2,1,No,No,Homemade,High,No,,,,7.7,,,,9.81256890848953,78.0898876404494,,,,,,,,,,sanglier_2022,10.57745/BUJORT,282f5076857dd4f8ca38089a6d499909,Analyses!96,Inoculation!103,MBE[1],0.38179229402759945,,Events!2,,False
BRL,,63.21,9,9,tf,II.9,BRL_MBE,MBE[1],3,1,No,No,Homemade,High,No,,,,,,,18.63,,,0.32,0.102,0,0,0,0,0,0,,sanglier_2022,10.57745/BUJORT,282f5076857dd4f8ca38089a6d499909,Analyses!97,Inoculation!104,MBE[1],0.38179229402759945,,Events!2,,False
BRL,,70.17,10,10,tf,II.10,BRL_MBE,MBE[2],1,2,No,No,Homemade,High,No,,,,7.6,2.625,0.0946979533620969,18.51,,,0.106,0,0,0,0,0,0,0,,sanglier_2022,10.57745/BUJORT,282f5076857dd4f8ca38089a6d499909,Analyses!98,Inoculation!117,MBE[2],0.7635845880551989,,Events!2;Events!3,,False
BRL,,70.17,10,10,tf,II.12,BRL_MBE,MBE[2],3,2,No,No,Homemade,High,No,,,,7.7,2.541,0.114820886845689,18.09,,,0.12,0,0,0,0,0,0,0,,sanglier_2022,10.57745/BUJORT,282f5076857dd4f8ca38089a6d499909,Analyses!99,Inoculation!119,MBE[2],0.7635845880551989,,Events!2;Events!3,,False
BRL,,70.17,10,10,tf,II.13,BRL_MBE,MBE[2]+,1,2,No,No,Homemade,High,No,,,,7.6,2.583,0.093325134999088,17.79,,,0.228,0,0,0,0,0,0,0,,sanglier_2022,10.57745/BUJORT,282f5076857dd4f8ca38089a6d499909,Analyses!100,Inoculation!120,MBE[2] +,0.7635845880551989,,Events!2;Events!3,,False
BRL,,70.17,10,10,tf,II.15,BRL_MBE,MBE[2]+,3,2,No,No,Homemade,High,No,,,,7.6,2.52,0.0912619685867753,18.03,,,0.3,0,0,0,0,0,0,0,,sanglier_2022,10.57745/BUJORT,282f5076857dd4f8ca38089a6d499909,Analyses!101,Inoculation!122,MBE[2] +,0.7635845880551989,,Events!2;Events!3,,False
BRL,,70.17,10,10,tf,II.4,BRL_MBE,MBE[0],1,0,No,No,Homemade,High,No,,,,7.4,3.045,0.0691340230046433,34.95,,,0.25,11.14,1.17,0,0,0.39,1.17,0,,sanglier_2022,10.57745/BUJORT,282f5076857dd4f8ca38089a6d499909,Analyses!102,Inoculation!111,MBE[0],0,,Events!2;Events!3,,False
BRL,,70.17,10,10,tf,II.6,BRL_MBE,MBE[0],3,0,No,No,Homemade,High,No,,,,7.4,3.024,0.0687024645632463,35.82,,,0.23,13.642,0,0,0,0.25,1.36,0,,sanglier_2022,10.57745/BUJORT,282f5076857dd4f8ca38089a6d499909,Analyses!103,Inoculation!113,MBE[0],0,,Events!2;Events!3,,False
BRL,,70.17,10,10,tf,II.7,BRL_MBE,MBE[1],1,1,No,No,Homemade,High,No,,,,7.6,2.667,0.0960687297800038,18.3,,,0.078,0,0,0,0,0,0,0,,sanglier_2022,10.57745/BUJORT,282f5076857dd4f8ca38089a6d499909,Analyses!104,Inoculation!114,MBE[1],0.38179229402759945,,Events!2;Events!3,,False
BRL,,70.17,10,10,tf,II.9,BRL_MBE,MBE[1],3,1,No,No,Homemade,High,No,,,,7.7,2.625,0.118255399176888,18.99,,,0.11,0,0,0,0,0,0,0,,sanglier_2022,10.57745/BUJORT,282f5076857dd4f8ca38089a6d499909,Analyses!105,Inoculation!116,MBE[1],0.38179229402759945,,Events!2;Events!3,,False
BRL,,77.08,11,11,tf,II.10,BRL_MBE,MBE[2],1,2,No,No,Homemade,High,No,,,,,,,,,,0.212,1.41,0,0,0,0,0,0,,sanglier_2022,10.57745/BUJORT,282f5076857dd4f8ca38089a6d499909,Analyses!106,Inoculation!129,MBE[2],0.7635845880551989,3.11,Events!2;Events!3,,False
BRL,,77.08,11,11,tf,II.11,BRL_MBE,MBE[2],2,2,No,No,Homemade,High,No,,,,,,,,,,0.258,0,0,0,0,0,0,0,,sanglier_2022,10.57745/BUJORT,282f5076857dd4f8ca38089a6d499909,Analyses!107,Inoculation!130,MBE[2],0.7635845880551989,3.11,Events!2;Events!3,,False
BRL,,77.08,11,11,tf,II.13,BRL_MBE,MBE[2]+,1,2,Yes,No,Homemade,High,No,,,,,,,,,,0.216,1.472,0.148,0,0,0,0.148,0,,sanglier_2022,10.57745/BUJORT,282f5076857dd4f8ca38089a6d499909,Analyses!108,Inoculation!132,MBE[2] + N,0.7635845880551989,3.11,Events!2;Events!3,condition_label_disagreement,False
BRL,,77.08,11,11,tf,II.14,BRL_MBE,MBE[2]+,2,2,Yes,No,Homemade,High,No,,,,,,,,,,0.248,1.372,0,0,0,0,0.156,0,,sanglier_2022,10.57745/BUJORT,282f5076857dd4f8ca38089a6d499909,Analyses!109,Inoculation!133,MBE[2] + N,0.7635845880551989,3.11,Events!2;Events!3,condition_label_disagreement,False
BRL,,77.08,11,11,tf,II.4,BRL_MBE,MBE[0],1,0,No,No,Homemade,High,No,,,,,,,,,,0.32,10.632,0,0,0,0.206,1.268,0,,sanglier_2022,10.57745/BUJORT,282f5076857dd4f8ca38089a6d499909,Analyses!110,Inoculation!123,MBE[0],0,3.11,Events!2;Events!3,,False
BRL,,77.08,11,11,tf,II.5,BRL_MBE,MBE[0],2,0,No,No,Homemade,High,No,,,,,,,,,,0.394,13.934,0,0,0,0.162,1.664,0,,sanglier_2022,10.57745/BUJORT,282f5076857dd4f8ca38089a6d499909,Analyses!111,Inoculation!124,MBE[0],0,3.11,Events!2;Events!3,,False
BRL,,77.08,11,11,tf,II.7,BRL_MBE,MBE[1],1,1,No,No,Homemade,High,No,,,,,,,,,,0.248,1.794,0,0,0,0,0,0,,sanglier_2022,10.57745/BUJORT,282f5076857dd4f8ca38089a6d499909,Analyses!112,Inoculation!126,MBE[1],0.38179229402759945,3.11,Events!2;Events!3,,False
BRL,,77.08,11,11,tf,II.8,BRL_MBE,MBE[1],2,1,No,No,Homemade,High,No,,,,,,,,,,0.246,0.604,0,0,0,0,0,0,,sanglier_2022,10.57745/BUJORT,282f5076857dd4f8ca38089a6d499909,Analyses!113,Inoculation!127,MBE[1],0.38179229402759945,3.11,Events!2;Events!3,,False
BRL,,84.13,12,12,tf,II.10,BRL_MBE,MBE[2],1,2,No,No,Homemade,High,No,,,,,,,,,,0.178,0,0,0,0,0,0,0,,sanglier_2022,10.57745/BUJORT,282f5076857dd4f8ca38089a6d499909,Analyses!114,Inoculation!141,MBE[2],0.7635845880551989,0,Events!2;Events!3,,False
BRL,,84.13,12,12,tf,II.12,BRL_MBE,MBE[2],3,2,No,No,Homemade,High,No,,,,,,,,,,0.18,0,0,0,0,0,0,0,,sanglier_2022,10.57745/BUJORT,282f5076857dd4f8ca38089a6d499909,Analyses!115,Inoculation!143,MBE[2],0.7635845880551989,0,Events!2;Events!3,,False
BRL,,84.13,12,12,tf,II.13,BRL_MBE,MBE[2]+,1,2,Yes,No,Homemade,High,No,,,,,,,,,,0.14,2.008,0,0,0,0,0.07,0,,sanglier_2022,10.57745/BUJORT,282f5076857dd4f8ca38089a6d499909,Analyses!116,Inoculation!144,MBE[2] + N,0.7635845880551989,0.15,Events!2;Events!3,condition_label_disagreement,False
BRL,,84.13,12,12,tf,II.15,BRL_MBE,MBE[2]+,3,2,Yes,No,Homemade,High,No,,,,,,,,,,0.288,2.034,0,0,0,0.158,0.084,0,,sanglier_2022,10.57745/BUJORT,282f5076857dd4f8ca38089a6d499909,Analyses!117,Inoculation!146,MBE[2] + N,0.7635845880551989,0.15,Events!2;Events!3,condition_label_disagreement,False
BRL,,84.13,12,12,tf,II.4,BRL_MBE,MBE[0],1,0,No,No,Homemade,High,No,,,,,,,,,,0.456,10.404,0,0,0,0.154,1.48,0,,sanglier_2022,10.57745/BUJORT,282f5076857dd4f8ca38089a6d499909,Analyses!118,Inoculation!135,MBE[0],0,0,Events!2;Events!3,,False
BRL,,84.13,12,12,tf,II.6,BRL_MBE,MBE[0],3,0,No,No,Homemade,High,No,,,,,,,,,,0.43,11.668,0,0,0,0.1,1.554,0,,sanglier_2022,10.57745/BUJORT,282f5076857dd4f8ca38089a6d499909,Analyses!119,Inoculation!137,MBE[0],0,0,Events!2;Events!3,,False
BRL,,84.13,12,12,tf,II.7,BRL_MBE,MBE[1],1,1,No,No,Homemade,High,No,,,,,,,,,,0.212,2.454,0,0,0,0.048,0,0,,sanglier_2022,10.57745/BUJORT,282f5076857dd4f8ca38089a6d499909,Analyses!120,Inoculation!138,MBE[1],0.38179229402759945,0,Events!2;Events!3,,False
BRL,,84.13,12,12,tf,II.9,BRL_MBE,MBE[1],3,1,No,No,Homemade,High,No,,,,,,,,,,0.18,0.054,0,0,0,0,0,0,,sanglier_2022,10.57745/BUJORT,282f5076857dd4f8ca38089a6d499909,Analyses!121,Inoculation!140,MBE[1],0.38179229402759945,0,Events!2;Events!3,,False
BRL,,91,13,13,tf,II.10,BRL_MBE,MBE[2],1,2,No,No,Homemade,High,No,,,,,,,1122.855,,,0.214,0,0,0,0,0,0,0,,sanglier_2022,10.57745/BUJORT,282f5076857dd4f8ca38089a6d499909,Analyses!122,Inoculation!153,MBE[2],0.7635845880551989,0,Events!2;Events!3,,False
BRL,,91,13,13,tf,II.11,BRL_MBE,MBE[2],2,2,No,No,Homemade,High,No,,,,,,,1175.745,,,0.242,0.202,0,0,0,0,0,0,,sanglier_2022,10.57745/BUJORT,282f5076857dd4f8ca38089a6d499909,Analyses!123,Inoculation!154,MBE[2],0.7635845880551989,0,Events!2;Events!3,,False
BRL,,91,13,13,tf,II.13,BRL_MBE,MBE[2]+,1,2,Yes,No,Homemade,High,No,,,,,,,2027.685,,,0.286,0.704,0,0,0,0.054,0,0,,sanglier_2022,10.57745/BUJORT,282f5076857dd4f8ca38089a6d499909,Analyses!124,Inoculation!156,MBE[2] + N,0.7635845880551989,0.4166107951267629,Events!2;Events!3,condition_label_disagreement,False
BRL,,91,13,13,tf,II.14,BRL_MBE,MBE[2]+,2,2,Yes,No,Homemade,High,No,,,,,,,2006.85,,,0.282,1.088,0,0,0,0,0,0,,sanglier_2022,10.57745/BUJORT,282f5076857dd4f8ca38089a6d499909,Analyses!125,Inoculation!157,MBE[2] + N,0.7635845880551989,0.4166107951267629,Events!2;Events!3,condition_label_disagreement,False
BRL,,91,13,13,tf,II.4,BRL_MBE,MBE[0],1,0,No,No,Homemade,High,No,,,,,,,1321.95,,,0.348,11.212,1.734,0.176,0.63,0.298,1.734,0,,sanglier_2022,10.57745/BUJORT,282f5076857dd4f8ca38089a6d499909,Analyses!126,Inoculation!147,MBE[0],0,0,Events!2;Events!3,,False
BRL,,91,13,13,tf,II.5,BRL_MBE,MBE[0],2,0,No,No,Homemade,High,No,,,,,,,1309.485,,,0.434,11.69,0.038,0.246,0,0.432,1.824,0,,sanglier_2022,10.57745/BUJORT,282f5076857dd4f8ca38089a6d499909,Analyses!127,Inoculation!148,MBE[0],0,0,Events!2;Events!3,,False
BRL,,91,13,13,tf,II.7,BRL_MBE,MBE[1],1,1,No,No,Homemade,High,No,,,,,,,1186.44,,,0.142,0,0,0,0,0,0,0,,sanglier_2022,10.57745/BUJORT,282f5076857dd4f8ca38089a6d499909,Analyses!128,Inoculation!150,MBE[1],0.38179229402759945,0,Events!2;Events!3,,False
BRL,,91,13,13,tf,II.8,BRL_MBE,MBE[1],2,1,No,No,Homemade,High,No,,,,,,,1154.31,,,0.112,0,0,0,0,0,0,0,,sanglier_2022,10.57745/BUJORT,282f5076857dd4f8ca38089a6d499909,Analyses!129,Inoculation!151,MBE[1],0.38179229402759945,0,Events!2;Events!3,,False
LBE,2020-11-24T17:00:00,0,1,1,t0,IV.1,LBE_MBE,[0],1,0,No,No,Homemade,Low,No,251.541,1.583,249.958,,,,,,,1.3965,0.4335,0.0725,0.0375,0.0955,0,0,0.016,,sanglier_2022,10.57745/BUJORT,282f5076857dd4f8ca38089a6d499909,Analyses!130,Inoculation!171,[0],0,,Events!8;Events!9,,False
LBE,2020-11-24T17:00:00,0,1,1,t0,IV.2,LBE_MBE,[0],2,0,No,No,Homemade,Low,No,250.193,1.349,248.844,,,,,,,1.3965,0.4335,0.0725,0.0375,0.0955,0,0,0.016,,sanglier_2022,10.57745/BUJORT,282f5076857dd4f8ca38089a6d499909,Analyses!131,Inoculation!172,[0],0,,Events!8;Events!9,,False
LBE,2020-11-24T17:00:00,0,1,1,t0,IV.3,LBE_MBE,[0],3,0,No,No,Homemade,Low,No,250.185,1.5,248.685,,,,,,,1.3965,0.4335,0.0725,0.0375,0.0955,0,0,0.016,,sanglier_2022,10.57745/BUJORT,282f5076857dd4f8ca38089a6d499909,Analyses!132,Inoculation!173,[0],0,,Events!8;Events!9,,False
LBE,2020-11-24T17:00:00,0,1,1,t0,IV.4,LBE_MBE,[1],1,1,No,No,Homemade,Low,No,252.798,1.397,251.401,,,,,,,1.3965,0.4335,0.0725,0.0375,0.0955,0,0,0.016,,sanglier_2022,10.57745/BUJORT,282f5076857dd4f8ca38089a6d499909,Analyses!133,Inoculation!174,[1],2.5,,Events!8;Events!9,,False
LBE,2020-11-24T17:00:00,0,1,1,t0,IV.5,LBE_MBE,[1],2,1,No,No,Homemade,Low,No,254.248,1.293,252.954999999999,,,,,,,1.3965,0.4335,0.0725,0.0375,0.0955,0,0,0.016,,sanglier_2022,10.57745/BUJORT,282f5076857dd4f8ca38089a6d499909,Analyses!134,Inoculation!175,[1],2.5,,Events!8;Events!9,,False
LBE,2020-11-24T17:00:00,0,1,1,t0,IV.6,LBE_MBE,[1],3,1,No,No,Homemade,Low,No,253.139,1.743,251.396,,,,,,,1.3965,0.4335,0.0725,0.0375,0.0955,0,0,0.016,,sanglier_2022,10.57745/BUJORT,282f5076857dd4f8ca38089a6d499909,Analyses!135,Inoculation!176,[1],2.5,,Events!8;Events!9,,False
LBE,2020-11-24T17:00:00,0,1,1,t0,IV.7,LBE_MBE,[2],1,2,No,No,Homemade,Low,No,255.440999999999,1.798,253.642999999999,,,,,,,1.3965,0.4335,0.0725,0.0375,0.0955,0,0,0.016,,sanglier_2022,10.57745/BUJORT,282f5076857dd4f8ca38089a6d499909,Analyses!136,Inoculation!177,[2],5,,Events!8;Events!9,,False
LBE,2020-11-24T17:00:00,0,1,1,t0,IV.8,LBE_MBE,[2],2,2,No,No,Homemade,Low,No,255.103,0.985,254.118,,,,,,,1.3965,0.4335,0.0725,0.0375,0.0955,0,0,0.016,,sanglier_2022,10.57745/BUJORT,282f5076857dd4f8ca38089a6d499909,Analyses!137,Inoculation!178,[2],5,,Events!8;Events!9,,False
LBE,2020-11-24T17:00:00,0,1,1,t0,IV.9,LBE_MBE,[2],3,2,No,No,Homemade,Low,No,255.231,1.95,253.281,,,,,,,1.3965,0.4335,0.0725,0.0375,0.0955,0,0,0.016,,sanglier_2022,10.57745/BUJORT,282f5076857dd4f8ca38089a6d499909,Analyses!138,Inoculation!179,[2],5,,Events!8;Events!9,,False
LBE,2020-11-24T17:00:00,0,1,1,t0,IV.10,LBE_MBE,[1]+,1,1,No,No,Homemade,Low,No,252.111,1.663,250.447999999999,,,,,,,1.3965,0.4335,0.0725,0.0375,0.0955,0,0,0.016,,sanglier_2022,10.57745/BUJORT,282f5076857dd4f8ca38089a6d499909,Analyses!139,Inoculation!180,[1]+,2.5,,Events!8;Events!9,,False
LBE,2020-11-24T17:00:00,0,1,1,t0,IV.11,LBE_MBE,[1]+,2,1,No,No,Homemade,Low,No,252.637,1.252,251.385,,,,,,,1.3965,0.4335,0.0725,0.0375,0.0955,0,0,0.016,,sanglier_2022,10.57745/BUJORT,282f5076857dd4f8ca38089a6d499909,Analyses!140,Inoculation!181,[1]+,2.5,,Events!8;Events!9,,False
LBE,2020-11-24T17:00:00,0,1,1,t0,IV.12,LBE_MBE,[1]+,3,1,No,No,Homemade,Low,No,252.9828,1.66,251.3228,,,,,,,1.3965,0.4335,0.0725,0.0375,0.0955,0,0,0.016,,sanglier_2022,10.57745/BUJORT,282f5076857dd4f8ca38089a6d499909,Analyses!141,Inoculation!182,[1]+,2.5,,Events!8;Events!9,,False
LBE,2020-11-24T17:00:00,0,1,1,t0,IV.13,LBE_MBE,[2]+,1,2,No,No,Homemade,Low,No,254.284,1.67,252.614,,,,,,,1.3965,0.4335,0.0725,0.0375,0.0955,0,0,0.016,,sanglier_2022,10.57745/BUJORT,282f5076857dd4f8ca38089a6d499909,Analyses!142,Inoculation!183,[2]+,5,,Events!8;Events!9,,False
LBE,2020-11-24T17:00:00,0,1,1,t0,IV.14,LBE_MBE,[2]+,2,2,No,No,Homemade,Low,No,255.194,2.05199999999999,253.142,,,,,,,1.3965,0.4335,0.0725,0.0375,0.0955,0,0,0.016,,sanglier_2022,10.57745/BUJORT,282f5076857dd4f8ca38089a6d499909,Analyses!143,Inoculation!184,[2]+,5,,Events!8;Events!9,,False
LBE,2020-11-24T17:00:00,0,1,1,t0,IV.15,LBE_MBE,[2]+,3,2,No,No,Homemade,Low,No,255.213,2.109,253.103999999999,,,,,,,1.3965,0.4335,0.0725,0.0375,0.0955,0,0,0.016,,sanglier_2022,10.57745/BUJORT,282f5076857dd4f8ca38089a6d499909,Analyses!144,Inoculation!185,[2]+,5,,Events!8;Events!9,,False
LBE,2020-11-27T16:00:00,2.95833333332848,1,1,t3,IV.1,LBE_MBE,[0],1,0,No,No,Homemade,Low,No,249.958,4.49199999999999,245.466,7.67,,,,,,9.987,1.55,0.276,0.615,0.41,0.023,0,0.058,,sanglier_2022,10.57745/BUJORT,282f5076857dd4f8ca38089a6d499909,Analyses!145,Inoculation!171,[0],0,,Events!8;Events!9,,False
LBE,2020-11-27T16:00:00,2.95833333332848,1,1,t3,IV.2,LBE_MBE,[0],2,0,No,No,Homemade,Low,No,248.844,4.705,244.139,7.64,,,,,,10.101,1.508,0.273,0.594,0.413,0,0,0.057,,sanglier_2022,10.57745/BUJORT,282f5076857dd4f8ca38089a6d499909,Analyses!146,Inoculation!172,[0],0,,Events!8;Events!9,,False
LBE,2020-11-27T16:00:00,2.95833333332848,1,1,t3,IV.3,LBE_MBE,[0],3,0,No,No,Homemade,Low,No,248.685,4.84499999999999,243.84,7.46,,,,,,10.73,1.598,0.276,0.582,0.409,0.023,0,0.055,,sanglier_2022,10.57745/BUJORT,282f5076857dd4f8ca38089a6d499909,Analyses!147,Inoculation!173,[0],0,,Events!8;Events!9,,False
LBE,2020-11-27T16:00:00,2.95833333332848,1,1,t3,IV.4,LBE_MBE,[1],1,1,No,No,Homemade,Low,No,251.401,4.72599999999999,246.675,7.73,,,,,,10.743,1.617,0.292,0.662,0.446,0.028,0,0.08,,sanglier_2022,10.57745/BUJORT,282f5076857dd4f8ca38089a6d499909,Analyses!148,Inoculation!174,[1],2.5,,Events!8;Events!9,,False
LBE,2020-11-27T16:00:00,2.95833333332848,1,1,t3,IV.5,LBE_MBE,[1],2,1,No,No,Homemade,Low,No,252.954999999999,4.66499999999999,248.29,7.55,,,,,,10.31,1.655,0.287,0.628,0.436,0.031,0,0.082,,sanglier_2022,10.57745/BUJORT,282f5076857dd4f8ca38089a6d499909,Analyses!149,Inoculation!175,[1],2.5,,Events!8;Events!9,,False
LBE,2020-11-27T16:00:00,2.95833333332848,1,1,t3,IV.6,LBE_MBE,[1],3,1,No,No,Homemade,Low,No,251.396,5.02499999999999,246.371,7.74,,,,,,10.448,1.635,0.28,0.599,0.44,0,0,0.079,,sanglier_2022,10.57745/BUJORT,282f5076857dd4f8ca38089a6d499909,Analyses!150,Inoculation!176,[1],2.5,,Events!8;Events!9,,False
LBE,2020-11-27T16:00:00,2.95833333332848,1,1,t3,IV.7,LBE_MBE,[2],1,2,No,No,Homemade,Low,No,253.642999999999,4.801,248.841999999999,7.62,,,,,,9.789,1.441,0.257,0.616,0.386,0.035,0,0.086,,sanglier_2022,10.57745/BUJORT,282f5076857dd4f8ca38089a6d499909,Analyses!151,Inoculation!177,[2],5,,Events!8;Events!9,,False
LBE,2020-11-27T16:00:00,2.95833333332848,1,1,t3,IV.8,LBE_MBE,[2],2,2,No,No,Homemade,Low,No,254.118,4.934,249.184,7.64,,,,,,10.445,1.573,0.273,0.63,0.408,0,0,0.086,,sanglier_2022,10.57745/BUJORT,282f5076857dd4f8ca38089a6d499909,Analyses!152,Inoculation!178,[2],5,,Events!8;Events!9,,False
LBE,2020-11-27T16:00:00,2.95833333332848,1,1,t3,IV.9,LBE_MBE,[2],3,2,No,No,Homemade,Low,No,253.281,5.22199999999999,248.059,7.7,,,,,,10.906,1.637,0.293,0.681,0.436,0.032,0,0.087,,sanglier_2022,10.57745/BUJORT,282f5076857dd4f8ca38089a6d499909,Analyses!153,Inoculation!179,[2],5,,Events!8;Events!9,,False
LBE,2020-11-27T16:00:00,2.95833333332848,1,1,t3,IV.10,LBE_MBE,[1]+,1,1,No,No,Homemade,Low,No,250.447999999999,4.411,246.036999999999,7.93,,,,,,10.077,1.528,0.273,0.572,0.414,0.03,0,0.08,,sanglier_2022,10.57745/BUJORT,282f5076857dd4f8ca38089a6d499909,Analyses!154,Inoculation!180,[1]+,2.5,,Events!8;Events!9,,False
LBE,2020-11-27T16:00:00,2.95833333332848,1,1,t3,IV.11,LBE_MBE,[1]+,2,1,No,No,Homemade,Low,No,251.385,4.695,246.69,7.6,,,,,,10.421,1.587,0.282,0.632,0.428,0.031,0,0.083,,sanglier_2022,10.57745/BUJORT,282f5076857dd4f8ca38089a6d499909,Analyses!155,Inoculation!181,[1]+,2.5,,Events!8;Events!9,,False
LBE,2020-11-27T16:00:00,2.95833333332848,1,1,t3,IV.12,LBE_MBE,[1]+,3,1,No,No,Homemade,Low,No,251.3228,4.571,246.7518,7.59,,,,,,10.211,1.52,0.275,0.597,0.418,0.028,0,0.081,,sanglier_2022,10.57745/BUJORT,282f5076857dd4f8ca38089a6d499909,Analyses!156,Inoculation!182,[1]+,2.5,,Events!8;Events!9,,False
LBE,2020-11-27T16:00:00,2.95833333332848,1,1,t3,IV.13,LBE_MBE,[2]+,1,2,No,No,Homemade,Low,No,252.614,4.88899999999999,247.725,7.62,,,,,,9.761,1.439,0.258,0.611,0.386,0.038,0,0.084,,sanglier_2022,10.57745/BUJORT,282f5076857dd4f8ca38089a6d499909,Analyses!157,Inoculation!183,[2]+,5,,Events!8;Events!9,,False
LBE,2020-11-27T16:00:00,2.95833333332848,1,1,t3,IV.14,LBE_MBE,[2]+,2,2,No,No,Homemade,Low,No,253.142,4.65599999999999,248.486,7.7,,,,,,9.38,1.41,0.26,0.59,0.394,0.037,0,0.091,,sanglier_2022,10.57745/BUJORT,282f5076857dd4f8ca38089a6d499909,Analyses!158,Inoculation!184,[2]+,5,,Events!8;Events!9,,False
LBE,2020-11-27T16:00:00,2.95833333332848,1,1,t3,IV.15,LBE_MBE,[2]+,3,2,No,No,Homemade,Low,No,253.103999999999,4.766,248.338,7.64,,,,,,10.888,1.598,0.29,0.676,0.424,0.05,0,0.084,,sanglier_2022,10.57745/BUJORT,282f5076857dd4f8ca38089a6d499909,Analyses!159,Inoculation!185,[2]+,5,,Events!8;Events!9,,False
LBE,2020-11-30T10:30:00,5.72916666666424,1,1,t6,IV.1,LBE_MBE,[0],1,0,No,No,Homemade,Low,No,245.466,4.691,240.775,8.02,,,,,,9.706,2.144,0.378,0.856,0.56,0.064,0,0.142,,sanglier_2022,10.57745/BUJORT,282f5076857dd4f8ca38089a6d499909,Analyses!160,Inoculation!171,[0],0,,Events!8;Events!9,,False
LBE,2020-11-30T10:30:00,5.72916666666424,1,1,t6,IV.2,LBE_MBE,[0],2,0,No,No,Homemade,Low,No,244.139,4.706,239.433,7.99,,,,,,9.448,1.996,0.366,0.838,0.552,0.058,0,0.154,,sanglier_2022,10.57745/BUJORT,282f5076857dd4f8ca38089a6d499909,Analyses!161,Inoculation!172,[0],0,,Events!8;Events!9,,False
LBE,2020-11-30T10:30:00,5.72916666666424,1,1,t6,IV.3,LBE_MBE,[0],3,0,No,No,Homemade,Low,No,243.84,4.701,239.139,7.97,,,,,,9.99,2.086,0.384,0.848,0.554,0,0,0.11,,sanglier_2022,10.57745/BUJORT,282f5076857dd4f8ca38089a6d499909,Analyses!162,Inoculation!173,[0],0,,Events!8;Events!9,,False
LBE,2020-11-30T10:30:00,5.72916666666424,1,1,t6,IV.4,LBE_MBE,[1],1,1,No,No,Homemade,Low,No,246.675,4.833,241.842,8.08,,,,,,7.943,1.875,0.332,0.775,0.509,0.066,0,0.132,,sanglier_2022,10.57745/BUJORT,282f5076857dd4f8ca38089a6d499909,Analyses!163,Inoculation!174,[1],2.5,,Events!8;Events!9,,False
LBE,2020-11-30T10:30:00,5.72916666666424,1,1,t6,IV.5,LBE_MBE,[1],2,1,No,No,Homemade,Low,No,248.29,4.54999999999999,243.739999999999,8.03,,,,,,7.902,1.911,0.325,0.765,0.495,0.069,0,0.137,,sanglier_2022,10.57745/BUJORT,282f5076857dd4f8ca38089a6d499909,Analyses!164,Inoculation!175,[1],2.5,,Events!8;Events!9,,False
LBE,2020-11-30T10:30:00,5.72916666666424,1,1,t6,IV.6,LBE_MBE,[1],3,1,No,No,Homemade,Low,No,246.371,5.019,241.352,8.06,,,,,,7.674,1.832,0.312,0.707,0.488,0.066,0,0.183,,sanglier_2022,10.57745/BUJORT,282f5076857dd4f8ca38089a6d499909,Analyses!165,Inoculation!176,[1],2.5,,Events!8;Events!9,,False
LBE,2020-11-30T10:30:00,5.72916666666424,1,1,t6,IV.7,LBE_MBE,[2],1,2,No,No,Homemade,Low,No,248.841999999999,4.745,244.096999999999,8.02,,,,,,8.85,2.082,0.347,0.85,0.52,0.089,0,0.143,,sanglier_2022,10.57745/BUJORT,282f5076857dd4f8ca38089a6d499909,Analyses!166,Inoculation!177,[2],5,,Events!8;Events!9,,False
LBE,2020-11-30T10:30:00,5.72916666666424,1,1,t6,IV.8,LBE_MBE,[2],2,2,No,No,Homemade,Low,No,249.184,5.31899999999999,243.865,8.06,,,,,,8.766,2.041,0.342,0.811,0.518,0.086,0,0.191,,sanglier_2022,10.57745/BUJORT,282f5076857dd4f8ca38089a6d499909,Analyses!167,Inoculation!178,[2],5,,Events!8;Events!9,,False
LBE,2020-11-30T10:30:00,5.72916666666424,1,1,t6,IV.9,LBE_MBE,[2],3,2,No,No,Homemade,Low,No,248.059,5.092,242.966999999999,8.05,,,,,,8.509,1.889,0.335,0.872,0.501,0.076,0,0.135,,sanglier_2022,10.57745/BUJORT,282f5076857dd4f8ca38089a6d499909,Analyses!168,Inoculation!179,[2],5,,Events!8;Events!9,,False
LBE,2020-11-30T10:30:00,5.72916666666424,1,1,t6,IV.10,LBE_MBE,[1]+,1,1,No,No,Homemade,Low,No,246.036999999999,4.64,241.397,8.11,,,,,,8.775,2.07,0.351,0.804,0.538,0.086,0,0.238,,sanglier_2022,10.57745/BUJORT,282f5076857dd4f8ca38089a6d499909,Analyses!169,Inoculation!180,[1]+,2.5,,Events!8;Events!9,,False
LBE,2020-11-30T10:30:00,5.72916666666424,1,1,t6,IV.11,LBE_MBE,[1]+,2,1,No,No,Homemade,Low,No,246.69,4.718,241.972,8.06,,,,,,9.483,2.28,0.393,0.92,0.596,0.089,0,0.171,,sanglier_2022,10.57745/BUJORT,282f5076857dd4f8ca38089a6d499909,Analyses!170,Inoculation!181,[1]+,2.5,,Events!8;Events!9,,False
LBE,2020-11-30T10:30:00,5.72916666666424,1,1,t6,IV.12,LBE_MBE,[1]+,3,1,No,No,Homemade,Low,No,246.7518,4.788,241.9638,8.12,,,,,,8.306,1.934,0.352,0.828,0.532,0.076,0,0.124,,sanglier_2022,10.57745/BUJORT,282f5076857dd4f8ca38089a6d499909,Analyses!171,Inoculation!182,[1]+,2.5,,Events!8;Events!9,,False
LBE,2020-11-30T10:30:00,5.72916666666424,1,1,t6,IV.13,LBE_MBE,[2]+,1,2,No,No,Homemade,Low,No,247.725,4.83099999999999,242.894,8.01,,,,,,8.154,1.948,0.356,0.784,0.514,0.088,0,0.11,,sanglier_2022,10.57745/BUJORT,282f5076857dd4f8ca38089a6d499909,Analyses!172,Inoculation!183,[2]+,5,,Events!8;Events!9,,False
LBE,2020-11-30T10:30:00,5.72916666666424,1,1,t6,IV.14,LBE_MBE,[2]+,2,2,No,No,Homemade,Low,No,248.486,5.084,243.402,8.03,,,,,,7.93,1.858,0.338,0.784,0.516,0.096,0,0.124,,sanglier_2022,10.57745/BUJORT,282f5076857dd4f8ca38089a6d499909,Analyses!173,Inoculation!184,[2]+,5,,Events!8;Events!9,,False
LBE,2020-11-30T10:30:00,5.72916666666424,1,1,t6,IV.15,LBE_MBE,[2]+,3,2,No,No,Homemade,Low,No,248.338,5.042,243.296,8.04,,,,,,8.308,1.998,0.352,0.81,0.524,0.104,0,0.124,,sanglier_2022,10.57745/BUJORT,282f5076857dd4f8ca38089a6d499909,Analyses!174,Inoculation!185,[2]+,5,,Events!8;Events!9,,False
LBE,2020-12-04T16:30:00,9.97916666666424,1,1,t10,IV.1,LBE_MBE,[0],1,0,No,No,Homemade,Low,No,240.775,4.26499999999999,236.51,8.13,,,,,,6.29,2.396,0.458,0.47,0.742,0.152,0,0,,sanglier_2022,10.57745/BUJORT,282f5076857dd4f8ca38089a6d499909,Analyses!175,Inoculation!171,[0],0,,Events!8;Events!9,,False
LBE,2020-12-04T16:30:00,9.97916666666424,1,1,t10,IV.2,LBE_MBE,[0],2,0,No,No,Homemade,Low,No,239.433,4.545,234.888,8.2,,,,,,6.438,2.298,0.448,0.46,0.76,0.146,0,0,,sanglier_2022,10.57745/BUJORT,282f5076857dd4f8ca38089a6d499909,Analyses!176,Inoculation!172,[0],0,,Events!8;Events!9,,False
LBE,2020-12-04T16:30:00,9.97916666666424,1,1,t10,IV.3,LBE_MBE,[0],3,0,No,No,Homemade,Low,No,239.139,5.17399999999999,233.965,8.11,,,,,,6.29,2.386,0.454,0.564,0.758,0.134,0,0,,sanglier_2022,10.57745/BUJORT,282f5076857dd4f8ca38089a6d499909,Analyses!177,Inoculation!173,[0],0,,Events!8;Events!9,,False
LBE,2020-12-04T16:30:00,9.97916666666424,1,1,t10,IV.4,LBE_MBE,[1],1,1,No,No,Homemade,Low,No,241.842,5.057,236.785,8.15,,,,,,5.704,2.424,0.456,0.284,0.756,0.132,0,0,,sanglier_2022,10.57745/BUJORT,282f5076857dd4f8ca38089a6d499909,Analyses!178,Inoculation!174,[1],2.5,,Events!8;Events!9,,False
LBE,2020-12-04T16:30:00,9.97916666666424,1,1,t10,IV.5,LBE_MBE,[1],2,1,No,No,Homemade,Low,No,243.739999999999,5.274,238.465999999999,8.17,,,,,,5.494,2.472,0.446,0.17,0.74,0.1,0,0,,sanglier_2022,10.57745/BUJORT,282f5076857dd4f8ca38089a6d499909,Analyses!179,Inoculation!175,[1],2.5,,Events!8;Events!9,,False
LBE,2020-12-04T16:30:00,9.97916666666424,1,1,t10,IV.6,LBE_MBE,[1],3,1,No,No,Homemade,Low,No,241.352,5.21399999999999,236.138,8.22,,,,,,5.764,2.482,0.454,0.2,0.756,0.106,0,0,,sanglier_2022,10.57745/BUJORT,282f5076857dd4f8ca38089a6d499909,Analyses!180,Inoculation!176,[1],2.5,,Events!8;Events!9,,False
LBE,2020-12-04T16:30:00,9.97916666666424,1,1,t10,IV.7,LBE_MBE,[2],1,2,No,No,Homemade,Low,No,244.096999999999,4.767,239.329999999999,8.19,,,,,,4.228,2.456,0.51,0.096,0.734,0,0,0,,sanglier_2022,10.57745/BUJORT,282f5076857dd4f8ca38089a6d499909,Analyses!181,Inoculation!177,[2],5,,Events!8;Events!9,,False
LBE,2020-12-04T16:30:00,9.97916666666424,1,1,t10,IV.8,LBE_MBE,[2],2,2,No,No,Homemade,Low,No,243.865,5.45399999999999,238.411,8.24,,,,,,5.506,2.52,0.546,0.21,0.786,0.078,0,0,,sanglier_2022,10.57745/BUJORT,282f5076857dd4f8ca38089a6d499909,Analyses!182,Inoculation!178,[2],5,,Events!8;Events!9,,False
LBE,2020-12-04T16:30:00,9.97916666666424,1,1,t10,IV.9,LBE_MBE,[2],3,2,No,No,Homemade,Low,No,242.966999999999,5.197,237.769999999999,8.17,,,,,,5.466,2.424,0.56,0.212,0.782,0.082,0,0,,sanglier_2022,10.57745/BUJORT,282f5076857dd4f8ca38089a6d499909,Analyses!183,Inoculation!179,[2],5,,Events!8;Events!9,,False
LBE,2020-12-04T16:30:00,9.97916666666424,1,1,t10,IV.10,LBE_MBE,[1]+,1,1,No,No,Homemade,Low,No,241.397,4.949,236.447999999999,8.21,,,,,,4.812,2.156,0.394,0.148,0.638,0.074,0,0,,sanglier_2022,10.57745/BUJORT,282f5076857dd4f8ca38089a6d499909,Analyses!184,Inoculation!180,[1]+,2.5,,Events!8;Events!9,,False
LBE,2020-12-04T16:30:00,9.97916666666424,1,1,t10,IV.11,LBE_MBE,[1]+,2,1,No,No,Homemade,Low,No,241.972,4.872,237.1,8.23,,,,,,5.258,2.46,0.446,0.152,0.724,0.088,0,0,,sanglier_2022,10.57745/BUJORT,282f5076857dd4f8ca38089a6d499909,Analyses!185,Inoculation!181,[1]+,2.5,,Events!8;Events!9,,False
LBE,2020-12-04T16:30:00,9.97916666666424,1,1,t10,IV.12,LBE_MBE,[1]+,3,1,No,No,Homemade,Low,No,241.9638,5.363,236.6008,8.2,,,,,,5.15,2.346,0.524,0.222,0.798,0.104,0,0,,sanglier_2022,10.57745/BUJORT,282f5076857dd4f8ca38089a6d499909,Analyses!186,Inoculation!182,[1]+,2.5,,Events!8;Events!9,,False
LBE,2020-12-04T16:30:00,9.97916666666424,1,1,t10,IV.13,LBE_MBE,[2]+,1,2,No,No,Homemade,Low,No,242.894,5.349,237.545,8.21,,,,,,4.132,2.404,0.508,0.08,0.704,0,0,0,,sanglier_2022,10.57745/BUJORT,282f5076857dd4f8ca38089a6d499909,Analyses!187,Inoculation!183,[2]+,5,,Events!8;Events!9,,False
LBE,2020-12-04T16:30:00,9.97916666666424,1,1,t10,IV.14,LBE_MBE,[2]+,2,2,No,No,Homemade,Low,No,243.402,4.709,238.693,8.18,,,,,,4.118,2.242,0.502,0.096,0.704,0.092,0,0,,sanglier_2022,10.57745/BUJORT,282f5076857dd4f8ca38089a6d499909,Analyses!188,Inoculation!184,[2]+,5,,Events!8;Events!9,,False
LBE,2020-12-04T16:30:00,9.97916666666424,1,1,t10,IV.15,LBE_MBE,[2]+,3,2,No,No,Homemade,Low,No,243.296,5.135,238.161,8.22,,,,,,5.054,2.376,0.432,0.158,0.668,0.05,0,0,,sanglier_2022,10.57745/BUJORT,282f5076857dd4f8ca38089a6d499909,Analyses!189,Inoculation!185,[2]+,5,,Events!8;Events!9,,False
LBE,2020-12-08T12:00:00,13.7916666666642,1,1,tf,IV.1,LBE_MBE,[0],1,0,No,No,Homemade,Low,No,236.51,,236.51,8.46,6.08,,20.6,0.0401280683030954,0.0260405549626467,2.292,3.148,0.544,0,0.59,0,0,0,,sanglier_2022,10.57745/BUJORT,282f5076857dd4f8ca38089a6d499909,Analyses!190,Inoculation!171,[0],0,,Events!8;Events!9,,False
LBE,2020-12-08T12:00:00,13.7916666666642,1,1,tf,IV.2,LBE_MBE,[0],2,0,No,No,Homemade,Low,No,234.888,,234.888,8.4,5.46,,19.2,0.0404475043029259,0.0273666092943199,1.572,1.95,0.342,0,0.378,0,0,0,,sanglier_2022,10.57745/BUJORT,282f5076857dd4f8ca38089a6d499909,Analyses!191,Inoculation!172,[0],0,,Events!8;Events!9,,False
LBE,2020-12-08T12:00:00,13.7916666666642,1,1,tf,IV.3,LBE_MBE,[0],3,0,No,No,Homemade,Low,No,233.965,,233.965,8.42,5.64,,19.05,0.0414802765351784,0.0280601870679148,3.16,2.946,0.504,0,0.6,0,0,0,,sanglier_2022,10.57745/BUJORT,282f5076857dd4f8ca38089a6d499909,Analyses!192,Inoculation!173,[0],0,,Events!8;Events!9,,False
LBE,2020-12-08T12:00:00,13.7916666666642,1,1,tf,IV.4,LBE_MBE,[1],1,1,No,No,Homemade,Low,No,236.785,,236.785,8.47,4.98,,17.55,0.0455873758036232,0.0322910578609,1.046,3.198,0.536,0,0.542,0,0,0,,sanglier_2022,10.57745/BUJORT,282f5076857dd4f8ca38089a6d499909,Analyses!193,Inoculation!174,[1],2.5,,Events!8;Events!9,,False
LBE,2020-12-08T12:00:00,13.7916666666642,1,1,tf,IV.5,LBE_MBE,[1],2,1,No,No,Homemade,Low,No,238.465999999999,,238.465999999999,8.44,5.28,,16.95,0.0490940254652305,0.0321988246816848,1.236,4.416,0.753,0,0.747,0,0,0,,sanglier_2022,10.57745/BUJORT,282f5076857dd4f8ca38089a6d499909,Analyses!194,Inoculation!175,[1],2.5,,Events!8;Events!9,,False
LBE,2020-12-08T12:00:00,13.7916666666642,1,1,tf,IV.6,LBE_MBE,[1],3,1,No,No,Homemade,Low,No,236.138,,236.138,8.46,5.4,,16.6,0.048643037223788,0.034109446833753,0.858,3.038,0.504,0,0.508,0,0,0,,sanglier_2022,10.57745/BUJORT,282f5076857dd4f8ca38089a6d499909,Analyses!195,Inoculation!176,[1],2.5,,Events!8;Events!9,,False
LBE,2020-12-08T12:00:00,13.7916666666642,1,1,tf,IV.7,LBE_MBE,[2],1,2,No,No,Homemade,Low,No,239.329999999999,,239.329999999999,8.43,5.04,,16.2,0.0566326530612244,0.0406887755102039,0.728,3.066,0.5,0,0.484,0,0,0,,sanglier_2022,10.57745/BUJORT,282f5076857dd4f8ca38089a6d499909,Analyses!196,Inoculation!177,[2],5,,Events!8;Events!9,,False
LBE,2020-12-08T12:00:00,13.7916666666642,1,1,tf,IV.8,LBE_MBE,[2],2,2,No,No,Homemade,Low,No,238.411,,238.411,8.45,5.86,,16.9,0.0534867172675522,0.038069259962049,0.91,2.98,0.5,0,0.5,0,0,0,,sanglier_2022,10.57745/BUJORT,282f5076857dd4f8ca38089a6d499909,Analyses!197,Inoculation!178,[2],5,,Events!8;Events!9,,False
LBE,2020-12-08T12:00:00,13.7916666666642,1,1,tf,IV.9,LBE_MBE,[2],3,2,No,No,Homemade,Low,No,237.769999999999,,237.769999999999,8.39,5.84,,16.55,0.0483124506151932,0.0335252285811036,0.94,2.93,0.504,0,0.49,0,0,0,,sanglier_2022,10.57745/BUJORT,282f5076857dd4f8ca38089a6d499909,Analyses!198,Inoculation!179,[2],5,,Events!8;Events!9,,False
LBE,2020-12-08T12:00:00,13.7916666666642,1,1,tf,IV.10,LBE_MBE,[1]+,1,1,No,No,Homemade,Low,No,236.447999999999,,236.447999999999,8.44,5.56,,15.55,0.0527297388945416,0.0364530349270944,0.818,2.822,0.48,0,0.462,0,0,0,,sanglier_2022,10.57745/BUJORT,282f5076857dd4f8ca38089a6d499909,Analyses!199,Inoculation!180,[1]+,2.5,,Events!8;Events!9,,False
LBE,2020-12-08T12:00:00,13.7916666666642,1,1,tf,IV.11,LBE_MBE,[1]+,2,1,No,No,Homemade,Low,No,237.1,,237.1,8.46,5.48,,15.75,0.0520108859993948,0.0358330813426063,0.802,3.054,0.518,0,0.502,0,0,0,,sanglier_2022,10.57745/BUJORT,282f5076857dd4f8ca38089a6d499909,Analyses!200,Inoculation!181,[1]+,2.5,,Events!8;Events!9,,False
LBE,2020-12-08T12:00:00,13.7916666666642,1,1,tf,IV.12,LBE_MBE,[1]+,3,1,No,No,Homemade,Low,No,236.6008,,236.6008,8.43,5.5,,17.35,0.0479843771795231,0.0330590040451948,1,2.998,0.51,0,0.518,0,0,0,,sanglier_2022,10.57745/BUJORT,282f5076857dd4f8ca38089a6d499909,Analyses!201,Inoculation!182,[1]+,2.5,,Events!8;Events!9,,False
LBE,2020-12-08T12:00:00,13.7916666666642,1,1,tf,IV.13,LBE_MBE,[2]+,1,2,No,No,Homemade,Low,No,237.545,,237.545,8.41,5.6,,15.7,0.0557271195957334,0.0387422796181914,0.584,2.892,0.502,0,0.472,0,0,0,,sanglier_2022,10.57745/BUJORT,282f5076857dd4f8ca38089a6d499909,Analyses!202,Inoculation!183,[2]+,5,,Events!8;Events!9,,False
LBE,2020-12-08T12:00:00,13.7916666666642,1,1,tf,IV.14,LBE_MBE,[2]+,2,2,No,No,Homemade,Low,No,238.693,,238.693,8.4,5.66,,16.2,0.0497015470824706,0.0349616274820318,0.646,3.038,0.526,0,0.502,0,0,0,,sanglier_2022,10.57745/BUJORT,282f5076857dd4f8ca38089a6d499909,Analyses!203,Inoculation!184,[2]+,5,,Events!8;Events!9,,False
LBE,2020-12-08T12:00:00,13.7916666666642,1,1,tf,IV.15,LBE_MBE,[2]+,3,2,No,No,Homemade,Low,No,238.161,,238.161,8.39,5.66,,16.6,0.0599195710455768,0.0406166219839148,0.76,3.064,0.512,0,0.498,0,0,0,,sanglier_2022,10.57745/BUJORT,282f5076857dd4f8ca38089a6d499909,Analyses!204,Inoculation!185,[2]+,5,,Events!8;Events!9,,False
LBE,2020-12-08T16:30:00,13.9791666666642,2,3,t0,IV.1,LBE_MBE,[0],1,0,No,No,Homemade,Low,No,249.910271316133,,249.910271316133,,,,,,,,,,,,,,,,sanglier_2022,10.57745/BUJORT,282f5076857dd4f8ca38089a6d499909,Analyses!205,Inoculation!186,[0],0,,Events!8;Events!9,,False
LBE,2020-12-08T16:30:00,13.9791666666642,2,3,t0,IV.2,LBE_MBE,[0],2,0,No,No,Homemade,Low,No,250.280271316133,,250.280271316133,,,,,,,,,,,,,,,,sanglier_2022,10.57745/BUJORT,282f5076857dd4f8ca38089a6d499909,Analyses!206,Inoculation!187,[0],0,,Events!8;Events!9,,False
LBE,2020-12-08T16:30:00,13.9791666666642,2,3,t0,IV.3,LBE_MBE,[0],3,0,No,No,Homemade,Low,No,250.180271316132,,250.180271316132,,,,,,,,,,,,,,,,sanglier_2022,10.57745/BUJORT,282f5076857dd4f8ca38089a6d499909,Analyses!207,Inoculation!188,[0],0,,Events!8;Events!9,,False
LBE,2020-12-08T16:30:00,13.9791666666642,2,3,t0,IV.4,LBE_MBE,[1],1,1,No,No,Homemade,Low,No,250.290271316133,,250.290271316133,,,,,,,,,,,,,,,,sanglier_2022,10.57745/BUJORT,282f5076857dd4f8ca38089a6d499909,Analyses!208,Inoculation!189,[1],0.37,,Events!8;Events!9,,False
LBE,2020-12-08T16:30:00,13.9791666666642,2,3,t0,IV.5,LBE_MBE,[1],2,1,No,No,Homemade,Low,No,251.100271316133,,251.100271316133,,,,,,,,,,,,,,,,sanglier_2022,10.57745/BUJORT,282f5076857dd4f8ca38089a6d499909,Analyses!209,Inoculation!190,[1],0.37,,Events!8;Events!9,,False
LBE,2020-12-08T16:30:00,13.9791666666642,2,3,t0,IV.6,LBE_MBE,[1],3,1,No,No,Homemade,Low,No,251.510271316133,,251.510271316133,,,,,,,,,,,,,,,,sanglier_2022,10.57745/BUJORT,282f5076857dd4f8ca38089a6d499909,Analyses!210,Inoculation!191,[1],0.37,,Events!8;Events!9,,False
LBE,2020-12-08T16:30:00,13.9791666666642,2,3,t0,IV.7,LBE_MBE,[2],1,2,No,No,Homemade,Low,No,252.030271316132,,252.030271316132,,,,,,,,,,,,,,,,sanglier_2022,10.57745/BUJORT,282f5076857dd4f8ca38089a6d499909,Analyses!211,Inoculation!192,[2],0.75,,Events!8;Events!9,,False
LBE,2020-12-08T16:30:00,13.9791666666642,2,3,t0,IV.8,LBE_MBE,[2],2,2,No,No,Homemade,Low,No,250.710271316132,,250.710271316132,,,,,,,,,,,,,,,,sanglier_2022,10.57745/BUJORT,282f5076857dd4f8ca38089a6d499909,Analyses!212,Inoculation!193,[2],0.75,,Events!8;Events!9,,False
LBE,2020-12-08T16:30:00,13.9791666666642,2,3,t0,IV.9,LBE_MBE,[2],3,2,No,No,Homemade,Low,No,252.990271316132,,252.990271316132,,,,,,,,,,,,,,,,sanglier_2022,10.57745/BUJORT,282f5076857dd4f8ca38089a6d499909,Analyses!213,Inoculation!194,[2],0.75,,Events!8;Events!9,,False
LBE,2020-12-08T16:30:00,13.9791666666642,2,3,t0,IV.10,LBE_MBE,[1]+,1,1,No,No,Homemade,Low,No,250.700271316132,,250.700271316132,,,,,,,,,,,,,,,,sanglier_2022,10.57745/BUJORT,282f5076857dd4f8ca38089a6d499909,Analyses!214,Inoculation!195,[1]+,0.37,,Events!8;Events!9,,False
LBE,2020-12-08T16:30:00,13.9791666666642,2,3,t0,IV.11,LBE_MBE,[1]+,2,1,No,No,Homemade,Low,No,250.560271316132,,250.560271316132,,,,,,,,,,,,,,,,sanglier_2022,10.57745/BUJORT,282f5076857dd4f8ca38089a6d499909,Analyses!215,Inoculation!196,[1]+,0.37,,Events!8;Events!9,,False
LBE,2020-12-08T16:30:00,13.9791666666642,2,3,t0,IV.12,LBE_MBE,[1]+,3,1,No,No,Homemade,Low,No,251.170271316132,,251.170271316132,,,,,,,,,,,,,,,,sanglier_2022,10.57745/BUJORT,282f5076857dd4f8ca38089a6d499909,Analyses!216,Inoculation!197,[1]+,0.37,,Events!8;Events!9,,False
LBE,2020-12-08T16:30:00,13.9791666666642,2,3,t0,IV.13,LBE_MBE,[2]+,1,2,No,No,Homemade,Low,No,251.490271316132,,251.490271316132,,,,,,,,,,,,,,,,sanglier_2022,10.57745/BUJORT,282f5076857dd4f8ca38089a6d499909,Analyses!217,Inoculation!198,[2]+,0.75,,Events!8;Events!9,,False
LBE,2020-12-08T16:30:00,13.9791666666642,2,3,t0,IV.14,LBE_MBE,[2]+,2,2,No,No,Homemade,Low,No,251.390271316132,,251.390271316132,,,,,,,,,,,,,,,,sanglier_2022,10.57745/BUJORT,282f5076857dd4f8ca38089a6d499909,Analyses!218,Inoculation!199,[2]+,0.75,,Events!8;Events!9,,False
LBE,2020-12-08T16:30:00,13.9791666666642,2,3,t0,IV.15,LBE_MBE,[2]+,3,2,No,No,Homemade,Low,No,254.070271316132,,254.070271316132,,,,,,,,,,,,,,,,sanglier_2022,10.57745/BUJORT,282f5076857dd4f8ca38089a6d499909,Analyses!219,Inoculation!200,[2]+,0.75,,Events!8;Events!9,,False
LBE,2020-12-10T16:30:00,15.9791666666642,2,3,t2,IV.1,LBE_MBE,[0],1,0,No,No,Homemade,Low,No,249.910271316133,4.50099999999999,245.409271316133,7.76,,,,,,10.776,3.112,0.556,0.876,0.832,0.254,0,0.13,,sanglier_2022,10.57745/BUJORT,282f5076857dd4f8ca38089a6d499909,Analyses!220,Inoculation!186,[0],0,,Events!8;Events!9,,False
LBE,2020-12-10T16:30:00,15.9791666666642,2,3,t2,IV.2,LBE_MBE,[0],2,0,No,No,Homemade,Low,No,250.280271316133,4.892,245.388271316133,7.77,,,,,,9.794,2.724,0.492,0.89,0.748,0.23,0,0.114,,sanglier_2022,10.57745/BUJORT,282f5076857dd4f8ca38089a6d499909,Analyses!221,Inoculation!187,[0],0,,Events!8;Events!9,,False
LBE,2020-12-10T16:30:00,15.9791666666642,2,3,t2,IV.3,LBE_MBE,[0],3,0,No,No,Homemade,Low,No,250.180271316132,4.81,245.370271316132,7.75,,,,,,11.378,3.028,0.554,0.944,0.852,0.206,0,0.118,,sanglier_2022,10.57745/BUJORT,282f5076857dd4f8ca38089a6d499909,Analyses!222,Inoculation!188,[0],0,,Events!8;Events!9,,False
LBE,2020-12-10T16:30:00,15.9791666666642,2,3,t2,IV.4,LBE_MBE,[1],1,1,No,No,Homemade,Low,No,250.290271316133,4.768,245.522271316133,7.73,,,,,,9.798,3.198,0.662,0.934,0.906,0.252,0,0.118,,sanglier_2022,10.57745/BUJORT,282f5076857dd4f8ca38089a6d499909,Analyses!223,Inoculation!189,[1],0.37,,Events!8;Events!9,,False
LBE,2020-12-10T16:30:00,15.9791666666642,2,3,t2,IV.5,LBE_MBE,[1],2,1,No,No,Homemade,Low,No,251.100271316133,4.894,246.206271316132,7.79,,,,,,9.44,3.082,0.656,0.93,0.804,0.264,0,0.106,,sanglier_2022,10.57745/BUJORT,282f5076857dd4f8ca38089a6d499909,Analyses!224,Inoculation!190,[1],0.37,,Events!8;Events!9,,False
LBE,2020-12-10T16:30:00,15.9791666666642,2,3,t2,IV.6,LBE_MBE,[1],3,1,No,No,Homemade,Low,No,251.510271316133,4.944,246.566271316133,7.87,,,,,,10.206,3.008,0.534,0.974,0.79,0.252,0,0.14,,sanglier_2022,10.57745/BUJORT,282f5076857dd4f8ca38089a6d499909,Analyses!225,Inoculation!191,[1],0.37,,Events!8;Events!9,,False
LBE,2020-12-10T16:30:00,15.9791666666642,2,3,t2,IV.7,LBE_MBE,[2],1,2,No,No,Homemade,Low,No,252.030271316132,4.977,247.053271316132,7.7,,,,,,10.12,3.048,0.54,1.038,0.788,0.21,0,0.152,,sanglier_2022,10.57745/BUJORT,282f5076857dd4f8ca38089a6d499909,Analyses!226,Inoculation!192,[2],0.75,,Events!8;Events!9,,False
LBE,2020-12-10T16:30:00,15.9791666666642,2,3,t2,IV.8,LBE_MBE,[2],2,2,No,No,Homemade,Low,No,250.710271316132,4.818,245.892271316132,7.81,,,,,,10.254,3.024,0.536,1.002,0.81,0.25,0,0.138,,sanglier_2022,10.57745/BUJORT,282f5076857dd4f8ca38089a6d499909,Analyses!227,Inoculation!193,[2],0.75,,Events!8;Events!9,,False
LBE,2020-12-10T16:30:00,15.9791666666642,2,3,t2,IV.9,LBE_MBE,[2],3,2,No,No,Homemade,Low,No,252.990271316132,4.909,248.081271316132,7.79,,,,,,10.734,3.062,0.554,1.052,0.83,0.216,0,0.15,,sanglier_2022,10.57745/BUJORT,282f5076857dd4f8ca38089a6d499909,Analyses!228,Inoculation!194,[2],0.75,,Events!8;Events!9,,False
LBE,2020-12-10T16:30:00,15.9791666666642,2,3,t2,IV.10,LBE_MBE,[1]+,1,1,No,No,Homemade,Low,No,250.700271316132,4.698,246.002271316132,7.76,,,,,,10.822,3.428,0.694,1.118,0.866,0.214,0,0,,sanglier_2022,10.57745/BUJORT,282f5076857dd4f8ca38089a6d499909,Analyses!229,Inoculation!195,[1]+,0.37,,Events!8;Events!9,,False
LBE,2020-12-10T16:30:00,15.9791666666642,2,3,t2,IV.11,LBE_MBE,[1]+,2,1,No,No,Homemade,Low,No,250.560271316132,4.89299999999999,245.667271316132,7.77,,,,,,10.364,3.374,0.706,1.036,0.836,0.262,0,0.108,,sanglier_2022,10.57745/BUJORT,282f5076857dd4f8ca38089a6d499909,Analyses!230,Inoculation!196,[1]+,0.37,,Events!8;Events!9,,False
LBE,2020-12-10T16:30:00,15.9791666666642,2,3,t2,IV.12,LBE_MBE,[1]+,3,1,No,No,Homemade,Low,No,251.170271316132,4.545,246.625271316133,7.69,,,,,,10.252,3.002,0.542,0.996,0.804,0.262,0,0.152,,sanglier_2022,10.57745/BUJORT,282f5076857dd4f8ca38089a6d499909,Analyses!231,Inoculation!197,[1]+,0.37,,Events!8;Events!9,,False
LBE,2020-12-10T16:30:00,15.9791666666642,2,3,t2,IV.13,LBE_MBE,[2]+,1,2,No,No,Homemade,Low,No,251.490271316132,4.442,247.048271316132,7.69,,,,,,9.806,2.924,0.516,1.004,0.744,0.232,0,0.15,,sanglier_2022,10.57745/BUJORT,282f5076857dd4f8ca38089a6d499909,Analyses!232,Inoculation!198,[2]+,0.75,,Events!8;Events!9,,False
LBE,2020-12-10T16:30:00,15.9791666666642,2,3,t2,IV.14,LBE_MBE,[2]+,2,2,No,No,Homemade,Low,No,251.390271316132,4.667,246.723271316132,7.66,,,,,,9.928,2.88,0.516,0.976,0.75,0.226,0,0.144,,sanglier_2022,10.57745/BUJORT,282f5076857dd4f8ca38089a6d499909,Analyses!233,Inoculation!199,[2]+,0.75,,Events!8;Events!9,,False
LBE,2020-12-10T16:30:00,15.9791666666642,2,3,t2,IV.15,LBE_MBE,[2]+,3,2,No,No,Homemade,Low,No,254.070271316132,4.935,249.135271316132,7.64,,,,,,10.14,2.982,0.522,1.014,0.782,0.212,0,0.144,,sanglier_2022,10.57745/BUJORT,282f5076857dd4f8ca38089a6d499909,Analyses!234,Inoculation!200,[2]+,0.75,,Events!8;Events!9,,False
LBE,2020-12-14T10:00:00,19.7083333333284,2,3,t6,IV.1,LBE_MBE,[0],1,0,No,No,Homemade,Low,No,245.409271316133,4.852,240.557271316132,8.3,,,,,,,,,,,,,,,sanglier_2022,10.57745/BUJORT,282f5076857dd4f8ca38089a6d499909,Analyses!235,Inoculation!186,[0],0,,Events!8;Events!9,,False
LBE,2020-12-14T10:00:00,19.7083333333284,2,3,t6,IV.2,LBE_MBE,[0],2,0,No,No,Homemade,Low,No,245.388271316133,4.75499999999999,240.633271316133,8.35,,,,,,,,,,,,,,,sanglier_2022,10.57745/BUJORT,282f5076857dd4f8ca38089a6d499909,Analyses!236,Inoculation!187,[0],0,,Events!8;Events!9,,False
LBE,2020-12-14T10:00:00,19.7083333333284,2,3,t6,IV.3,LBE_MBE,[0],3,0,No,No,Homemade,Low,No,245.370271316132,4.648,240.722271316132,8.37,,,,,,,,,,,,,,,sanglier_2022,10.57745/BUJORT,282f5076857dd4f8ca38089a6d499909,Analyses!237,Inoculation!188,[0],0,,Events!8;Events!9,,False
LBE,2020-12-14T10:00:00,19.7083333333284,2,3,t6,IV.4,LBE_MBE,[1],1,1,No,No,Homemade,Low,No,245.522271316133,4.808,240.714271316133,8.44,,,,,,,,,,,,,,,sanglier_2022,10.57745/BUJORT,282f5076857dd4f8ca38089a6d499909,Analyses!238,Inoculation!189,[1],0.37,,Events!8;Events!9,,False
LBE,2020-12-14T10:00:00,19.7083333333284,2,3,t6,IV.5,LBE_MBE,[1],2,1,No,No,Homemade,Low,No,246.206271316132,4.844,241.362271316133,8.39,,,,,,,,,,,,,,,sanglier_2022,10.57745/BUJORT,282f5076857dd4f8ca38089a6d499909,Analyses!239,Inoculation!190,[1],0.37,,Events!8;Events!9,,False
LBE,2020-12-14T10:00:00,19.7083333333284,2,3,t6,IV.6,LBE_MBE,[1],3,1,No,No,Homemade,Low,No,246.566271316133,4.992,241.574271316133,8.4,,,,,,,,,,,,,,,sanglier_2022,10.57745/BUJORT,282f5076857dd4f8ca38089a6d499909,Analyses!240,Inoculation!191,[1],0.37,,Events!8;Events!9,,False
LBE,2020-12-14T10:00:00,19.7083333333284,2,3,t6,IV.7,LBE_MBE,[2],1,2,No,No,Homemade,Low,No,247.053271316132,4.736,242.317271316132,8.42,,,,,,,,,,,,,,,sanglier_2022,10.57745/BUJORT,282f5076857dd4f8ca38089a6d499909,Analyses!241,Inoculation!192,[2],0.75,,Events!8;Events!9,,False
LBE,2020-12-14T10:00:00,19.7083333333284,2,3,t6,IV.8,LBE_MBE,[2],2,2,No,No,Homemade,Low,No,245.892271316132,5.015,240.877271316132,8.43,,,,,,,,,,,,,,,sanglier_2022,10.57745/BUJORT,282f5076857dd4f8ca38089a6d499909,Analyses!242,Inoculation!193,[2],0.75,,Events!8;Events!9,,False
LBE,2020-12-14T10:00:00,19.7083333333284,2,3,t6,IV.9,LBE_MBE,[2],3,2,No,No,Homemade,Low,No,248.081271316132,4.779,243.302271316133,8.36,,,,,,,,,,,,,,,sanglier_2022,10.57745/BUJORT,282f5076857dd4f8ca38089a6d499909,Analyses!243,Inoculation!194,[2],0.75,,Events!8;Events!9,,False
LBE,2020-12-14T10:00:00,19.7083333333284,2,3,t6,IV.10,LBE_MBE,[1]+,1,1,No,No,Homemade,Low,No,246.002271316132,4.84099999999999,241.161271316132,8.42,,,,,,,,,,,,,,,sanglier_2022,10.57745/BUJORT,282f5076857dd4f8ca38089a6d499909,Analyses!244,Inoculation!195,[1]+,0.37,,Events!8;Events!9,,False
LBE,2020-12-14T10:00:00,19.7083333333284,2,3,t6,IV.11,LBE_MBE,[1]+,2,1,No,No,Homemade,Low,No,245.667271316132,4.77499999999999,240.892271316132,8.4,,,,,,,,,,,,,,,sanglier_2022,10.57745/BUJORT,282f5076857dd4f8ca38089a6d499909,Analyses!245,Inoculation!196,[1]+,0.37,,Events!8;Events!9,,False
LBE,2020-12-14T10:00:00,19.7083333333284,2,3,t6,IV.12,LBE_MBE,[1]+,3,1,No,No,Homemade,Low,No,246.625271316133,5.26,241.365271316133,8.34,,,,,,,,,,,,,,,sanglier_2022,10.57745/BUJORT,282f5076857dd4f8ca38089a6d499909,Analyses!246,Inoculation!197,[1]+,0.37,,Events!8;Events!9,,False
LBE,2020-12-14T10:00:00,19.7083333333284,2,3,t6,IV.13,LBE_MBE,[2]+,1,2,No,No,Homemade,Low,No,247.048271316132,4.461,242.587271316132,8.34,,,,,,,,,,,,,,,sanglier_2022,10.57745/BUJORT,282f5076857dd4f8ca38089a6d499909,Analyses!247,Inoculation!198,[2]+,0.75,,Events!8;Events!9,,False
LBE,2020-12-14T10:00:00,19.7083333333284,2,3,t6,IV.14,LBE_MBE,[2]+,2,2,No,No,Homemade,Low,No,246.723271316132,5.125,241.598271316132,8.37,,,,,,,,,,,,,,,sanglier_2022,10.57745/BUJORT,282f5076857dd4f8ca38089a6d499909,Analyses!248,Inoculation!199,[2]+,0.75,,Events!8;Events!9,,False
LBE,2020-12-14T10:00:00,19.7083333333284,2,3,t6,IV.15,LBE_MBE,[2]+,3,2,No,No,Homemade,Low,No,249.135271316132,5.025,244.110271316132,8.32,,,,,,,,,,,,,,,sanglier_2022,10.57745/BUJORT,282f5076857dd4f8ca38089a6d499909,Analyses!249,Inoculation!200,[2]+,0.75,,Events!8;Events!9,,False
LBE,2020-12-15T10:00:00,20.7083333333284,2,3,tf,IV.1,LBE_MBE,[0],1,0,No,No,Homemade,Low,No,240.557271316132,,240.557271316132,8.29,4.98,,23.2,0.0432233204891946,0.0289830792427545,2.672,3.988,0.624,0,0.818,0,0,0,,sanglier_2022,10.57745/BUJORT,282f5076857dd4f8ca38089a6d499909,Analyses!250,Inoculation!186,[0],0,,Events!8;Events!9,,False
LBE,2020-12-15T10:00:00,20.7083333333284,2,3,tf,IV.2,LBE_MBE,[0],2,0,No,No,Homemade,Low,No,240.633271316133,,240.633271316133,8.28,5.14,,22.85,0.0431768042861646,0.028837062716673,2.334,4.308,0.648,0,0.824,0,0,0,,sanglier_2022,10.57745/BUJORT,282f5076857dd4f8ca38089a6d499909,Analyses!251,Inoculation!187,[0],0,,Events!8;Events!9,,False
LBE,2020-12-15T10:00:00,20.7083333333284,2,3,tf,IV.3,LBE_MBE,[0],3,0,No,No,Homemade,Low,No,240.722271316132,,240.722271316132,8.32,5.1,,24,0.0454124189063965,0.0308928019771397,3.126,4.252,0.65,0,0.918,0,0,0,,sanglier_2022,10.57745/BUJORT,282f5076857dd4f8ca38089a6d499909,Analyses!252,Inoculation!188,[0],0,,Events!8;Events!9,,False
LBE,2020-12-15T10:00:00,20.7083333333284,2,3,tf,IV.4,LBE_MBE,[1],1,1,No,No,Homemade,Low,No,240.714271316133,,240.714271316133,8.36,4.92,,21.95,0.0494023904382468,0.0347410358565737,1.342,4.312,0.654,0,0.768,0,0,0,,sanglier_2022,10.57745/BUJORT,282f5076857dd4f8ca38089a6d499909,Analyses!253,Inoculation!189,[1],0.37,,Events!8;Events!9,,False
LBE,2020-12-15T10:00:00,20.7083333333284,2,3,tf,IV.5,LBE_MBE,[1],2,1,No,No,Homemade,Low,No,241.362271316133,,241.362271316133,8.39,5.18,,22.9,0.0464188865847823,0.0314244696123782,2.02,4.236,0.652,0,0.836,0,0,0,,sanglier_2022,10.57745/BUJORT,282f5076857dd4f8ca38089a6d499909,Analyses!254,Inoculation!190,[1],0.37,,Events!8;Events!9,,False
LBE,2020-12-15T10:00:00,20.7083333333284,2,3,tf,IV.6,LBE_MBE,[1],3,1,No,No,Homemade,Low,No,241.574271316133,,241.574271316133,8.35,4.58,,23.4,0.0512498034900173,0.035843420845778,1.766,4.38,0.652,0,0.788,0,0,0,,sanglier_2022,10.57745/BUJORT,282f5076857dd4f8ca38089a6d499909,Analyses!255,Inoculation!191,[1],0.37,,Events!8;Events!9,,False
LBE,2020-12-15T10:00:00,20.7083333333284,2,3,tf,IV.7,LBE_MBE,[2],1,2,No,No,Homemade,Low,No,242.317271316132,,242.317271316132,8.42,5.06,,23.4,0.0530605721591812,0.0378775771136324,0.854,4.164,0.814,0,0.786,0,0,0,,sanglier_2022,10.57745/BUJORT,282f5076857dd4f8ca38089a6d499909,Analyses!256,Inoculation!192,[2],0.75,,Events!8;Events!9,,False
LBE,2020-12-15T10:00:00,20.7083333333284,2,3,tf,IV.8,LBE_MBE,[2],2,2,No,No,Homemade,Low,No,240.877271316132,,240.877271316132,8.4,4.24,,22.25,0.0533418002857594,0.038895062708366,0.946,4.618,0.816,0,0.802,0,0,0,,sanglier_2022,10.57745/BUJORT,282f5076857dd4f8ca38089a6d499909,Analyses!257,Inoculation!193,[2],0.75,,Events!8;Events!9,,False
LBE,2020-12-15T10:00:00,20.7083333333284,2,3,tf,IV.9,LBE_MBE,[2],3,2,No,No,Homemade,Low,No,243.302271316133,,243.302271316133,8.38,4.86,,21.55,0.0581968516457305,0.0424550802989339,1.498,4.722,0.854,0,0.864,0,0,0,,sanglier_2022,10.57745/BUJORT,282f5076857dd4f8ca38089a6d499909,Analyses!258,Inoculation!194,[2],0.75,,Events!8;Events!9,,False
LBE,2020-12-15T10:00:00,20.7083333333284,2,3,tf,IV.10,LBE_MBE,[1]+,1,1,No,No,Homemade,Low,No,241.161271316132,,241.161271316132,8.32,5,,21.55,0.0478542760111149,0.0327261500463111,1.812,4.274,0.644,0,0.796,0,0,0,,sanglier_2022,10.57745/BUJORT,282f5076857dd4f8ca38089a6d499909,Analyses!259,Inoculation!195,[1]+,0.37,,Events!8;Events!9,,False
LBE,2020-12-15T10:00:00,20.7083333333284,2,3,tf,IV.11,LBE_MBE,[1]+,2,1,No,No,Homemade,Low,No,240.892271316132,,240.892271316132,8.35,4.32,,21.7,0.047582383738836,0.0327995072374501,1.392,4.404,0.648,0,0.766,0,0,0,,sanglier_2022,10.57745/BUJORT,282f5076857dd4f8ca38089a6d499909,Analyses!260,Inoculation!196,[1]+,0.37,,Events!8;Events!9,,False
LBE,2020-12-15T10:00:00,20.7083333333284,2,3,tf,IV.12,LBE_MBE,[1]+,3,1,No,No,Homemade,Low,No,241.365271316133,,241.365271316133,8.36,4.9,,21.9,0.0434091270472247,0.0295754491970106,1.756,4.476,0.692,0,0.854,0,0,0,,sanglier_2022,10.57745/BUJORT,282f5076857dd4f8ca38089a6d499909,Analyses!261,Inoculation!197,[1]+,0.37,,Events!8;Events!9,,False
LBE,2020-12-15T10:00:00,20.7083333333284,2,3,tf,IV.13,LBE_MBE,[2]+,1,2,No,No,Homemade,Low,No,242.587271316132,,242.587271316132,8.28,4.6,,20.7,0.0576532094103986,0.0419692128957306,1.698,4.11,0.624,0,0.768,0,0,0,,sanglier_2022,10.57745/BUJORT,282f5076857dd4f8ca38089a6d499909,Analyses!262,Inoculation!198,[2]+,0.75,,Events!8;Events!9,,False
LBE,2020-12-15T10:00:00,20.7083333333284,2,3,tf,IV.14,LBE_MBE,[2]+,2,2,No,No,Homemade,Low,No,241.598271316132,,241.598271316132,8.43,4.82,,21.25,0.0553517839279761,0.0398466155385135,1.284,4.012,0.634,0,0.718,0,0,0,,sanglier_2022,10.57745/BUJORT,282f5076857dd4f8ca38089a6d499909,Analyses!263,Inoculation!199,[2]+,0.75,,Events!8;Events!9,,False
LBE,2020-12-15T10:00:00,20.7083333333284,2,3,tf,IV.15,LBE_MBE,[2]+,3,2,No,No,Homemade,Low,No,244.110271316132,,244.110271316132,8.36,4.76,,20.2,0.0572211476466791,0.041263700838169,1.076,4.216,0.642,0,0.73,0,0,0,,sanglier_2022,10.57745/BUJORT,282f5076857dd4f8ca38089a6d499909,Analyses!264,Inoculation!200,[2]+,0.75,,Events!8;Events!9,,False
LBE,2020-12-15T15:00:00,20.9166666666642,3,4,t0,IV.1,LBE_MBE,[0],1,0,No,No,Homemade,Low,No,249.765457898876,,249.765457898876,,,,,,,,,,,,,,,,sanglier_2022,10.57745/BUJORT,282f5076857dd4f8ca38089a6d499909,Analyses!265,Inoculation!201,[0],0,,Events!8;Events!9,,False
LBE,2020-12-15T15:00:00,20.9166666666642,3,4,t0,IV.2,LBE_MBE,[0],2,0,No,No,Homemade,Low,No,250.555457898876,,250.555457898876,,,,,,,,,,,,,,,,sanglier_2022,10.57745/BUJORT,282f5076857dd4f8ca38089a6d499909,Analyses!266,Inoculation!202,[0],0,,Events!8;Events!9,,False
LBE,2020-12-15T15:00:00,20.9166666666642,3,4,t0,IV.3,LBE_MBE,[0],3,0,No,No,Homemade,Low,No,250.285457898876,,250.285457898876,,,,,,,,,,,,,,,,sanglier_2022,10.57745/BUJORT,282f5076857dd4f8ca38089a6d499909,Analyses!267,Inoculation!203,[0],0,,Events!8;Events!9,,False
LBE,2020-12-15T15:00:00,20.9166666666642,3,4,t0,IV.4,LBE_MBE,[1],1,1,No,No,Homemade,Low,No,250.805457898876,,250.805457898876,,,,,,,,,,,,,,,,sanglier_2022,10.57745/BUJORT,282f5076857dd4f8ca38089a6d499909,Analyses!268,Inoculation!204,[1],0.44,,Events!8;Events!9,,False
LBE,2020-12-15T15:00:00,20.9166666666642,3,4,t0,IV.5,LBE_MBE,[1],2,1,No,No,Homemade,Low,No,250.225457898876,,250.225457898876,,,,,,,,,,,,,,,,sanglier_2022,10.57745/BUJORT,282f5076857dd4f8ca38089a6d499909,Analyses!269,Inoculation!205,[1],0.44,,Events!8;Events!9,,False
LBE,2020-12-15T15:00:00,20.9166666666642,3,4,t0,IV.6,LBE_MBE,[1],3,1,No,No,Homemade,Low,No,250.635457898876,,250.635457898876,,,,,,,,,,,,,,,,sanglier_2022,10.57745/BUJORT,282f5076857dd4f8ca38089a6d499909,Analyses!270,Inoculation!206,[1],0.44,,Events!8;Events!9,,False
LBE,2020-12-15T15:00:00,20.9166666666642,3,4,t0,IV.7,LBE_MBE,[2],1,2,No,No,Homemade,Low,No,250.785457898876,,250.785457898876,,,,,,,,,,,,,,,,sanglier_2022,10.57745/BUJORT,282f5076857dd4f8ca38089a6d499909,Analyses!271,Inoculation!207,[2],0.88,,Events!8;Events!9,,False
LBE,2020-12-15T15:00:00,20.9166666666642,3,4,t0,IV.8,LBE_MBE,[2],2,2,No,No,Homemade,Low,No,251.115457898876,,251.115457898876,,,,,,,,,,,,,,,,sanglier_2022,10.57745/BUJORT,282f5076857dd4f8ca38089a6d499909,Analyses!272,Inoculation!208,[2],0.88,,Events!8;Events!9,,False
LBE,2020-12-15T15:00:00,20.9166666666642,3,4,t0,IV.9,LBE_MBE,[2],3,2,No,No,Homemade,Low,No,251.525457898876,,251.525457898876,,,,,,,,,,,,,,,,sanglier_2022,10.57745/BUJORT,282f5076857dd4f8ca38089a6d499909,Analyses!273,Inoculation!209,[2],0.88,,Events!8;Events!9,,False
LBE,2020-12-15T15:00:00,20.9166666666642,3,4,t0,IV.10,LBE_MBE,[1]+,1,1,No,No,Homemade,Low,No,251.215457898876,,251.215457898876,,,,,,,,,,,,,,,,sanglier_2022,10.57745/BUJORT,282f5076857dd4f8ca38089a6d499909,Analyses!274,Inoculation!210,[1]+,0.44,,Events!8;Events!9,,False
LBE,2020-12-15T15:00:00,20.9166666666642,3,4,t0,IV.11,LBE_MBE,[1]+,2,1,No,No,Homemade,Low,No,250.545457898876,,250.545457898876,,,,,,,,,,,,,,,,sanglier_2022,10.57745/BUJORT,282f5076857dd4f8ca38089a6d499909,Analyses!275,Inoculation!211,[1]+,0.44,,Events!8;Events!9,,False
LBE,2020-12-15T15:00:00,20.9166666666642,3,4,t0,IV.12,LBE_MBE,[1]+,3,1,No,No,Homemade,Low,No,250.815457898876,,250.815457898876,,,,,,,,,,,,,,,,sanglier_2022,10.57745/BUJORT,282f5076857dd4f8ca38089a6d499909,Analyses!276,Inoculation!212,[1]+,0.44,,Events!8;Events!9,,False
LBE,2020-12-15T15:00:00,20.9166666666642,3,4,t0,IV.13,LBE_MBE,[2]+,1,2,No,No,Homemade,Low,No,250.985457898876,,250.985457898876,,,,,,,,,,,,,,,,sanglier_2022,10.57745/BUJORT,282f5076857dd4f8ca38089a6d499909,Analyses!277,Inoculation!213,[2]+,0.88,,Events!8;Events!9,,False
LBE,2020-12-15T15:00:00,20.9166666666642,3,4,t0,IV.14,LBE_MBE,[2]+,2,2,No,No,Homemade,Low,No,251.775457898876,,251.775457898876,,,,,,,,,,,,,,,,sanglier_2022,10.57745/BUJORT,282f5076857dd4f8ca38089a6d499909,Analyses!278,Inoculation!214,[2]+,0.88,,Events!8;Events!9,,False
LBE,2020-12-15T15:00:00,20.9166666666642,3,4,t0,IV.15,LBE_MBE,[2]+,3,2,No,No,Homemade,Low,No,251.195457898876,,251.195457898876,,,,,,,,,,,,,,,,sanglier_2022,10.57745/BUJORT,282f5076857dd4f8ca38089a6d499909,Analyses!279,Inoculation!215,[2]+,0.88,,Events!8;Events!9,,False
LBE,2020-12-16T16:30:00,21.9791666666642,3,4,t1,IV.1,LBE_MBE,[0],1,0,No,No,Homemade,Low,No,249.765457898876,4.809,244.956457898876,7.36,,,,,,11.156,4.37,0.782,0.752,1.044,0.246,0,0,,sanglier_2022,10.57745/BUJORT,282f5076857dd4f8ca38089a6d499909,Analyses!280,Inoculation!201,[0],0,,Events!8;Events!9,,False
LBE,2020-12-16T16:30:00,21.9791666666642,3,4,t1,IV.2,LBE_MBE,[0],2,0,No,No,Homemade,Low,No,250.555457898876,4.546,246.009457898876,7.22,,,,,,11.81,4.432,0.754,0.83,1.008,0.238,0,0,,sanglier_2022,10.57745/BUJORT,282f5076857dd4f8ca38089a6d499909,Analyses!281,Inoculation!202,[0],0,,Events!8;Events!9,,False
LBE,2020-12-16T16:30:00,21.9791666666642,3,4,t1,IV.3,LBE_MBE,[0],3,0,No,No,Homemade,Low,No,250.285457898876,4.695,245.590457898876,7.27,,,,,,10.892,4.26,0.712,0.798,1.062,0.22,0,0,,sanglier_2022,10.57745/BUJORT,282f5076857dd4f8ca38089a6d499909,Analyses!282,Inoculation!203,[0],0,,Events!8;Events!9,,False
LBE,2020-12-16T16:30:00,21.9791666666642,3,4,t1,IV.4,LBE_MBE,[1],1,1,No,No,Homemade,Low,No,250.805457898876,4.224,246.581457898876,7.39,,,,,,10.3,3.982,0.648,0.752,0.934,0.224,0,0,,sanglier_2022,10.57745/BUJORT,282f5076857dd4f8ca38089a6d499909,Analyses!283,Inoculation!204,[1],0.44,,Events!8;Events!9,,False
LBE,2020-12-16T16:30:00,21.9791666666642,3,4,t1,IV.5,LBE_MBE,[1],2,1,No,No,Homemade,Low,No,250.225457898876,4.416,245.809457898876,7.45,,,,,,12.444,4.776,0.822,0.942,1.088,0.27,0,0,,sanglier_2022,10.57745/BUJORT,282f5076857dd4f8ca38089a6d499909,Analyses!284,Inoculation!205,[1],0.44,,Events!8;Events!9,,False
LBE,2020-12-16T16:30:00,21.9791666666642,3,4,t1,IV.6,LBE_MBE,[1],3,1,No,No,Homemade,Low,No,250.635457898876,4.40599999999999,246.229457898876,7.37,,,,,,11.69,4.352,0.636,0.796,0.938,0.28,0,0.088,,sanglier_2022,10.57745/BUJORT,282f5076857dd4f8ca38089a6d499909,Analyses!285,Inoculation!206,[1],0.44,,Events!8;Events!9,,False
LBE,2020-12-16T16:30:00,21.9791666666642,3,4,t1,IV.7,LBE_MBE,[2],1,2,No,No,Homemade,Low,No,250.785457898876,4.19699999999999,246.588457898876,7.27,,,,,,11.63,4.38,0.642,0.93,0.94,0.256,0,0.1,,sanglier_2022,10.57745/BUJORT,282f5076857dd4f8ca38089a6d499909,Analyses!286,Inoculation!207,[2],0.88,,Events!8;Events!9,,False
LBE,2020-12-16T16:30:00,21.9791666666642,3,4,t1,IV.8,LBE_MBE,[2],2,2,No,No,Homemade,Low,No,251.115457898876,4.42099999999999,246.694457898876,7.37,,,,,,11.556,4.232,0.62,0.842,0.904,0.256,0,0.094,,sanglier_2022,10.57745/BUJORT,282f5076857dd4f8ca38089a6d499909,Analyses!287,Inoculation!208,[2],0.88,,Events!8;Events!9,,False
LBE,2020-12-16T16:30:00,21.9791666666642,3,4,t1,IV.9,LBE_MBE,[2],3,2,No,No,Homemade,Low,No,251.525457898876,2.358,249.167457898876,,,,,,,11.888,4.29,0.642,0.764,0.93,0.262,0,0.084,,sanglier_2022,10.57745/BUJORT,282f5076857dd4f8ca38089a6d499909,Analyses!288,Inoculation!209,[2],0.88,,Events!8;Events!9,,False
LBE,2020-12-16T16:30:00,21.9791666666642,3,4,t1,IV.10,LBE_MBE,[1]+,1,1,No,No,Homemade,Low,No,251.215457898876,4.266,246.949457898876,7.24,,,,,,11.89,4.328,0.634,0.822,0.94,0.262,0,0.088,,sanglier_2022,10.57745/BUJORT,282f5076857dd4f8ca38089a6d499909,Analyses!289,Inoculation!210,[1]+,0.44,,Events!8;Events!9,,False
LBE,2020-12-16T16:30:00,21.9791666666642,3,4,t1,IV.11,LBE_MBE,[1]+,2,1,No,No,Homemade,Low,No,250.545457898876,4.35699999999999,246.188457898876,7.33,,,,,,11.06,4.222,0.62,0.74,0.872,0.246,0,0.08,,sanglier_2022,10.57745/BUJORT,282f5076857dd4f8ca38089a6d499909,Analyses!290,Inoculation!211,[1]+,0.44,,Events!8;Events!9,,False
LBE,2020-12-16T16:30:00,21.9791666666642,3,4,t1,IV.12,LBE_MBE,[1]+,3,1,No,No,Homemade,Low,No,250.815457898876,4.336,246.479457898876,7.34,,,,,,12.224,4.612,0.694,0.8,0.998,0.266,0,0.084,,sanglier_2022,10.57745/BUJORT,282f5076857dd4f8ca38089a6d499909,Analyses!291,Inoculation!212,[1]+,0.44,,Events!8;Events!9,,False
LBE,2020-12-16T16:30:00,21.9791666666642,3,4,t1,IV.13,LBE_MBE,[2]+,1,2,No,No,Homemade,Low,No,250.985457898876,4.54,246.445457898876,7.26,,,,,,11.816,4.48,0.656,0.87,0.924,0.268,0.04,0.088,,sanglier_2022,10.57745/BUJORT,282f5076857dd4f8ca38089a6d499909,Analyses!292,Inoculation!213,[2]+,0.88,,Events!8;Events!9,,False
LBE,2020-12-16T16:30:00,21.9791666666642,3,4,t1,IV.14,LBE_MBE,[2]+,2,2,No,No,Homemade,Low,No,251.775457898876,4.00199999999999,247.773457898876,7.3,,,,,,10.678,3.752,0.558,0.784,0.776,0.222,0,0.08,,sanglier_2022,10.57745/BUJORT,282f5076857dd4f8ca38089a6d499909,Analyses!293,Inoculation!214,[2]+,0.88,,Events!8;Events!9,,False
LBE,2020-12-16T16:30:00,21.9791666666642,3,4,t1,IV.15,LBE_MBE,[2]+,3,2,No,No,Homemade,Low,No,251.195457898876,3.706,247.489457898876,7.24,,,,,,11.458,4.464,0.662,0.8,0.932,0.26,0,0.084,,sanglier_2022,10.57745/BUJORT,282f5076857dd4f8ca38089a6d499909,Analyses!294,Inoculation!215,[2]+,0.88,,Events!8;Events!9,,False
LBE,2021-01-05T15:00:00,41.9166666666642,3,4,tf,IV.1,LBE_MBE,[0],1,0,No,No,Homemade,Low,No,244.956457898876,,244.956457898876,8.53,4.76,,20.6,0.0415584415584412,0.0247752247752252,0.486,1.99,0.922,0,0.932,0,0,0,,sanglier_2022,10.57745/BUJORT,282f5076857dd4f8ca38089a6d499909,Analyses!295,Inoculation!201,[0],0,,Events!8;Events!9,,False
LBE,2021-01-05T15:00:00,41.9166666666642,3,4,tf,IV.2,LBE_MBE,[0],2,0,No,No,Homemade,Low,No,246.009457898876,,246.009457898876,8.44,4.84,,18.75,0.0404920553562278,0.0253716043054835,0.454,1.562,0.918,0,0.988,0,0,0,,sanglier_2022,10.57745/BUJORT,282f5076857dd4f8ca38089a6d499909,Analyses!296,Inoculation!202,[0],0,,Events!8;Events!9,,False
LBE,2021-01-05T15:00:00,41.9166666666642,3,4,tf,IV.3,LBE_MBE,[0],3,0,No,No,Homemade,Low,No,245.590457898876,,245.590457898876,8.34,4.68,,19.4,0.0408241129339943,0.0246089278901164,0.3,2.774,0.898,0,0.946,0,0,0,,sanglier_2022,10.57745/BUJORT,282f5076857dd4f8ca38089a6d499909,Analyses!297,Inoculation!203,[0],0,,Events!8;Events!9,,False
LBE,2021-01-05T15:00:00,41.9166666666642,3,4,tf,IV.4,LBE_MBE,[1],1,1,No,No,Homemade,Low,No,246.581457898876,,246.581457898876,8.47,4.52,,16.15,0.0478541587542731,0.0324724648689706,0.282,0,0,0,0.976,0,0,0,,sanglier_2022,10.57745/BUJORT,282f5076857dd4f8ca38089a6d499909,Analyses!298,Inoculation!204,[1],0.44,,Events!8;Events!9,,False
LBE,2021-01-05T15:00:00,41.9166666666642,3,4,tf,IV.5,LBE_MBE,[1],2,1,No,No,Homemade,Low,No,245.809457898876,,245.809457898876,8.44,4.58,,17.55,0.0462234461054286,0.031077891424075,0.648,0.638,0.214,0,1.014,0,0,0,,sanglier_2022,10.57745/BUJORT,282f5076857dd4f8ca38089a6d499909,Analyses!299,Inoculation!205,[1],0.44,,Events!8;Events!9,,False
LBE,2021-01-05T15:00:00,41.9166666666642,3,4,tf,IV.6,LBE_MBE,[1],3,1,No,No,Homemade,Low,No,246.229457898876,,246.229457898876,8.42,4.48,,14.55,0.0431952662721895,0.0281065088757392,0.324,0,0.318,0,1.012,0,0,0,,sanglier_2022,10.57745/BUJORT,282f5076857dd4f8ca38089a6d499909,Analyses!300,Inoculation!206,[1],0.44,,Events!8;Events!9,,False
LBE,2021-01-05T15:00:00,41.9166666666642,3,4,tf,IV.7,LBE_MBE,[2],1,2,No,No,Homemade,Low,No,246.588457898876,,246.588457898876,8.47,4.62,,15,0.0502360717658164,0.0345609065155807,0.364,0,0,0,0.734,0,0,0,,sanglier_2022,10.57745/BUJORT,282f5076857dd4f8ca38089a6d499909,Analyses!301,Inoculation!207,[2],0.88,,Events!8;Events!9,,False
LBE,2021-01-05T15:00:00,41.9166666666642,3,4,tf,IV.8,LBE_MBE,[2],2,2,No,No,Homemade,Low,No,246.694457898876,,246.694457898876,8.48,4.7,,15,0.0509517400499904,0.0351855412420687,0.396,0,0,0,0.578,0,0,0,,sanglier_2022,10.57745/BUJORT,282f5076857dd4f8ca38089a6d499909,Analyses!302,Inoculation!208,[2],0.88,,Events!8;Events!9,,False
LBE,2021-01-05T15:00:00,41.9166666666642,3,4,tf,IV.9,LBE_MBE,[2],3,2,No,No,Homemade,Low,No,249.167457898876,,249.167457898876,8.48,4.78,,14.9,0.0460299194476413,0.0306866129650933,0.366,0,0,0,1.074,0,0,0,,sanglier_2022,10.57745/BUJORT,282f5076857dd4f8ca38089a6d499909,Analyses!303,Inoculation!209,[2],0.88,,Events!8;Events!9,,False
LBE,2021-01-05T15:00:00,41.9166666666642,3,4,tf,IV.10,LBE_MBE,[1]+,1,1,No,No,Homemade,Low,No,246.949457898876,,246.949457898876,8.44,4.76,,17.45,0.0475445118372156,0.0311093719428694,0.664,0.44,0.514,0,1.026,0,0,0,,sanglier_2022,10.57745/BUJORT,282f5076857dd4f8ca38089a6d499909,Analyses!304,Inoculation!210,[1]+,0.44,,Events!8;Events!9,,False
LBE,2021-01-05T15:00:00,41.9166666666642,3,4,tf,IV.11,LBE_MBE,[1]+,2,1,No,No,Homemade,Low,No,246.188457898876,,246.188457898876,8.47,4.78,,16.6,0.049663735126746,0.032591826176927,0.742,0.364,0,0,0.996,0,0,0,,sanglier_2022,10.57745/BUJORT,282f5076857dd4f8ca38089a6d499909,Analyses!305,Inoculation!211,[1]+,0.44,,Events!8;Events!9,,False
LBE,2021-01-05T15:00:00,41.9166666666642,3,4,tf,IV.12,LBE_MBE,[1]+,3,1,No,No,Homemade,Low,No,246.479457898876,,246.479457898876,8.5,4.82,,16.75,0.049333333333332,0.0333333333333327,0.638,0.548,0.544,0,1.038,0,0,0,,sanglier_2022,10.57745/BUJORT,282f5076857dd4f8ca38089a6d499909,Analyses!306,Inoculation!212,[1]+,0.44,,Events!8;Events!9,,False
LBE,2021-01-05T15:00:00,41.9166666666642,3,4,tf,IV.13,LBE_MBE,[2]+,1,2,No,No,Homemade,Low,No,246.445457898876,,246.445457898876,8.41,4.64,,14.75,0.0548539114043375,0.0373232799246008,0.79,0,0,0,0.488,0,0,0,,sanglier_2022,10.57745/BUJORT,282f5076857dd4f8ca38089a6d499909,Analyses!307,Inoculation!213,[2]+,0.88,,Events!8;Events!9,,False
LBE,2021-01-05T15:00:00,41.9166666666642,3,4,tf,IV.14,LBE_MBE,[2]+,2,2,No,No,Homemade,Low,No,247.773457898876,,247.773457898876,8.49,4.72,,12.7,0.0528529626920253,0.036759326993415,0.772,0,0,0,0.28,0,0,0,,sanglier_2022,10.57745/BUJORT,282f5076857dd4f8ca38089a6d499909,Analyses!308,Inoculation!214,[2]+,0.88,,Events!8;Events!9,,False
LBE,2021-01-05T15:00:00,41.9166666666642,3,4,tf,IV.15,LBE_MBE,[2]+,3,2,No,No,Homemade,Low,No,247.489457898876,,247.489457898876,8.43,4.64,,14.85,0.0506091846298024,0.0350515463917521,0.766,0,0,0,0.34,0,0,0,,sanglier_2022,10.57745/BUJORT,282f5076857dd4f8ca38089a6d499909,Analyses!309,Inoculation!215,[2]+,0.88,,Events!8;Events!9,,False
LBE,2021-01-05T17:00:00,42,4,7,t0,IV.1,LBE_MBE,[0],1,0,No,No,Homemade,Low,No,249.635457898876,,249.635457898876,,,,,,,,,,,,,,,,sanglier_2022,10.57745/BUJORT,282f5076857dd4f8ca38089a6d499909,Analyses!310,Inoculation!216,[0],0,,Events!8;Events!9,,False
LBE,2021-01-05T17:00:00,42,4,7,t0,IV.2,LBE_MBE,[0],2,0,No,No,Homemade,Low,No,249.805457898876,,249.805457898876,,,,,,,,,,,,,,,,sanglier_2022,10.57745/BUJORT,282f5076857dd4f8ca38089a6d499909,Analyses!311,Inoculation!217,[0],0,,Events!8;Events!9,,False
LBE,2021-01-05T17:00:00,42,4,7,t0,IV.3,LBE_MBE,[0],3,0,No,No,Homemade,Low,No,250.275457898876,,250.275457898876,,,,,,,,,,,,,,,,sanglier_2022,10.57745/BUJORT,282f5076857dd4f8ca38089a6d499909,Analyses!312,Inoculation!218,[0],0,,Events!8;Events!9,,False
LBE,2021-01-05T17:00:00,42,4,7,t0,IV.4,LBE_MBE,[1],1,1,No,No,Homemade,Low,No,250.755457898876,,250.755457898876,,,,,,,,,,,,,,,,sanglier_2022,10.57745/BUJORT,282f5076857dd4f8ca38089a6d499909,Analyses!313,Inoculation!219,[1],0.44,,Events!8;Events!9,,False
LBE,2021-01-05T17:00:00,42,4,7,t0,IV.5,LBE_MBE,[1],2,1,No,No,Homemade,Low,No,250.915457898876,,250.915457898876,,,,,,,,,,,,,,,,sanglier_2022,10.57745/BUJORT,282f5076857dd4f8ca38089a6d499909,Analyses!314,Inoculation!220,[1],0.44,,Events!8;Events!9,,False
LBE,2021-01-05T17:00:00,42,4,7,t0,IV.6,LBE_MBE,[1],3,1,No,No,Homemade,Low,No,251.985457898876,,251.985457898876,,,,,,,,,,,,,,,,sanglier_2022,10.57745/BUJORT,282f5076857dd4f8ca38089a6d499909,Analyses!315,Inoculation!221,[1],0.44,,Events!8;Events!9,,False
LBE,2021-01-05T17:00:00,42,4,7,t0,IV.7,LBE_MBE,[2],1,2,No,No,Homemade,Low,No,251.065457898876,,251.065457898876,,,,,,,,,,,,,,,,sanglier_2022,10.57745/BUJORT,282f5076857dd4f8ca38089a6d499909,Analyses!316,Inoculation!222,[2],0.88,,Events!8;Events!9,,False
LBE,2021-01-05T17:00:00,42,4,7,t0,IV.8,LBE_MBE,[2],2,2,No,No,Homemade,Low,No,251.145457898876,,251.145457898876,,,,,,,,,,,,,,,,sanglier_2022,10.57745/BUJORT,282f5076857dd4f8ca38089a6d499909,Analyses!317,Inoculation!223,[2],0.88,,Events!8;Events!9,,False
LBE,2021-01-05T17:00:00,42,4,7,t0,IV.9,LBE_MBE,[2],3,2,No,No,Homemade,Low,No,250.565457898876,,250.565457898876,,,,,,,,,,,,,,,,sanglier_2022,10.57745/BUJORT,282f5076857dd4f8ca38089a6d499909,Analyses!318,Inoculation!224,[2],0.88,,Events!8;Events!9,,False
LBE,2021-01-05T17:00:00,42,4,7,t0,IV.10,LBE_MBE,[1]+,1,1,No,No,Homemade,Low,No,250.775457898876,,250.775457898876,,,,,,,,,,,,,,,,sanglier_2022,10.57745/BUJORT,282f5076857dd4f8ca38089a6d499909,Analyses!319,Inoculation!225,[1]+,0.44,,Events!8;Events!9,,False
LBE,2021-01-05T17:00:00,42,4,7,t0,IV.11,LBE_MBE,[1]+,2,1,No,No,Homemade,Low,No,250.185457898876,,250.185457898876,,,,,,,,,,,,,,,,sanglier_2022,10.57745/BUJORT,282f5076857dd4f8ca38089a6d499909,Analyses!320,Inoculation!226,[1]+,0.44,,Events!8;Events!9,,False
LBE,2021-01-05T17:00:00,42,4,7,t0,IV.12,LBE_MBE,[1]+,3,1,No,No,Homemade,Low,No,252.105457898876,,252.105457898876,,,,,,,,,,,,,,,,sanglier_2022,10.57745/BUJORT,282f5076857dd4f8ca38089a6d499909,Analyses!321,Inoculation!227,[1]+,0.44,,Events!8;Events!9,,False
LBE,2021-01-05T17:00:00,42,4,7,t0,IV.13,LBE_MBE,[2]+,1,2,No,No,Homemade,Low,No,250.885457898876,,250.885457898876,,,,,,,,,,,,,,,,sanglier_2022,10.57745/BUJORT,282f5076857dd4f8ca38089a6d499909,Analyses!322,Inoculation!228,[2]+,0.88,,Events!8;Events!9,,False
LBE,2021-01-05T17:00:00,42,4,7,t0,IV.14,LBE_MBE,[2]+,2,2,No,No,Homemade,Low,No,251.395457898876,,251.395457898876,,,,,,,,,,,,,,,,sanglier_2022,10.57745/BUJORT,282f5076857dd4f8ca38089a6d499909,Analyses!323,Inoculation!229,[2]+,0.88,,Events!8;Events!9,,False
LBE,2021-01-05T17:00:00,42,4,7,t0,IV.15,LBE_MBE,[2]+,3,2,No,No,Homemade,Low,No,251.195457898876,,251.195457898876,,,,,,,,,,,,,,,,sanglier_2022,10.57745/BUJORT,282f5076857dd4f8ca38089a6d499909,Analyses!324,Inoculation!230,[2]+,0.88,,Events!8;Events!9,,False
LBE,2021-01-06T16:30:00,42.9791666666642,4,7,t1,IV.1,LBE_MBE,[0],1,0,No,No,Homemade,Low,No,249.635457898876,4.966,244.669457898876,7.53,,,,,,9.156,2.084,0.92,0.796,1.082,0,0,0,,sanglier_2022,10.57745/BUJORT,282f5076857dd4f8ca38089a6d499909,Analyses!325,Inoculation!216,[0],0,,Events!8;Events!9,,False
LBE,2021-01-06T16:30:00,42.9791666666642,4,7,t1,IV.2,LBE_MBE,[0],2,0,No,No,Homemade,Low,No,249.805457898876,4.36999999999999,245.435457898876,7.58,,,,,,9.076,1.682,0.914,0.756,1.05,0,0,0,,sanglier_2022,10.57745/BUJORT,282f5076857dd4f8ca38089a6d499909,Analyses!326,Inoculation!217,[0],0,,Events!8;Events!9,,False
LBE,2021-01-06T16:30:00,42.9791666666642,4,7,t1,IV.3,LBE_MBE,[0],3,0,No,No,Homemade,Low,No,250.275457898876,4.761,245.514457898876,7.52,,,,,,9.122,2.828,0.986,0.94,1.114,0.082,0,0,,sanglier_2022,10.57745/BUJORT,282f5076857dd4f8ca38089a6d499909,Analyses!327,Inoculation!218,[0],0,,Events!8;Events!9,,False
LBE,2021-01-06T16:30:00,42.9791666666642,4,7,t1,IV.4,LBE_MBE,[1],1,1,No,No,Homemade,Low,No,250.755457898876,4.645,246.110457898876,7.53,,,,,,9.542,0.61,0.126,1.196,1.002,0,0,0,,sanglier_2022,10.57745/BUJORT,282f5076857dd4f8ca38089a6d499909,Analyses!328,Inoculation!219,[1],0.44,,Events!8;Events!9,,False
LBE,2021-01-06T16:30:00,42.9791666666642,4,7,t1,IV.5,LBE_MBE,[1],2,1,No,No,Homemade,Low,No,250.915457898876,4.695,246.220457898876,7.7,,,,,,9.736,1.152,0.28,0.98,1.088,0,0,0,,sanglier_2022,10.57745/BUJORT,282f5076857dd4f8ca38089a6d499909,Analyses!329,Inoculation!220,[1],0.44,,Events!8;Events!9,,False
LBE,2021-01-06T16:30:00,42.9791666666642,4,7,t1,IV.6,LBE_MBE,[1],3,1,No,No,Homemade,Low,No,251.985457898876,4.929,247.056457898876,7.63,,,,,,10.378,0.756,0.356,1.06,0.994,0,0,0.084,,sanglier_2022,10.57745/BUJORT,282f5076857dd4f8ca38089a6d499909,Analyses!330,Inoculation!221,[1],0.44,,Events!8;Events!9,,False
LBE,2021-01-06T16:30:00,42.9791666666642,4,7,t1,IV.7,LBE_MBE,[2],1,2,No,No,Homemade,Low,No,251.065457898876,4.939,246.126457898876,7.55,,,,,,10.46,0.72,0.096,1.06,0.764,0,0,0.086,,sanglier_2022,10.57745/BUJORT,282f5076857dd4f8ca38089a6d499909,Analyses!331,Inoculation!222,[2],0.88,,Events!8;Events!9,,False
LBE,2021-01-06T16:30:00,42.9791666666642,4,7,t1,IV.8,LBE_MBE,[2],2,2,No,No,Homemade,Low,No,251.145457898876,4.103,247.042457898876,7.71,,,,,,10.972,0.814,0.1,1.1,0.59,0,0,0.076,,sanglier_2022,10.57745/BUJORT,282f5076857dd4f8ca38089a6d499909,Analyses!332,Inoculation!223,[2],0.88,,Events!8;Events!9,,False
LBE,2021-01-06T16:30:00,42.9791666666642,4,7,t1,IV.9,LBE_MBE,[2],3,2,No,No,Homemade,Low,No,250.565457898876,4.80599999999999,245.759457898876,7.67,,,,,,11.102,0.734,0.11,1.124,1.03,0,0,0.09,,sanglier_2022,10.57745/BUJORT,282f5076857dd4f8ca38089a6d499909,Analyses!333,Inoculation!224,[2],0.88,,Events!8;Events!9,,False
LBE,2021-01-06T16:30:00,42.9791666666642,4,7,t1,IV.10,LBE_MBE,[1]+,1,1,No,No,Homemade,Low,No,250.775457898876,4.549,246.226457898876,7.65,,,,,,10.696,1.232,0.466,0.772,1.028,0.034,0,0,,sanglier_2022,10.57745/BUJORT,282f5076857dd4f8ca38089a6d499909,Analyses!334,Inoculation!225,[1]+,0.44,,Events!8;Events!9,,False
LBE,2021-01-06T16:30:00,42.9791666666642,4,7,t1,IV.11,LBE_MBE,[1]+,2,1,No,No,Homemade,Low,No,250.185457898876,4.412,245.773457898876,7.51,,,,,,10.33,0.88,0.102,1.116,1.014,0,0,0.084,,sanglier_2022,10.57745/BUJORT,282f5076857dd4f8ca38089a6d499909,Analyses!335,Inoculation!226,[1]+,0.44,,Events!8;Events!9,,False
LBE,2021-01-06T16:30:00,42.9791666666642,4,7,t1,IV.12,LBE_MBE,[1]+,3,1,No,No,Homemade,Low,No,252.105457898876,4.012,248.093457898876,7.45,,,,,,11.172,0.97,0.49,1.12,1.08,0.034,0,0.076,,sanglier_2022,10.57745/BUJORT,282f5076857dd4f8ca38089a6d499909,Analyses!336,Inoculation!227,[1]+,0.44,,Events!8;Events!9,,False
LBE,2021-01-06T16:30:00,42.9791666666642,4,7,t1,IV.13,LBE_MBE,[2]+,1,2,No,No,Homemade,Low,No,250.885457898876,4.167,246.718457898876,7.55,,,,,,10.214,0.806,0.102,0.874,0.52,0,0,0,,sanglier_2022,10.57745/BUJORT,282f5076857dd4f8ca38089a6d499909,Analyses!337,Inoculation!228,[2]+,0.88,,Events!8;Events!9,,False
LBE,2021-01-06T16:30:00,42.9791666666642,4,7,t1,IV.14,LBE_MBE,[2]+,2,2,No,No,Homemade,Low,No,251.395457898876,4.606,246.789457898876,7.47,,,,,,9.786,0.882,0,1.034,0.332,0,0,0,,sanglier_2022,10.57745/BUJORT,282f5076857dd4f8ca38089a6d499909,Analyses!338,Inoculation!229,[2]+,0.88,,Events!8;Events!9,,False
LBE,2021-01-06T16:30:00,42.9791666666642,4,7,t1,IV.15,LBE_MBE,[2]+,3,2,No,No,Homemade,Low,No,251.195457898876,3.986,247.209457898876,7.65,,,,,,9.936,0.906,0.116,1.02,0.376,0,0,0,,sanglier_2022,10.57745/BUJORT,282f5076857dd4f8ca38089a6d499909,Analyses!339,Inoculation!230,[2]+,0.88,,Events!8;Events!9,,False
LBE,2021-01-08T11:30:00,44.7708333333284,4,7,t3,IV.1,LBE_MBE,[0],1,0,No,No,Homemade,Low,No,244.669457898876,4.84499999999999,239.824457898876,7.72,,,,,,8.212,2.91,0.95,0.728,1.214,0.204,0,0.054,,sanglier_2022,10.57745/BUJORT,282f5076857dd4f8ca38089a6d499909,Analyses!340,Inoculation!216,[0],0,,Events!8;Events!9,,False
LBE,2021-01-08T11:30:00,44.7708333333284,4,7,t3,IV.2,LBE_MBE,[0],2,0,No,No,Homemade,Low,No,245.435457898876,4.834,240.601457898876,7.77,,,,,,8.106,2.544,0.938,0.714,1.234,0.162,0,0,,sanglier_2022,10.57745/BUJORT,282f5076857dd4f8ca38089a6d499909,Analyses!341,Inoculation!217,[0],0,,Events!8;Events!9,,False
LBE,2021-01-08T11:30:00,44.7708333333284,4,7,t3,IV.3,LBE_MBE,[0],3,0,No,No,Homemade,Low,No,245.514457898876,4.85,240.664457898876,7.67,,,,,,8.564,3.582,0.962,0.89,1.3,0.26,0,0.076,,sanglier_2022,10.57745/BUJORT,282f5076857dd4f8ca38089a6d499909,Analyses!342,Inoculation!218,[0],0,,Events!8;Events!9,,False
LBE,2021-01-08T11:30:00,44.7708333333284,4,7,t3,IV.4,LBE_MBE,[1],1,1,No,No,Homemade,Low,No,246.110457898876,4.87099999999999,241.239457898876,7.82,,,,,,8.13,1.422,0.196,0.714,1.186,0.11,0,0.066,,sanglier_2022,10.57745/BUJORT,282f5076857dd4f8ca38089a6d499909,Analyses!343,Inoculation!219,[1],0.44,,Events!8;Events!9,,False
LBE,2021-01-08T11:30:00,44.7708333333284,4,7,t3,IV.5,LBE_MBE,[1],2,1,No,No,Homemade,Low,No,246.220457898876,5.015,241.205457898876,7.77,,,,,,8.488,2.118,0.37,0.786,1.264,0.164,0.052,0.104,,sanglier_2022,10.57745/BUJORT,282f5076857dd4f8ca38089a6d499909,Analyses!344,Inoculation!220,[1],0.44,,Events!8;Events!9,,False
LBE,2021-01-08T11:30:00,44.7708333333284,4,7,t3,IV.6,LBE_MBE,[1],3,1,No,No,Homemade,Low,No,247.056457898876,4.864,242.192457898876,7.78,,,,,,8.128,1.686,0.486,0.708,1.24,0.128,0,0.078,,sanglier_2022,10.57745/BUJORT,282f5076857dd4f8ca38089a6d499909,Analyses!345,Inoculation!221,[1],0.44,,Events!8;Events!9,,False
LBE,2021-01-08T11:30:00,44.7708333333284,4,7,t3,IV.7,LBE_MBE,[2],1,2,No,No,Homemade,Low,No,246.126457898876,4.64,241.486457898876,7.81,,,,,,8.052,1.66,0.206,0.612,0.976,0.134,0,0.054,,sanglier_2022,10.57745/BUJORT,282f5076857dd4f8ca38089a6d499909,Analyses!346,Inoculation!222,[2],0.88,,Events!8;Events!9,,False
LBE,2021-01-08T11:30:00,44.7708333333284,4,7,t3,IV.8,LBE_MBE,[2],2,2,No,No,Homemade,Low,No,247.042457898876,3.78899999999999,243.253457898876,7.94,,,,,,7.726,1.658,0.218,0.738,0.8,0.122,0,0.068,,sanglier_2022,10.57745/BUJORT,282f5076857dd4f8ca38089a6d499909,Analyses!347,Inoculation!223,[2],0.88,,Events!8;Events!9,,False
LBE,2021-01-08T11:30:00,44.7708333333284,4,7,t3,IV.9,LBE_MBE,[2],3,2,No,No,Homemade,Low,No,245.759457898876,5.152,240.607457898876,7.85,,,,,,8.196,1.54,0.212,0.716,1.206,0.112,0,0,,sanglier_2022,10.57745/BUJORT,282f5076857dd4f8ca38089a6d499909,Analyses!348,Inoculation!224,[2],0.88,,Events!8;Events!9,,False
LBE,2021-01-08T11:30:00,44.7708333333284,4,7,t3,IV.10,LBE_MBE,[1]+,1,1,No,No,Homemade,Low,No,246.226457898876,3.417,242.809457898876,7.94,,,,,,8.242,2.146,0.596,0.71,1.242,0.154,0,0,,sanglier_2022,10.57745/BUJORT,282f5076857dd4f8ca38089a6d499909,Analyses!349,Inoculation!225,[1]+,0.44,,Events!8;Events!9,,False
LBE,2021-01-08T11:30:00,44.7708333333284,4,7,t3,IV.11,LBE_MBE,[1]+,2,1,No,No,Homemade,Low,No,245.773457898876,4.976,240.797457898876,7.85,,,,,,8.402,1.854,0.218,0.73,1.252,0.14,0,0,,sanglier_2022,10.57745/BUJORT,282f5076857dd4f8ca38089a6d499909,Analyses!350,Inoculation!226,[1]+,0.44,,Events!8;Events!9,,False
LBE,2021-01-08T11:30:00,44.7708333333284,4,7,t3,IV.12,LBE_MBE,[1]+,3,1,No,No,Homemade,Low,No,248.093457898876,4.426,243.667457898876,7.74,,,,,,8.83,1.79,0.63,0.832,1.282,0.14,0,0,,sanglier_2022,10.57745/BUJORT,282f5076857dd4f8ca38089a6d499909,Analyses!351,Inoculation!227,[1]+,0.44,,Events!8;Events!9,,False
LBE,2021-01-08T11:30:00,44.7708333333284,4,7,t3,IV.13,LBE_MBE,[2]+,1,2,No,No,Homemade,Low,No,246.718457898876,4.915,241.803457898876,7.77,,,,,,8.472,1.754,0.2,0.592,0.762,0.138,0,0,,sanglier_2022,10.57745/BUJORT,282f5076857dd4f8ca38089a6d499909,Analyses!352,Inoculation!228,[2]+,0.88,,Events!8;Events!9,,False
LBE,2021-01-08T11:30:00,44.7708333333284,4,7,t3,IV.14,LBE_MBE,[2]+,2,2,No,No,Homemade,Low,No,246.789457898876,3.80199999999999,242.987457898876,7.88,,,,,,8.398,1.688,0.192,0.69,0.584,0.14,0,0,,sanglier_2022,10.57745/BUJORT,282f5076857dd4f8ca38089a6d499909,Analyses!353,Inoculation!229,[2]+,0.88,,Events!8;Events!9,,False
LBE,2021-01-08T11:30:00,44.7708333333284,4,7,t3,IV.15,LBE_MBE,[2]+,3,2,No,No,Homemade,Low,No,247.209457898876,4.857,242.352457898876,7.79,,,,,,8.322,1.936,0.196,0.642,0.64,0.164,0,0,,sanglier_2022,10.57745/BUJORT,282f5076857dd4f8ca38089a6d499909,Analyses!354,Inoculation!230,[2]+,0.88,,Events!8;Events!9,,False
LBE,2021-01-12T09:30:00,48.6875,4,7,tf,IV.1,LBE_MBE,[0],1,0,No,No,Homemade,Low,No,239.824457898876,,239.824457898876,8.19,4.86,,27.75,0.0605504587155959,0.0440366972477067,3.166,3.588,0.956,0.04,1.256,0.048,0,0,,sanglier_2022,10.57745/BUJORT,282f5076857dd4f8ca38089a6d499909,Analyses!355,Inoculation!216,[0],0,,Events!8;Events!9,,False
LBE,2021-01-12T09:30:00,48.6875,4,7,tf,IV.2,LBE_MBE,[0],2,0,No,No,Homemade,Low,No,240.601457898876,,240.601457898876,8.29,4.98,,25.85,0.0623990603435614,0.0444868594919978,3.004,3.16,0.904,0.034,1.206,0.034,0,0,,sanglier_2022,10.57745/BUJORT,282f5076857dd4f8ca38089a6d499909,Analyses!356,Inoculation!217,[0],0,,Events!8;Events!9,,False
LBE,2021-01-12T09:30:00,48.6875,4,7,tf,IV.3,LBE_MBE,[0],3,0,No,No,Homemade,Low,No,240.664457898876,,240.664457898876,8.34,4.82,,27.5,0.0595681310498896,0.0420699925539834,3.71,4.632,1.04,0.048,1.37,0.066,0,0,,sanglier_2022,10.57745/BUJORT,282f5076857dd4f8ca38089a6d499909,Analyses!357,Inoculation!218,[0],0,,Events!8;Events!9,,False
LBE,2021-01-12T09:30:00,48.6875,4,7,tf,IV.4,LBE_MBE,[1],1,1,No,No,Homemade,Low,No,241.239457898876,,241.239457898876,8.35,4.56,,20,0.0563775510204081,0.0387755102040818,1.524,2.482,0.304,0,1.056,0,0,0,,sanglier_2022,10.57745/BUJORT,282f5076857dd4f8ca38089a6d499909,Analyses!358,Inoculation!219,[1],0.44,,Events!8;Events!9,,False
LBE,2021-01-12T09:30:00,48.6875,4,7,tf,IV.5,LBE_MBE,[1],2,1,No,No,Homemade,Low,No,241.205457898876,,241.205457898876,8.4,4.68,,24.65,0.060960591133005,0.0431034482758615,2.67,3.188,0.478,0,1.278,0,0,0,,sanglier_2022,10.57745/BUJORT,282f5076857dd4f8ca38089a6d499909,Analyses!359,Inoculation!220,[1],0.44,,Events!8;Events!9,,False
LBE,2021-01-12T09:30:00,48.6875,4,7,tf,IV.6,LBE_MBE,[1],3,1,No,No,Homemade,Low,No,242.192457898876,,242.192457898876,8.44,4.68,,22.7,0.0533684730686869,0.0372261571405038,2.184,2.934,0.488,0,1.196,0,0,0,,sanglier_2022,10.57745/BUJORT,282f5076857dd4f8ca38089a6d499909,Analyses!360,Inoculation!221,[1],0.44,,Events!8;Events!9,,False
LBE,2021-01-12T09:30:00,48.6875,4,7,tf,IV.7,LBE_MBE,[2],1,2,No,No,Homemade,Low,No,241.486457898876,,241.486457898876,8.39,4.54,,21.05,0.0624845945279765,0.0448607345329061,0.748,2.438,0.282,0,0.82,0,0,0,,sanglier_2022,10.57745/BUJORT,282f5076857dd4f8ca38089a6d499909,Analyses!361,Inoculation!222,[2],0.88,,Events!8;Events!9,,False
LBE,2021-01-12T09:30:00,48.6875,4,7,tf,IV.8,LBE_MBE,[2],2,2,No,No,Homemade,Low,No,243.253457898876,,243.253457898876,8.45,4.8,,21.05,0.0705054801243259,0.0549648290528391,1.638,2.708,0.328,0,0.754,0,0,0,,sanglier_2022,10.57745/BUJORT,282f5076857dd4f8ca38089a6d499909,Analyses!362,Inoculation!223,[2],0.88,,Events!8;Events!9,,False
LBE,2021-01-12T09:30:00,48.6875,4,7,tf,IV.9,LBE_MBE,[2],3,2,No,No,Homemade,Low,No,240.607457898876,,240.607457898876,8.48,4.46,,21.4,0.0619821542383688,0.0447737412364573,1.56,2.41,0.286,0,1.084,0,0,0,,sanglier_2022,10.57745/BUJORT,282f5076857dd4f8ca38089a6d499909,Analyses!363,Inoculation!224,[2],0.88,,Events!8;Events!9,,False
LBE,2021-01-12T09:30:00,48.6875,4,7,tf,IV.10,LBE_MBE,[1]+,1,1,No,No,Homemade,Low,No,242.809457898876,,242.809457898876,8.42,4.98,,24,0.0509792045225111,0.0347264284272152,2.38,3.072,0.554,0,1.212,0,0,0,,sanglier_2022,10.57745/BUJORT,282f5076857dd4f8ca38089a6d499909,Analyses!364,Inoculation!225,[1]+,0.44,,Events!8;Events!9,,False
LBE,2021-01-12T09:30:00,48.6875,4,7,tf,IV.11,LBE_MBE,[1]+,2,1,No,No,Homemade,Low,No,240.797457898876,,240.797457898876,8.42,5.24,,21.45,0.0542179746370149,0.0378606873736444,2.128,2.674,0.304,0,1.162,0,0,0,,sanglier_2022,10.57745/BUJORT,282f5076857dd4f8ca38089a6d499909,Analyses!365,Inoculation!226,[1]+,0.44,,Events!8;Events!9,,False
LBE,2021-01-12T09:30:00,48.6875,4,7,tf,IV.12,LBE_MBE,[1]+,3,1,No,No,Homemade,Low,No,243.667457898876,,243.667457898876,8.45,5.64,,21.15,0.0570101351351357,0.0411739864864865,2.508,2.628,0.538,0,1.17,0,0,0,,sanglier_2022,10.57745/BUJORT,282f5076857dd4f8ca38089a6d499909,Analyses!366,Inoculation!227,[1]+,0.44,,Events!8;Events!9,,False
LBE,2021-01-12T09:30:00,48.6875,4,7,tf,IV.13,LBE_MBE,[2]+,1,2,No,No,Homemade,Low,No,241.803457898876,,241.803457898876,8.4,4.8,,20.95,0.0592463515573931,,0.874,2.658,0.296,0,0.634,0,0,0,,sanglier_2022,10.57745/BUJORT,282f5076857dd4f8ca38089a6d499909,Analyses!367,Inoculation!228,[2]+,0.88,,Events!8;Events!9,,False
LBE,2021-01-12T09:30:00,48.6875,4,7,tf,IV.14,LBE_MBE,[2]+,2,2,No,No,Homemade,Low,No,242.987457898876,,242.987457898876,8.46,4.62,,19.4,0.0596201486374892,0.0427745664739885,1.504,2.488,0.258,0,0.454,0,0,0,,sanglier_2022,10.57745/BUJORT,282f5076857dd4f8ca38089a6d499909,Analyses!368,Inoculation!229,[2]+,0.88,,Events!8;Events!9,,False
LBE,2021-01-12T09:30:00,48.6875,4,7,tf,IV.15,LBE_MBE,[2]+,3,2,No,No,Homemade,Low,No,242.352457898876,,242.352457898876,8.47,4.78,,20.25,0.074007936507936,0.0543650793650781,0.89,2.702,0.294,0,0.506,0,0,0,,sanglier_2022,10.57745/BUJORT,282f5076857dd4f8ca38089a6d499909,Analyses!369,Inoculation!230,[2]+,0.88,,Events!8;Events!9,,False
LBE,2021-01-12T14:30:00,48.8958333333284,5,8,t0,IV.1,LBE_MBE,[0],1,0,No,No,Homemade,Low,No,249.925457898876,,249.925457898876,,,,,,,,,,,,,,,,sanglier_2022,10.57745/BUJORT,282f5076857dd4f8ca38089a6d499909,Analyses!370,Inoculation!231,[0],0,,Events!8;Events!9,,False
LBE,2021-01-12T14:30:00,48.8958333333284,5,8,t0,IV.2,LBE_MBE,[0],2,0,No,No,Homemade,Low,No,249.875457898876,,249.875457898876,,,,,,,,,,,,,,,,sanglier_2022,10.57745/BUJORT,282f5076857dd4f8ca38089a6d499909,Analyses!371,Inoculation!232,[0],0,,Events!8;Events!9,,False
LBE,2021-01-12T14:30:00,48.8958333333284,5,8,t0,IV.3,LBE_MBE,[0],3,0,No,No,Homemade,Low,No,250.285457898876,,250.285457898876,,,,,,,,,,,,,,,,sanglier_2022,10.57745/BUJORT,282f5076857dd4f8ca38089a6d499909,Analyses!372,Inoculation!233,[0],0,,Events!8;Events!9,,False
LBE,2021-01-12T14:30:00,48.8958333333284,5,8,t0,IV.4,LBE_MBE,[1],1,1,No,No,Homemade,Low,No,250.415457898876,,250.415457898876,,,,,,,,,,,,,,,,sanglier_2022,10.57745/BUJORT,282f5076857dd4f8ca38089a6d499909,Analyses!373,Inoculation!234,[1],0.44,,Events!8;Events!9,,False
LBE,2021-01-12T14:30:00,48.8958333333284,5,8,t0,IV.5,LBE_MBE,[1],2,1,No,No,Homemade,Low,No,250.365457898876,,250.365457898876,,,,,,,,,,,,,,,,sanglier_2022,10.57745/BUJORT,282f5076857dd4f8ca38089a6d499909,Analyses!374,Inoculation!235,[1],0.44,,Events!8;Events!9,,False
LBE,2021-01-12T14:30:00,48.8958333333284,5,8,t0,IV.6,LBE_MBE,[1],3,1,No,No,Homemade,Low,No,251.045457898876,,251.045457898876,,,,,,,,,,,,,,,,sanglier_2022,10.57745/BUJORT,282f5076857dd4f8ca38089a6d499909,Analyses!375,Inoculation!236,[1],0.44,,Events!8;Events!9,,False
LBE,2021-01-12T14:30:00,48.8958333333284,5,8,t0,IV.7,LBE_MBE,[2],1,2,No,No,Homemade,Low,No,251.345457898876,,251.345457898876,,,,,,,,,,,,,,,,sanglier_2022,10.57745/BUJORT,282f5076857dd4f8ca38089a6d499909,Analyses!376,Inoculation!237,[2],0.88,,Events!8;Events!9,,False
LBE,2021-01-12T14:30:00,48.8958333333284,5,8,t0,IV.8,LBE_MBE,[2],2,2,No,No,Homemade,Low,No,251.335457898876,,251.335457898876,,,,,,,,,,,,,,,,sanglier_2022,10.57745/BUJORT,282f5076857dd4f8ca38089a6d499909,Analyses!377,Inoculation!238,[2],0.88,,Events!8;Events!9,,False
LBE,2021-01-12T14:30:00,48.8958333333284,5,8,t0,IV.9,LBE_MBE,[2],3,2,No,No,Homemade,Low,No,250.585457898876,,250.585457898876,,,,,,,,,,,,,,,,sanglier_2022,10.57745/BUJORT,282f5076857dd4f8ca38089a6d499909,Analyses!378,Inoculation!239,[2],0.88,,Events!8;Events!9,,False
LBE,2021-01-12T14:30:00,48.8958333333284,5,8,t0,IV.10,LBE_MBE,[1]+,1,1,No,No,Homemade,Low,No,250.855457898876,,250.855457898876,,,,,,,,,,,,,,,,sanglier_2022,10.57745/BUJORT,282f5076857dd4f8ca38089a6d499909,Analyses!379,Inoculation!240,[1]+,0.44,,Events!8;Events!9,,False
LBE,2021-01-12T14:30:00,48.8958333333284,5,8,t0,IV.11,LBE_MBE,[1]+,2,1,No,No,Homemade,Low,No,250.555457898876,,250.555457898876,,,,,,,,,,,,,,,,sanglier_2022,10.57745/BUJORT,282f5076857dd4f8ca38089a6d499909,Analyses!380,Inoculation!241,[1]+,0.44,,Events!8;Events!9,,False
LBE,2021-01-12T14:30:00,48.8958333333284,5,8,t0,IV.12,LBE_MBE,[1]+,3,1,No,No,Homemade,Low,No,250.935457898876,,250.935457898876,,,,,,,,,,,,,,,,sanglier_2022,10.57745/BUJORT,282f5076857dd4f8ca38089a6d499909,Analyses!381,Inoculation!242,[1]+,0.44,,Events!8;Events!9,,False
LBE,2021-01-12T14:30:00,48.8958333333284,5,8,t0,IV.13,LBE_MBE,[2]+,1,2,No,No,Homemade,Low,No,251.415457898876,,251.415457898876,,,,,,,,,,,,,,,,sanglier_2022,10.57745/BUJORT,282f5076857dd4f8ca38089a6d499909,Analyses!382,Inoculation!243,[2]+,0.88,,Events!8;Events!9,,False
LBE,2021-01-12T14:30:00,48.8958333333284,5,8,t0,IV.14,LBE_MBE,[2]+,2,2,No,No,Homemade,Low,No,251.975457898876,,251.975457898876,,,,,,,,,,,,,,,,sanglier_2022,10.57745/BUJORT,282f5076857dd4f8ca38089a6d499909,Analyses!383,Inoculation!244,[2]+,0.88,,Events!8;Events!9,,False
LBE,2021-01-12T14:30:00,48.8958333333284,5,8,t0,IV.15,LBE_MBE,[2]+,3,2,No,No,Homemade,Low,No,251.515457898876,,251.515457898876,,,,,,,,,,,,,,,,sanglier_2022,10.57745/BUJORT,282f5076857dd4f8ca38089a6d499909,Analyses!384,Inoculation!245,[2]+,0.88,,Events!8;Events!9,,False
LBE,2021-01-13T15:00:00,49.9166666666642,5,8,t1,IV.1,LBE_MBE,[0],1,0,No,No,Homemade,Low,No,249.925457898876,4.107,245.818457898876,7.14,,,,,,9.016,3.798,0.81,1.094,1.174,0.226,0,0.114,,sanglier_2022,10.57745/BUJORT,282f5076857dd4f8ca38089a6d499909,Analyses!385,Inoculation!231,[0],0,,Events!6;Events!8;Events!9,,False
LBE,2021-01-13T15:00:00,49.9166666666642,5,8,t1,IV.2,LBE_MBE,[0],2,0,No,No,Homemade,Low,No,249.875457898876,4.614,245.261457898876,7.08,,,,,,10.15,3.392,0.822,1.104,1.246,0.196,0,0.11,,sanglier_2022,10.57745/BUJORT,282f5076857dd4f8ca38089a6d499909,Analyses!386,Inoculation!232,[0],0,,Events!6;Events!8;Events!9,,False
LBE,2021-01-13T15:00:00,49.9166666666642,5,8,t1,IV.3,LBE_MBE,[0],3,0,No,No,Homemade,Low,No,250.285457898876,4.797,245.488457898876,7.02,,,,,,9.554,4.406,0.92,1.35,1.356,0.262,0,0.132,,sanglier_2022,10.57745/BUJORT,282f5076857dd4f8ca38089a6d499909,Analyses!387,Inoculation!233,[0],0,,Events!6;Events!8;Events!9,,False
LBE,2021-01-13T15:00:00,49.9166666666642,5,8,t1,IV.4,LBE_MBE,[1],1,1,No,No,Homemade,Low,No,250.415457898876,4.3,246.115457898876,7.28,,,,,,9.5,3.112,0.38,1.136,1.224,0.224,0.056,0.134,,sanglier_2022,10.57745/BUJORT,282f5076857dd4f8ca38089a6d499909,Analyses!388,Inoculation!234,[1],0.44,,Events!6;Events!8;Events!9,,False
LBE,2021-01-13T15:00:00,49.9166666666642,5,8,t1,IV.5,LBE_MBE,[1],2,1,No,No,Homemade,Low,No,250.365457898876,4.175,246.190457898876,7.16,,,,,,9.646,3.132,0.434,1.124,1.21,0.216,0,0.114,,sanglier_2022,10.57745/BUJORT,282f5076857dd4f8ca38089a6d499909,Analyses!389,Inoculation!235,[1],0.44,,Events!6;Events!8;Events!9,,False
LBE,2021-01-13T15:00:00,49.9166666666642,5,8,t1,IV.6,LBE_MBE,[1],3,1,No,No,Homemade,Low,No,251.045457898876,4.137,246.908457898876,7.2,,,,,,10.222,3.226,0.506,1.158,1.328,0.248,0,0.134,,sanglier_2022,10.57745/BUJORT,282f5076857dd4f8ca38089a6d499909,Analyses!390,Inoculation!236,[1],0.44,,Events!6;Events!8;Events!9,,False
LBE,2021-01-13T15:00:00,49.9166666666642,5,8,t1,IV.7,LBE_MBE,[2],1,2,No,No,Homemade,Low,No,251.345457898876,4.45699999999999,246.888457898876,7.26,,,,,,9.02,2.916,0.336,1,1.012,0.214,0,0.102,,sanglier_2022,10.57745/BUJORT,282f5076857dd4f8ca38089a6d499909,Analyses!391,Inoculation!237,[2],0.88,,Events!6;Events!8;Events!9,,False
LBE,2021-01-13T15:00:00,49.9166666666642,5,8,t1,IV.8,LBE_MBE,[2],2,2,No,No,Homemade,Low,No,251.335457898876,4.41,246.925457898876,7.37,,,,,,9.954,3.058,0.38,1.162,0.964,0.228,0.04,0.114,,sanglier_2022,10.57745/BUJORT,282f5076857dd4f8ca38089a6d499909,Analyses!392,Inoculation!238,[2],0.88,,Events!6;Events!8;Events!9,,False
LBE,2021-01-13T15:00:00,49.9166666666642,5,8,t1,IV.9,LBE_MBE,[2],3,2,No,No,Homemade,Low,No,250.585457898876,3.513,247.072457898876,7.49,,,,,,9.368,2.852,0.34,1.136,1.174,0.216,0.056,0.13,,sanglier_2022,10.57745/BUJORT,282f5076857dd4f8ca38089a6d499909,Analyses!393,Inoculation!239,[2],0.88,,Events!6;Events!8;Events!9,,False
LBE,2021-01-13T15:00:00,49.9166666666642,5,8,t1,IV.10,LBE_MBE,[1]+,1,1,No,No,Homemade,Low,No,250.855457898876,3.755,247.100457898876,7.29,,,,,,9.17,3.38,0.552,1.082,1.316,0.238,0.044,0.112,,sanglier_2022,10.57745/BUJORT,282f5076857dd4f8ca38089a6d499909,Analyses!394,Inoculation!240,[1]+,0.44,,Events!6;Events!8;Events!9,,False
LBE,2021-01-13T15:00:00,49.9166666666642,5,8,t1,IV.11,LBE_MBE,[1]+,2,1,No,No,Homemade,Low,No,250.555457898876,4.24999999999999,246.305457898876,7.22,,,,,,10.482,3.204,0.36,1.236,1.268,0.244,0,0.142,,sanglier_2022,10.57745/BUJORT,282f5076857dd4f8ca38089a6d499909,Analyses!395,Inoculation!241,[1]+,0.44,,Events!6;Events!8;Events!9,,False
LBE,2021-01-13T15:00:00,49.9166666666642,5,8,t1,IV.12,LBE_MBE,[1]+,3,1,No,No,Homemade,Low,No,250.935457898876,3.524,247.411457898876,7.28,,,,,,10.012,3.004,0.542,1.152,1.28,0.226,0.042,0.126,,sanglier_2022,10.57745/BUJORT,282f5076857dd4f8ca38089a6d499909,Analyses!396,Inoculation!242,[1]+,0.44,,Events!6;Events!8;Events!9,,False
LBE,2021-01-13T15:00:00,49.9166666666642,5,8,t1,IV.13,LBE_MBE,[2]+,1,2,No,No,Homemade,Low,No,251.415457898876,4.23099999999999,247.184457898876,7.33,,,,,,8.578,2.894,0.324,0.834,0.822,0.218,0,0.08,,sanglier_2022,10.57745/BUJORT,282f5076857dd4f8ca38089a6d499909,Analyses!397,Inoculation!243,[2]+,0.88,,Events!6;Events!8;Events!9,,False
LBE,2021-01-13T15:00:00,49.9166666666642,5,8,t1,IV.14,LBE_MBE,[2]+,2,2,No,No,Homemade,Low,No,251.975457898876,4.423,247.552457898876,7.19,,,,,,9.836,3.086,0.328,1.206,0.734,0.224,0.05,0.1,,sanglier_2022,10.57745/BUJORT,282f5076857dd4f8ca38089a6d499909,Analyses!398,Inoculation!244,[2]+,0.88,,Events!6;Events!8;Events!9,,False
LBE,2021-01-13T15:00:00,49.9166666666642,5,8,t1,IV.15,LBE_MBE,[2]+,3,2,No,No,Homemade,Low,No,251.515457898876,4.059,247.456457898876,7.35,,,,,,9.226,3.244,0.35,0.994,0.748,0.248,0.046,0.096,,sanglier_2022,10.57745/BUJORT,282f5076857dd4f8ca38089a6d499909,Analyses!399,Inoculation!245,[2]+,0.88,,Events!6;Events!8;Events!9,,False
LBE,2021-01-15T11:30:00,51.7708333333284,5,8,t3,IV.1,LBE_MBE,[0],1,0,No,No,Homemade,Low,No,245.818457898876,4.778,241.040457898876,7.57,,,,,,9.092,4.582,0.992,0.884,1.596,0.482,0,0.108,,sanglier_2022,10.57745/BUJORT,282f5076857dd4f8ca38089a6d499909,Analyses!400,Inoculation!231,[0],0,,Events!6;Events!8;Events!9,,False
LBE,2021-01-15T11:30:00,51.7708333333284,5,8,t3,IV.2,LBE_MBE,[0],2,0,No,No,Homemade,Low,No,245.261457898876,4.989,240.272457898876,7.5,,,,,,9.964,3.98,0.982,0.924,1.65,0.402,0,0.106,,sanglier_2022,10.57745/BUJORT,282f5076857dd4f8ca38089a6d499909,Analyses!401,Inoculation!232,[0],0,,Events!6;Events!8;Events!9,,False
LBE,2021-01-15T11:30:00,51.7708333333284,5,8,t3,IV.3,LBE_MBE,[0],3,0,No,No,Homemade,Low,No,245.488457898876,4.766,240.722457898876,7.29,,,,,,10.44,5.168,1.062,1.058,1.666,0.502,0,0.138,,sanglier_2022,10.57745/BUJORT,282f5076857dd4f8ca38089a6d499909,Analyses!402,Inoculation!233,[0],0,,Events!6;Events!8;Events!9,,False
LBE,2021-01-15T11:30:00,51.7708333333284,5,8,t3,IV.4,LBE_MBE,[1],1,1,No,No,Homemade,Low,No,246.115457898876,4.50999999999999,241.605457898876,7.96,,,,,,7.614,3.962,0.474,0.372,1.504,0.27,0,0.054,,sanglier_2022,10.57745/BUJORT,282f5076857dd4f8ca38089a6d499909,Analyses!403,Inoculation!234,[1],0.44,,Events!6;Events!8;Events!9,,False
LBE,2021-01-15T11:30:00,51.7708333333284,5,8,t3,IV.5,LBE_MBE,[1],2,1,No,No,Homemade,Low,No,246.190457898876,5.13,241.060457898876,7.57,,,,,,9.18,3.894,0.562,0.632,1.608,0.376,0,0.054,,sanglier_2022,10.57745/BUJORT,282f5076857dd4f8ca38089a6d499909,Analyses!404,Inoculation!235,[1],0.44,,Events!6;Events!8;Events!9,,False
LBE,2021-01-15T11:30:00,51.7708333333284,5,8,t3,IV.6,LBE_MBE,[1],3,1,No,No,Homemade,Low,No,246.908457898876,5.15,241.758457898876,7.68,,,,,,8.248,4.022,0.618,0.49,1.63,0.328,0,0,,sanglier_2022,10.57745/BUJORT,282f5076857dd4f8ca38089a6d499909,Analyses!405,Inoculation!236,[1],0.44,,Events!6;Events!8;Events!9,,False
LBE,2021-01-15T11:30:00,51.7708333333284,5,8,t3,IV.7,LBE_MBE,[2],1,2,No,No,Homemade,Low,No,246.888457898876,4.691,242.197457898876,7.79,,,,,,6.946,3.708,0.462,0.298,1.342,0.222,0,0.038,,sanglier_2022,10.57745/BUJORT,282f5076857dd4f8ca38089a6d499909,Analyses!406,Inoculation!237,[2],0.88,,Events!6;Events!8;Events!9,,False
LBE,2021-01-15T11:30:00,51.7708333333284,5,8,t3,IV.8,LBE_MBE,[2],2,2,No,No,Homemade,Low,No,246.925457898876,4.56399999999999,242.361457898876,7.77,,,,,,8.306,4.248,0.546,0.5,1.398,0.314,0,0,,sanglier_2022,10.57745/BUJORT,282f5076857dd4f8ca38089a6d499909,Analyses!407,Inoculation!238,[2],0.88,,Events!6;Events!8;Events!9,,False
LBE,2021-01-15T11:30:00,51.7708333333284,5,8,t3,IV.9,LBE_MBE,[2],3,2,No,No,Homemade,Low,No,247.072457898876,3.07599999999999,243.996457898876,7.77,,,,,,9.462,4.166,0.516,0.564,1.62,0.296,0,0,,sanglier_2022,10.57745/BUJORT,282f5076857dd4f8ca38089a6d499909,Analyses!408,Inoculation!239,[2],0.88,,Events!6;Events!8;Events!9,,False
LBE,2021-01-15T11:30:00,51.7708333333284,5,8,t3,IV.10,LBE_MBE,[1]+,1,1,No,No,Homemade,Low,No,247.100457898876,4.40399999999999,242.696457898876,7.63,,,,,,9.622,4.33,0.716,0.716,1.726,0.404,0,0,,sanglier_2022,10.57745/BUJORT,282f5076857dd4f8ca38089a6d499909,Analyses!409,Inoculation!240,[1]+,0.44,,Events!6;Events!8;Events!9,,False
LBE,2021-01-15T11:30:00,51.7708333333284,5,8,t3,IV.11,LBE_MBE,[1]+,2,1,No,No,Homemade,Low,No,246.305457898876,4.593,241.712457898876,7.7,,,,,,7.892,3.918,0.458,0.518,1.562,0.35,0,0.036,,sanglier_2022,10.57745/BUJORT,282f5076857dd4f8ca38089a6d499909,Analyses!410,Inoculation!241,[1]+,0.44,,Events!6;Events!8;Events!9,,False
LBE,2021-01-15T11:30:00,51.7708333333284,5,8,t3,IV.12,LBE_MBE,[1]+,3,1,No,No,Homemade,Low,No,247.411457898876,4.64999999999999,242.761457898876,7.64,,,,,,8.206,3.704,0.646,0.576,1.58,0.344,0.042,0.046,,sanglier_2022,10.57745/BUJORT,282f5076857dd4f8ca38089a6d499909,Analyses!411,Inoculation!242,[1]+,0.44,,Events!6;Events!8;Events!9,,False
LBE,2021-01-15T11:30:00,51.7708333333284,5,8,t3,IV.13,LBE_MBE,[2]+,1,2,No,No,Homemade,Low,No,247.184457898876,4.379,242.805457898876,7.74,,,,,,6.76,4.022,0.454,0.304,1.166,0.252,0,0,,sanglier_2022,10.57745/BUJORT,282f5076857dd4f8ca38089a6d499909,Analyses!412,Inoculation!243,[2]+,0.88,,Events!6;Events!8;Events!9,,False
LBE,2021-01-15T11:30:00,51.7708333333284,5,8,t3,IV.14,LBE_MBE,[2]+,2,2,No,No,Homemade,Low,No,247.552457898876,4.924,242.628457898876,7.74,,,,,,7.176,3.98,0.442,0.41,1.026,0.312,0,0,,sanglier_2022,10.57745/BUJORT,282f5076857dd4f8ca38089a6d499909,Analyses!413,Inoculation!244,[2]+,0.88,,Events!6;Events!8;Events!9,,False
LBE,2021-01-15T11:30:00,51.7708333333284,5,8,t3,IV.15,LBE_MBE,[2]+,3,2,No,No,Homemade,Low,No,247.456457898876,4.74799999999999,242.708457898876,7.74,,,,,,6.678,3.928,0.444,0.28,1.008,0.226,0.046,0,,sanglier_2022,10.57745/BUJORT,282f5076857dd4f8ca38089a6d499909,Analyses!414,Inoculation!245,[2]+,0.88,,Events!6;Events!8;Events!9,,False
LBE,2021-01-19T09:30:00,55.6875,5,8,tf,IV.1,LBE_MBE,[0],1,0,No,No,Homemade,Low,No,241.040457898876,,241.040457898876,8.37,4.54,,30.8,0.0526681489716506,0.0376598110061146,1.89,5.436,0.948,0,1.274,0,0,0,,sanglier_2022,10.57745/BUJORT,282f5076857dd4f8ca38089a6d499909,Analyses!415,Inoculation!231,[0],0,,Events!6;Events!8;Events!9,,False
LBE,2021-01-19T09:30:00,55.6875,5,8,tf,IV.2,LBE_MBE,[0],2,0,No,No,Homemade,Low,No,240.272457898876,,240.272457898876,8.41,4.12,,28.4,0.0713554987212267,0.0552429667519166,2.488,4.742,0.91,0,1.352,0.034,0,0,,sanglier_2022,10.57745/BUJORT,282f5076857dd4f8ca38089a6d499909,Analyses!416,Inoculation!232,[0],0,,Events!6;Events!8;Events!9,,False
LBE,2021-01-19T09:30:00,55.6875,5,8,tf,IV.3,LBE_MBE,[0],3,0,No,No,Homemade,Low,No,240.722457898876,,240.722457898876,8.39,4.14,,33.05,0.055740740740741,0.0401851851851849,4.104,5.888,1.066,0.04,1.65,0.092,0,0,,sanglier_2022,10.57745/BUJORT,282f5076857dd4f8ca38089a6d499909,Analyses!417,Inoculation!233,[0],0,,Events!6;Events!8;Events!9,,False
LBE,2021-01-19T09:30:00,55.6875,5,8,tf,IV.4,LBE_MBE,[1],1,1,No,No,Homemade,Low,No,241.605457898876,,241.605457898876,8.46,3.66,,23.9,0.0577849117174958,0.0413322632423757,0.532,4.134,0.5,0,1.082,0,0,0,,sanglier_2022,10.57745/BUJORT,282f5076857dd4f8ca38089a6d499909,Analyses!418,Inoculation!234,[1],0.44,,Events!6;Events!8;Events!9,,False
LBE,2021-01-19T09:30:00,55.6875,5,8,tf,IV.5,LBE_MBE,[1],2,1,No,No,Homemade,Low,No,241.060457898876,,241.060457898876,8.45,4.34,,28.3,0.0569958440530378,0.0423510785671882,1.268,5.178,0.662,0,1.282,0,0,0,,sanglier_2022,10.57745/BUJORT,282f5076857dd4f8ca38089a6d499909,Analyses!419,Inoculation!235,[1],0.44,,Events!6;Events!8;Events!9,,False
LBE,2021-01-19T09:30:00,55.6875,5,8,tf,IV.6,LBE_MBE,[1],3,1,No,No,Homemade,Low,No,241.758457898876,,241.758457898876,8.31,4.04,,26.85,0.0443673543910891,0.0299433996713519,0.946,4.932,0.476,0,1.266,0,0,0,,sanglier_2022,10.57745/BUJORT,282f5076857dd4f8ca38089a6d499909,Analyses!420,Inoculation!236,[1],0.44,,Events!6;Events!8;Events!9,,False
LBE,2021-01-19T09:30:00,55.6875,5,8,tf,IV.7,LBE_MBE,[2],1,2,No,No,Homemade,Low,No,242.197457898876,,242.197457898876,8.46,3.9,,24.45,0.0601456815816853,0.0430801248699273,0.412,4.624,0.548,0,1.028,0,0,0,,sanglier_2022,10.57745/BUJORT,282f5076857dd4f8ca38089a6d499909,Analyses!421,Inoculation!237,[2],0.88,,Events!6;Events!8;Events!9,,False
LBE,2021-01-19T09:30:00,55.6875,5,8,tf,IV.8,LBE_MBE,[2],2,2,No,No,Homemade,Low,No,242.361457898876,,242.361457898876,8.45,4.84,,25.15,0.0726927939317332,0.0543615676359044,0.51,4.756,0.578,0,0.922,0,0,0,,sanglier_2022,10.57745/BUJORT,282f5076857dd4f8ca38089a6d499909,Analyses!422,Inoculation!238,[2],0.88,,Events!6;Events!8;Events!9,,False
LBE,2021-01-19T09:30:00,55.6875,5,8,tf,IV.9,LBE_MBE,[2],3,2,No,No,Homemade,Low,No,243.996457898876,,243.996457898876,8.4,4.62,,25,0.0515366430260044,0.0360914105594955,0.526,4.926,0.578,0,1.232,0,0,0,,sanglier_2022,10.57745/BUJORT,282f5076857dd4f8ca38089a6d499909,Analyses!423,Inoculation!239,[2],0.88,,Events!6;Events!8;Events!9,,False
LBE,2021-01-19T09:30:00,55.6875,5,8,tf,IV.10,LBE_MBE,[1]+,1,1,No,No,Homemade,Low,No,242.696457898876,,242.696457898876,8.34,4.38,,28.15,0.0562426767347986,0.0397083713058186,1.224,4.988,0.582,0,1.244,0,0,0,,sanglier_2022,10.57745/BUJORT,282f5076857dd4f8ca38089a6d499909,Analyses!424,Inoculation!240,[1]+,0.44,,Events!6;Events!8;Events!9,,False
LBE,2021-01-19T09:30:00,55.6875,5,8,tf,IV.11,LBE_MBE,[1]+,2,1,No,No,Homemade,Low,No,241.712457898876,,241.712457898876,8.47,4.12,,26.2,0.0546243344507988,0.0380595543285351,0.57,4.592,0.488,0,1.12,0,0,0,,sanglier_2022,10.57745/BUJORT,282f5076857dd4f8ca38089a6d499909,Analyses!425,Inoculation!241,[1]+,0.44,,Events!6;Events!8;Events!9,,False
LBE,2021-01-19T09:30:00,55.6875,5,8,tf,IV.12,LBE_MBE,[1]+,3,1,No,No,Homemade,Low,No,242.761457898876,,242.761457898876,8.42,4.44,,26.9,0.0538793103448277,0.0384852216748768,1.076,5.05,0.648,0,1.32,0,0,0,,sanglier_2022,10.57745/BUJORT,282f5076857dd4f8ca38089a6d499909,Analyses!426,Inoculation!242,[1]+,0.44,,Events!6;Events!8;Events!9,,False
LBE,2021-01-19T09:30:00,55.6875,5,8,tf,IV.13,LBE_MBE,[2]+,1,2,No,No,Homemade,Low,No,242.805457898876,,242.805457898876,8.35,4.04,,24.9,0.0641690682036502,0.0466858789625364,0.344,4.734,0.53,0,0.842,0,0,0,,sanglier_2022,10.57745/BUJORT,282f5076857dd4f8ca38089a6d499909,Analyses!427,Inoculation!243,[2]+,0.88,,Events!6;Events!8;Events!9,,False
LBE,2021-01-19T09:30:00,55.6875,5,8,tf,IV.14,LBE_MBE,[2]+,2,2,No,No,Homemade,Low,No,242.628457898876,,242.628457898876,8.35,4.12,,24.2,0.0659751742900864,0.0479510287366088,0.354,4.676,0.528,0,0.67,0,0,0,,sanglier_2022,10.57745/BUJORT,282f5076857dd4f8ca38089a6d499909,Analyses!428,Inoculation!244,[2]+,0.88,,Events!6;Events!8;Events!9,,False
LBE,2021-01-19T09:30:00,55.6875,5,8,tf,IV.15,LBE_MBE,[2]+,3,2,No,No,Homemade,Low,No,242.708457898876,,242.708457898876,8.35,4.8,,23.65,0.0687509721574106,0.051641001710996,0.29,4.9,0.558,0,0.726,0,0,0,,sanglier_2022,10.57745/BUJORT,282f5076857dd4f8ca38089a6d499909,Analyses!429,Inoculation!245,[2]+,0.88,,Events!6;Events!8;Events!9,,False
LBE,2021-01-19T16:30:00,55.9791666666642,6,9,t0,IV.1,LBE_MBE,[0],1,0,No,No,Homemade,Low,No,249.935457898876,,249.935457898876,,,,,,,,,,,,,,,,sanglier_2022,10.57745/BUJORT,282f5076857dd4f8ca38089a6d499909,Analyses!430,Inoculation!246,[0],0,,Events!6;Events!8;Events!9,,False
LBE,2021-01-19T16:30:00,55.9791666666642,6,9,t0,IV.2,LBE_MBE,[0],2,0,No,No,Homemade,Low,No,250.205457898876,,250.205457898876,,,,,,,,,,,,,,,,sanglier_2022,10.57745/BUJORT,282f5076857dd4f8ca38089a6d499909,Analyses!431,Inoculation!247,[0],0,,Events!6;Events!8;Events!9,,False
LBE,2021-01-19T16:30:00,55.9791666666642,6,9,t0,IV.3,LBE_MBE,[0],3,0,No,No,Homemade,Low,No,249.705457898876,,249.705457898876,,,,,,,,,,,,,,,,sanglier_2022,10.57745/BUJORT,282f5076857dd4f8ca38089a6d499909,Analyses!432,Inoculation!248,[0],0,,Events!6;Events!8;Events!9,,False
LBE,2021-01-19T16:30:00,55.9791666666642,6,9,t0,IV.4,LBE_MBE,[1],1,1,No,No,Homemade,Low,No,251.035457898876,,251.035457898876,,,,,,,,,,,,,,,,sanglier_2022,10.57745/BUJORT,282f5076857dd4f8ca38089a6d499909,Analyses!433,Inoculation!249,[1],0.44,,Events!6;Events!8;Events!9,,False
LBE,2021-01-19T16:30:00,55.9791666666642,6,9,t0,IV.5,LBE_MBE,[1],2,1,No,No,Homemade,Low,No,250.665457898876,,250.665457898876,,,,,,,,,,,,,,,,sanglier_2022,10.57745/BUJORT,282f5076857dd4f8ca38089a6d499909,Analyses!434,Inoculation!250,[1],0.44,,Events!6;Events!8;Events!9,,False
LBE,2021-01-19T16:30:00,55.9791666666642,6,9,t0,IV.6,LBE_MBE,[1],3,1,No,No,Homemade,Low,No,250.445457898876,,250.445457898876,,,,,,,,,,,,,,,,sanglier_2022,10.57745/BUJORT,282f5076857dd4f8ca38089a6d499909,Analyses!435,Inoculation!251,[1],0.44,,Events!6;Events!8;Events!9,,False
LBE,2021-01-19T16:30:00,55.9791666666642,6,9,t0,IV.7,LBE_MBE,[2],1,2,No,No,Homemade,Low,No,250.875457898876,,250.875457898876,,,,,,,,,,,,,,,,sanglier_2022,10.57745/BUJORT,282f5076857dd4f8ca38089a6d499909,Analyses!436,Inoculation!252,[2],0.88,,Events!6;Events!8;Events!9,,False
LBE,2021-01-19T16:30:00,55.9791666666642,6,9,t0,IV.8,LBE_MBE,[2],2,2,No,No,Homemade,Low,No,250.755457898876,,250.755457898876,,,,,,,,,,,,,,,,sanglier_2022,10.57745/BUJORT,282f5076857dd4f8ca38089a6d499909,Analyses!437,Inoculation!253,[2],0.88,,Events!6;Events!8;Events!9,,False
LBE,2021-01-19T16:30:00,55.9791666666642,6,9,t0,IV.9,LBE_MBE,[2],3,2,No,No,Homemade,Low,No,250.865457898876,,250.865457898876,,,,,,,,,,,,,,,,sanglier_2022,10.57745/BUJORT,282f5076857dd4f8ca38089a6d499909,Analyses!438,Inoculation!254,[2],0.88,,Events!6;Events!8;Events!9,,False
LBE,2021-01-19T16:30:00,55.9791666666642,6,9,t0,IV.10,LBE_MBE,[1]+,1,1,No,No,Homemade,Low,No,250.835457898876,,250.835457898876,,,,,,,,,,,,,,,,sanglier_2022,10.57745/BUJORT,282f5076857dd4f8ca38089a6d499909,Analyses!439,Inoculation!255,[1]+,0.44,,Events!6;Events!8;Events!9,,False
LBE,2021-01-19T16:30:00,55.9791666666642,6,9,t0,IV.11,LBE_MBE,[1]+,2,1,No,No,Homemade,Low,No,250.285457898876,,250.285457898876,,,,,,,,,,,,,,,,sanglier_2022,10.57745/BUJORT,282f5076857dd4f8ca38089a6d499909,Analyses!440,Inoculation!256,[1]+,0.44,,Events!6;Events!8;Events!9,,False
LBE,2021-01-19T16:30:00,55.9791666666642,6,9,t0,IV.12,LBE_MBE,[1]+,3,1,No,No,Homemade,Low,No,250.355457898876,,250.355457898876,,,,,,,,,,,,,,,,sanglier_2022,10.57745/BUJORT,282f5076857dd4f8ca38089a6d499909,Analyses!441,Inoculation!257,[1]+,0.44,,Events!6;Events!8;Events!9,,False
LBE,2021-01-19T16:30:00,55.9791666666642,6,9,t0,IV.13,LBE_MBE,[2]+,1,2,No,No,Homemade,Low,No,251.835457898876,,251.835457898876,,,,,,,,,,,,,,,,sanglier_2022,10.57745/BUJORT,282f5076857dd4f8ca38089a6d499909,Analyses!442,Inoculation!258,[2]+,0.88,,Events!6;Events!8;Events!9,,False
LBE,2021-01-19T16:30:00,55.9791666666642,6,9,t0,IV.14,LBE_MBE,[2]+,2,2,No,No,Homemade,Low,No,250.625457898876,,250.625457898876,,,,,,,,,,,,,,,,sanglier_2022,10.57745/BUJORT,282f5076857dd4f8ca38089a6d499909,Analyses!443,Inoculation!259,[2]+,0.88,,Events!6;Events!8;Events!9,,False
LBE,2021-01-19T16:30:00,55.9791666666642,6,9,t0,IV.15,LBE_MBE,[2]+,3,2,No,No,Homemade,Low,No,251.105457898876,,251.105457898876,,,,,,,,,,,,,,,,sanglier_2022,10.57745/BUJORT,282f5076857dd4f8ca38089a6d499909,Analyses!444,Inoculation!260,[2]+,0.88,,Events!6;Events!8;Events!9,,False
LBE,2021-01-20T16:45:00,56.9895833333284,6,9,t1,IV.1,LBE_MBE,[0],1,0,No,No,Homemade,Low,No,249.935457898876,4.378,245.557457898876,7.16,,,,,,7.736,5.658,0.92,0.832,1.456,0.36,0,0.106,,sanglier_2022,10.57745/BUJORT,282f5076857dd4f8ca38089a6d499909,Analyses!445,Inoculation!246,[0],0,,Events!6;Events!8;Events!9,,False
LBE,2021-01-20T16:45:00,56.9895833333284,6,9,t1,IV.2,LBE_MBE,[0],2,0,No,No,Homemade,Low,No,250.205457898876,4.628,245.577457898876,7.11,,,,,,10.408,5.492,1.022,1.118,1.704,0.37,0.04,0.124,,sanglier_2022,10.57745/BUJORT,282f5076857dd4f8ca38089a6d499909,Analyses!446,Inoculation!247,[0],0,,Events!6;Events!8;Events!9,,False
LBE,2021-01-20T16:45:00,56.9895833333284,6,9,t1,IV.3,LBE_MBE,[0],3,0,No,No,Homemade,Low,No,249.705457898876,4.87099999999999,244.834457898876,7,,,,,,10.026,6.244,1.068,1.4,1.794,0.412,0,0.148,,sanglier_2022,10.57745/BUJORT,282f5076857dd4f8ca38089a6d499909,Analyses!447,Inoculation!248,[0],0,,Events!6;Events!8;Events!9,,False
LBE,2021-01-20T16:45:00,56.9895833333284,6,9,t1,IV.4,LBE_MBE,[1],1,1,No,No,Homemade,Low,No,251.035457898876,1.636,249.399457898876,,,,,,,9.31,4.944,0.604,0.808,1.442,0.38,0,0.08,,sanglier_2022,10.57745/BUJORT,282f5076857dd4f8ca38089a6d499909,Analyses!448,Inoculation!249,[1],0.44,,Events!6;Events!8;Events!9,,False
LBE,2021-01-20T16:45:00,56.9895833333284,6,9,t1,IV.5,LBE_MBE,[1],2,1,No,No,Homemade,Low,No,250.665457898876,3.771,246.894457898876,7.33,,,,,,9.642,5.614,0.708,0.858,1.592,0.396,0,0,,sanglier_2022,10.57745/BUJORT,282f5076857dd4f8ca38089a6d499909,Analyses!449,Inoculation!250,[1],0.44,,Events!6;Events!8;Events!9,,False
LBE,2021-01-20T16:45:00,56.9895833333284,6,9,t1,IV.6,LBE_MBE,[1],3,1,No,No,Homemade,Low,No,250.445457898876,4.04899999999999,246.396457898876,7.22,,,,,,9.81,5.74,0.594,0.926,1.746,0.448,0,0.074,,sanglier_2022,10.57745/BUJORT,282f5076857dd4f8ca38089a6d499909,Analyses!450,Inoculation!251,[1],0.44,,Events!6;Events!8;Events!9,,False
LBE,2021-01-20T16:45:00,56.9895833333284,6,9,t1,IV.7,LBE_MBE,[2],1,2,No,No,Homemade,Low,No,250.875457898876,4.601,246.274457898876,7.32,,,,,,10.286,5.476,0.664,0.964,1.46,0.404,0.052,0.084,,sanglier_2022,10.57745/BUJORT,282f5076857dd4f8ca38089a6d499909,Analyses!451,Inoculation!252,[2],0.88,,Events!6;Events!8;Events!9,,False
LBE,2021-01-20T16:45:00,56.9895833333284,6,9,t1,IV.8,LBE_MBE,[2],2,2,No,No,Homemade,Low,No,250.755457898876,2.26,248.495457898876,7.35,,,,,,10.844,5.502,0.688,1.064,1.386,0.418,0,0.102,,sanglier_2022,10.57745/BUJORT,282f5076857dd4f8ca38089a6d499909,Analyses!452,Inoculation!253,[2],0.88,,Events!6;Events!8;Events!9,,False
LBE,2021-01-20T16:45:00,56.9895833333284,6,9,t1,IV.9,LBE_MBE,[2],3,2,No,No,Homemade,Low,No,250.865457898876,1.94799999999999,248.917457898876,,,,,,,9.504,5.802,0.658,0.848,1.512,0.4,0,0.074,,sanglier_2022,10.57745/BUJORT,282f5076857dd4f8ca38089a6d499909,Analyses!453,Inoculation!254,[2],0.88,,Events!6;Events!8;Events!9,,False
LBE,2021-01-20T16:45:00,56.9895833333284,6,9,t1,IV.10,LBE_MBE,[1]+,1,1,No,No,Homemade,Low,No,250.835457898876,3.375,247.460457898876,7.23,,,,,,9,5.934,0.674,0.894,1.622,0.412,0.062,0.094,,sanglier_2022,10.57745/BUJORT,282f5076857dd4f8ca38089a6d499909,Analyses!454,Inoculation!255,[1]+,0.44,,Events!6;Events!8;Events!9,,False
LBE,2021-01-20T16:45:00,56.9895833333284,6,9,t1,IV.11,LBE_MBE,[1]+,2,1,No,No,Homemade,Low,No,250.285457898876,4.239,246.046457898876,7.16,,,,,,9.782,5.696,0.644,1.07,1.56,0.396,0.066,0.092,,sanglier_2022,10.57745/BUJORT,282f5076857dd4f8ca38089a6d499909,Analyses!455,Inoculation!256,[1]+,0.44,,Events!6;Events!8;Events!9,,False
LBE,2021-01-20T16:45:00,56.9895833333284,6,9,t1,IV.12,LBE_MBE,[1]+,3,1,No,No,Homemade,Low,No,250.355457898876,3.979,246.376457898876,7.15,,,,,,10.412,5.536,0.738,1.034,1.642,0.396,0,0,,sanglier_2022,10.57745/BUJORT,282f5076857dd4f8ca38089a6d499909,Analyses!456,Inoculation!257,[1]+,0.44,,Events!6;Events!8;Events!9,,False
LBE,2021-01-20T16:45:00,56.9895833333284,6,9,t1,IV.13,LBE_MBE,[2]+,1,2,No,No,Homemade,Low,No,251.835457898876,3.854,247.981457898876,7.24,,,,,,9.188,5.19,0.626,0.962,1.188,0.372,0,0.092,,sanglier_2022,10.57745/BUJORT,282f5076857dd4f8ca38089a6d499909,Analyses!457,Inoculation!258,[2]+,0.88,,Events!6;Events!8;Events!9,,False
LBE,2021-01-20T16:45:00,56.9895833333284,6,9,t1,IV.14,LBE_MBE,[2]+,2,2,No,No,Homemade,Low,No,250.625457898876,3.501,247.124457898876,7.22,,,,,,9.486,5.238,0.614,1.034,1.078,0.392,0,0.096,,sanglier_2022,10.57745/BUJORT,282f5076857dd4f8ca38089a6d499909,Analyses!458,Inoculation!259,[2]+,0.88,,Events!6;Events!8;Events!9,,False
LBE,2021-01-20T16:45:00,56.9895833333284,6,9,t1,IV.15,LBE_MBE,[2]+,3,2,No,No,Homemade,Low,No,251.105457898876,2.968,248.137457898876,7.33,,,,,,9.372,5.518,0.652,1.004,1.094,0.4,0.056,0.074,,sanglier_2022,10.57745/BUJORT,282f5076857dd4f8ca38089a6d499909,Analyses!459,Inoculation!260,[2]+,0.88,,Events!6;Events!8;Events!9,,False
LBE,2021-01-22T16:00:00,58.9583333333284,6,9,t3,IV.1,LBE_MBE,[0],1,0,No,No,Homemade,Low,No,245.557457898876,4.045,241.512457898876,7.46,,,,,,6.926,6.03,0.996,0.508,1.86,0.576,0.038,0,,sanglier_2022,10.57745/BUJORT,282f5076857dd4f8ca38089a6d499909,Analyses!460,Inoculation!246,[0],0,,Events!6;Events!8;Events!9,,False
LBE,2021-01-22T16:00:00,58.9583333333284,6,9,t3,IV.2,LBE_MBE,[0],2,0,No,No,Homemade,Low,No,245.577457898876,4.486,241.091457898876,7.57,,,,,,7.462,4.928,0.94,0.61,1.818,0.528,0.042,0.056,,sanglier_2022,10.57745/BUJORT,282f5076857dd4f8ca38089a6d499909,Analyses!461,Inoculation!247,[0],0,,Events!6;Events!8;Events!9,,False
LBE,2021-01-22T16:00:00,58.9583333333284,6,9,t3,IV.3,LBE_MBE,[0],3,0,No,No,Homemade,Low,No,244.834457898876,4.425,240.409457898876,7.15,,,,,,9.382,5.752,1.064,0.912,1.92,0.642,0.04,0.106,,sanglier_2022,10.57745/BUJORT,282f5076857dd4f8ca38089a6d499909,Analyses!462,Inoculation!248,[0],0,,Events!6;Events!8;Events!9,,False
LBE,2021-01-22T16:00:00,58.9583333333284,6,9,t3,IV.4,LBE_MBE,[1],1,1,No,No,Homemade,Low,No,249.399457898876,4.439,244.960457898876,7.78,,,,,,5.326,4.788,0.612,0.214,1.554,0.286,0,0,,sanglier_2022,10.57745/BUJORT,282f5076857dd4f8ca38089a6d499909,Analyses!463,Inoculation!249,[1],0.44,,Events!6;Events!8;Events!9,,False
LBE,2021-01-22T16:00:00,58.9583333333284,6,9,t3,IV.5,LBE_MBE,[1],2,1,No,No,Homemade,Low,No,246.894457898876,4.834,242.060457898876,7.61,,,,,,7.052,5.608,0.726,0.36,1.814,0.422,0.05,0,,sanglier_2022,10.57745/BUJORT,282f5076857dd4f8ca38089a6d499909,Analyses!464,Inoculation!250,[1],0.44,,Events!6;Events!8;Events!9,,False
LBE,2021-01-22T16:00:00,58.9583333333284,6,9,t3,IV.6,LBE_MBE,[1],3,1,No,No,Homemade,Low,No,246.396457898876,3.97199999999999,242.424457898876,7.64,,,,,,6.85,5.562,0.61,0.368,1.84,0.368,0,0,,sanglier_2022,10.57745/BUJORT,282f5076857dd4f8ca38089a6d499909,Analyses!465,Inoculation!251,[1],0.44,,Events!6;Events!8;Events!9,,False
LBE,2021-01-22T16:00:00,58.9583333333284,6,9,t3,IV.7,LBE_MBE,[2],1,2,No,No,Homemade,Low,No,246.274457898876,4.113,242.161457898876,7.79,,,,,,5.778,5.298,0.654,0.22,1.548,0.258,0.058,0,,sanglier_2022,10.57745/BUJORT,282f5076857dd4f8ca38089a6d499909,Analyses!466,Inoculation!252,[2],0.88,,Events!6;Events!8;Events!9,,False
LBE,2021-01-22T16:00:00,58.9583333333284,6,9,t3,IV.8,LBE_MBE,[2],2,2,No,No,Homemade,Low,No,248.495457898876,4.148,244.347457898876,7.72,,,,,,5.968,5.58,0.72,0.25,1.558,0.298,0.054,0,,sanglier_2022,10.57745/BUJORT,282f5076857dd4f8ca38089a6d499909,Analyses!467,Inoculation!253,[2],0.88,,Events!6;Events!8;Events!9,,False
LBE,2021-01-22T16:00:00,58.9583333333284,6,9,t3,IV.9,LBE_MBE,[2],3,2,No,No,Homemade,Low,No,248.917457898876,3.111,245.806457898876,7.92,,,,,,6.296,6.118,0.71,0.246,1.716,0.338,0.07,0,,sanglier_2022,10.57745/BUJORT,282f5076857dd4f8ca38089a6d499909,Analyses!468,Inoculation!254,[2],0.88,,Events!6;Events!8;Events!9,,False
LBE,2021-01-22T16:00:00,58.9583333333284,6,9,t3,IV.10,LBE_MBE,[1]+,1,1,No,No,Homemade,Low,No,247.460457898876,2.98799999999999,244.472457898876,7.7,,,,,,6.826,5.786,0.72,0.39,1.834,0.458,0,0,,sanglier_2022,10.57745/BUJORT,282f5076857dd4f8ca38089a6d499909,Analyses!469,Inoculation!255,[1]+,0.44,,Events!6;Events!8;Events!9,,False
LBE,2021-01-22T16:00:00,58.9583333333284,6,9,t3,IV.11,LBE_MBE,[1]+,2,1,No,No,Homemade,Low,No,246.046457898876,4.763,241.283457898876,7.74,,,,,,5.694,5.414,0.618,0.296,1.722,0.386,0.068,0,,sanglier_2022,10.57745/BUJORT,282f5076857dd4f8ca38089a6d499909,Analyses!470,Inoculation!256,[1]+,0.44,,Events!6;Events!8;Events!9,,False
LBE,2021-01-22T16:00:00,58.9583333333284,6,9,t3,IV.12,LBE_MBE,[1]+,3,1,No,No,Homemade,Low,No,246.376457898876,4.296,242.080457898876,7.67,,,,,,6.61,5.518,0.732,0.408,1.888,0.44,0,0,,sanglier_2022,10.57745/BUJORT,282f5076857dd4f8ca38089a6d499909,Analyses!471,Inoculation!257,[1]+,0.44,,Events!6;Events!8;Events!9,,False
LBE,2021-01-22T16:00:00,58.9583333333284,6,9,t3,IV.13,LBE_MBE,[2]+,1,2,No,No,Homemade,Low,No,247.981457898876,4.228,243.753457898876,7.69,,,,,,5.256,5.438,0.646,0.204,1.382,0.292,0,0,,sanglier_2022,10.57745/BUJORT,282f5076857dd4f8ca38089a6d499909,Analyses!472,Inoculation!258,[2]+,0.88,,Events!6;Events!8;Events!9,,False
LBE,2021-01-22T16:00:00,58.9583333333284,6,9,t3,IV.14,LBE_MBE,[2]+,2,2,No,No,Homemade,Low,No,247.124457898876,4.242,242.882457898876,7.72,,,,,,5.184,5.572,0.65,0.188,1.214,0.276,0.056,0,,sanglier_2022,10.57745/BUJORT,282f5076857dd4f8ca38089a6d499909,Analyses!473,Inoculation!259,[2]+,0.88,,Events!6;Events!8;Events!9,,False
LBE,2021-01-22T16:00:00,58.9583333333284,6,9,t3,IV.15,LBE_MBE,[2]+,3,2,No,No,Homemade,Low,No,248.137457898876,3.038,245.099457898876,7.8,,,,,,5.42,5.718,0.626,0.192,1.224,0.27,0.06,0,,sanglier_2022,10.57745/BUJORT,282f5076857dd4f8ca38089a6d499909,Analyses!474,Inoculation!260,[2]+,0.88,,Events!6;Events!8;Events!9,,False
LBE,2021-01-26T10:00:00,62.7083333333284,6,9,tf,IV.1,LBE_MBE,[0],1,0,No,No,Homemade,Low,No,241.512457898876,,241.512457898876,8.34,3.92,,32.8,0.0638192612137203,0.046833773087071,1.476,8.666,1.144,0,1.584,0,0,0,,sanglier_2022,10.57745/BUJORT,282f5076857dd4f8ca38089a6d499909,Analyses!475,Inoculation!246,[0],0,,Events!6;Events!8;Events!9,,False
LBE,2021-01-26T10:00:00,62.7083333333284,6,9,tf,IV.2,LBE_MBE,[0],2,0,No,No,Homemade,Low,No,241.091457898876,,241.091457898876,8.39,4,,31.4,0.0731123388581962,0.0550644567219165,1.518,6.28,0.882,0,1.378,0,0,0,,sanglier_2022,10.57745/BUJORT,282f5076857dd4f8ca38089a6d499909,Analyses!476,Inoculation!247,[0],0,,Events!6;Events!8;Events!9,,False
LBE,2021-01-26T10:00:00,62.7083333333284,6,9,tf,IV.3,LBE_MBE,[0],3,0,No,No,Homemade,Low,No,240.409457898876,,240.409457898876,8.32,4.06,,35,0.0619389587073607,0.0457809694793529,6.862,8.446,1.414,0.112,2.42,0.218,0.05,0,,sanglier_2022,10.57745/BUJORT,282f5076857dd4f8ca38089a6d499909,Analyses!477,Inoculation!248,[0],0,,Events!6;Events!8;Events!9,,False
LBE,2021-01-26T10:00:00,62.7083333333284,6,9,tf,IV.4,LBE_MBE,[1],1,1,No,No,Homemade,Low,No,244.960457898876,,244.960457898876,8.43,3.82,,25.55,0.0924204001127076,0.072837418991265,0.504,6.22,0.756,0,1.234,0,0,0,,sanglier_2022,10.57745/BUJORT,282f5076857dd4f8ca38089a6d499909,Analyses!478,Inoculation!249,[1],0.44,,Events!6;Events!8;Events!9,,False
LBE,2021-01-26T10:00:00,62.7083333333284,6,9,tf,IV.5,LBE_MBE,[1],2,1,No,No,Homemade,Low,No,242.060457898876,,242.060457898876,8.5,3.86,,29.5,0.0688713156002874,0.0507548526240112,0.408,6.548,0.792,0,1.3,0,0,0,,sanglier_2022,10.57745/BUJORT,282f5076857dd4f8ca38089a6d499909,Analyses!479,Inoculation!250,[1],0.44,,Events!6;Events!8;Events!9,,False
LBE,2021-01-26T10:00:00,62.7083333333284,6,9,tf,IV.6,LBE_MBE,[1],3,1,No,No,Homemade,Low,No,242.424457898876,,242.424457898876,8.5,4,,29.6,0.0785294757450512,0.0578638242331959,1.016,6.392,0.462,0,1.356,0,0,0,,sanglier_2022,10.57745/BUJORT,282f5076857dd4f8ca38089a6d499909,Analyses!480,Inoculation!251,[1],0.44,,Events!6;Events!8;Events!9,,False
LBE,2021-01-26T10:00:00,62.7083333333284,6,9,tf,IV.7,LBE_MBE,[2],1,2,No,No,Homemade,Low,No,242.161457898876,,242.161457898876,8.36,3.96,,29.15,0.0701639344262298,0.0522404371584701,0.432,6.378,0.792,0,1.184,0,0,0,,sanglier_2022,10.57745/BUJORT,282f5076857dd4f8ca38089a6d499909,Analyses!481,Inoculation!252,[2],0.88,,Events!6;Events!8;Events!9,,False
LBE,2021-01-26T10:00:00,62.7083333333284,6,9,tf,IV.8,LBE_MBE,[2],2,2,No,No,Homemade,Low,No,244.347457898876,,244.347457898876,8.51,4.02,,27.8,0.0673984632272233,0.0493962678375414,0.468,6.39,0.798,0,1.032,0,0,0,,sanglier_2022,10.57745/BUJORT,282f5076857dd4f8ca38089a6d499909,Analyses!482,Inoculation!253,[2],0.88,,Events!6;Events!8;Events!9,,False
LBE,2021-01-26T10:00:00,62.7083333333284,6,9,tf,IV.9,LBE_MBE,[2],3,2,No,No,Homemade,Low,No,245.806457898876,,245.806457898876,8.37,4.14,,29.15,0.0834852351440026,0.0639810426540283,0.464,7.184,0.826,0,1.282,0,0,0,,sanglier_2022,10.57745/BUJORT,282f5076857dd4f8ca38089a6d499909,Analyses!483,Inoculation!254,[2],0.88,,Events!6;Events!8;Events!9,,False
LBE,2021-01-26T10:00:00,62.7083333333284,6,9,tf,IV.10,LBE_MBE,[1]+,1,1,No,No,Homemade,Low,No,244.472457898876,,244.472457898876,8.62,3.82,,30.9,0.0609911054637859,0.0442609063955958,0.708,7.142,0.62,0,1.326,0,0,0,,sanglier_2022,10.57745/BUJORT,282f5076857dd4f8ca38089a6d499909,Analyses!484,Inoculation!255,[1]+,0.44,,Events!6;Events!8;Events!9,,False
LBE,2021-01-26T10:00:00,62.7083333333284,6,9,tf,IV.11,LBE_MBE,[1]+,2,1,No,No,Homemade,Low,No,241.283457898876,,241.283457898876,8.54,4.28,,29.1,0.0651624197626915,0.0470725539778247,0.532,6.736,0.742,0,1.218,0,0,0,,sanglier_2022,10.57745/BUJORT,282f5076857dd4f8ca38089a6d499909,Analyses!485,Inoculation!256,[1]+,0.44,,Events!6;Events!8;Events!9,,False
LBE,2021-01-26T10:00:00,62.7083333333284,6,9,tf,IV.12,LBE_MBE,[1]+,3,1,No,No,Homemade,Low,No,242.080457898876,,242.080457898876,8.48,4.14,,29.85,0.0663440209719703,0.0485985077636619,0.792,6.678,0.652,0,1.3,0,0,0,,sanglier_2022,10.57745/BUJORT,282f5076857dd4f8ca38089a6d499909,Analyses!486,Inoculation!257,[1]+,0.44,,Events!6;Events!8;Events!9,,False
LBE,2021-01-26T10:00:00,62.7083333333284,6,9,tf,IV.13,LBE_MBE,[2]+,1,2,No,No,Homemade,Low,No,243.753457898876,,243.753457898876,8.36,4.06,,27.65,0.0812674437694961,0.0627154818584799,0.56,8.522,0.966,0,1.292,0,0,0,,sanglier_2022,10.57745/BUJORT,282f5076857dd4f8ca38089a6d499909,Analyses!487,Inoculation!258,[2]+,0.88,,Events!6;Events!8;Events!9,,False
LBE,2021-01-26T10:00:00,62.7083333333284,6,9,tf,IV.14,LBE_MBE,[2]+,2,2,No,No,Homemade,Low,No,242.882457898876,,242.882457898876,8.37,3.94,,26.7,0.0828476269775193,0.064113238967527,0.408,6.526,0.74,0,0.78,0,0,0,,sanglier_2022,10.57745/BUJORT,282f5076857dd4f8ca38089a6d499909,Analyses!488,Inoculation!259,[2]+,0.88,,Events!6;Events!8;Events!9,,False
LBE,2021-01-26T10:00:00,62.7083333333284,6,9,tf,IV.15,LBE_MBE,[2]+,3,2,No,No,Homemade,Low,No,245.099457898876,,245.099457898876,8.44,3.47999999999999,,26.4,0.0643513789581217,0.0476676881171277,0.436,6.512,0.728,0,0.804,0,0,0,,sanglier_2022,10.57745/BUJORT,282f5076857dd4f8ca38089a6d499909,Analyses!489,Inoculation!260,[2]+,0.88,,Events!6;Events!8;Events!9,,False
LBE,2021-01-26T16:00:00,62.9583333333284,7,10,t0,IV.1,LBE_MBE,[0],1,0,No,No,Homemade,Low,No,249.815457898876,,249.815457898876,,,,,,,,,,,,,,,,sanglier_2022,10.57745/BUJORT,282f5076857dd4f8ca38089a6d499909,Analyses!490,Inoculation!261,[0],0,,Events!6;Events!8;Events!9,,False
LBE,2021-01-26T16:00:00,62.9583333333284,7,10,t0,IV.2,LBE_MBE,[0],2,0,No,No,Homemade,Low,No,250.255457898876,,250.255457898876,,,,,,,,,,,,,,,,sanglier_2022,10.57745/BUJORT,282f5076857dd4f8ca38089a6d499909,Analyses!491,Inoculation!262,[0],0,,Events!6;Events!8;Events!9,,False
LBE,2021-01-26T16:00:00,62.9583333333284,7,10,t0,IV.3,LBE_MBE,[0],3,0,No,No,Homemade,Low,No,250.055457898876,,250.055457898876,,,,,,,,,,,,,,,,sanglier_2022,10.57745/BUJORT,282f5076857dd4f8ca38089a6d499909,Analyses!492,Inoculation!263,[0],0,,Events!6;Events!8;Events!9,,False
LBE,2021-01-26T16:00:00,62.9583333333284,7,10,t0,IV.4,LBE_MBE,[1],1,1,No,No,Homemade,Low,No,250.865457898876,,250.865457898876,,,,,,,,,,,,,,,,sanglier_2022,10.57745/BUJORT,282f5076857dd4f8ca38089a6d499909,Analyses!493,Inoculation!264,[1],0.44,,Events!6;Events!8;Events!9,,False
LBE,2021-01-26T16:00:00,62.9583333333284,7,10,t0,IV.5,LBE_MBE,[1],2,1,No,No,Homemade,Low,No,250.585457898876,,250.585457898876,,,,,,,,,,,,,,,,sanglier_2022,10.57745/BUJORT,282f5076857dd4f8ca38089a6d499909,Analyses!494,Inoculation!265,[1],0.44,,Events!6;Events!8;Events!9,,False
LBE,2021-01-26T16:00:00,62.9583333333284,7,10,t0,IV.6,LBE_MBE,[1],3,1,No,No,Homemade,Low,No,250.585457898876,,250.585457898876,,,,,,,,,,,,,,,,sanglier_2022,10.57745/BUJORT,282f5076857dd4f8ca38089a6d499909,Analyses!495,Inoculation!266,[1],0.44,,Events!6;Events!8;Events!9,,False
LBE,2021-01-26T16:00:00,62.9583333333284,7,10,t0,IV.7,LBE_MBE,[2],1,2,No,No,Homemade,Low,No,251.225457898876,,251.225457898876,,,,,,,,,,,,,,,,sanglier_2022,10.57745/BUJORT,282f5076857dd4f8ca38089a6d499909,Analyses!496,Inoculation!267,[2],0.88,,Events!6;Events!8;Events!9,,False
LBE,2021-01-26T16:00:00,62.9583333333284,7,10,t0,IV.8,LBE_MBE,[2],2,2,No,No,Homemade,Low,No,250.915457898876,,250.915457898876,,,,,,,,,,,,,,,,sanglier_2022,10.57745/BUJORT,282f5076857dd4f8ca38089a6d499909,Analyses!497,Inoculation!268,[2],0.88,,Events!6;Events!8;Events!9,,False
LBE,2021-01-26T16:00:00,62.9583333333284,7,10,t0,IV.9,LBE_MBE,[2],3,2,No,No,Homemade,Low,No,250.705457898876,,250.705457898876,,,,,,,,,,,,,,,,sanglier_2022,10.57745/BUJORT,282f5076857dd4f8ca38089a6d499909,Analyses!498,Inoculation!269,[2],0.88,,Events!6;Events!8;Events!9,,False
LBE,2021-01-26T16:00:00,62.9583333333284,7,10,t0,IV.10,LBE_MBE,[1]+,1,1,No,No,Homemade,Low,No,250.345457898876,,250.345457898876,,,,,,,,,,,,,,,,sanglier_2022,10.57745/BUJORT,282f5076857dd4f8ca38089a6d499909,Analyses!499,Inoculation!270,[1]+,0.44,,Events!6;Events!8;Events!9,,False
LBE,2021-01-26T16:00:00,62.9583333333284,7,10,t0,IV.11,LBE_MBE,[1]+,2,1,No,No,Homemade,Low,No,250.495457898876,,250.495457898876,,,,,,,,,,,,,,,,sanglier_2022,10.57745/BUJORT,282f5076857dd4f8ca38089a6d499909,Analyses!500,Inoculation!271,[1]+,0.44,,Events!6;Events!8;Events!9,,False
LBE,2021-01-26T16:00:00,62.9583333333284,7,10,t0,IV.12,LBE_MBE,[1]+,3,1,No,No,Homemade,Low,No,250.385457898876,,250.385457898876,,,,,,,,,,,,,,,,sanglier_2022,10.57745/BUJORT,282f5076857dd4f8ca38089a6d499909,Analyses!501,Inoculation!272,[1]+,0.44,,Events!6;Events!8;Events!9,,False
LBE,2021-01-26T16:00:00,62.9583333333284,7,10,t0,IV.13,LBE_MBE,[2]+,1,2,No,No,Homemade,Low,No,251.735457898876,,251.735457898876,,,,,,,,,,,,,,,,sanglier_2022,10.57745/BUJORT,282f5076857dd4f8ca38089a6d499909,Analyses!502,Inoculation!273,[2]+,0.88,,Events!6;Events!8;Events!9,,False
LBE,2021-01-26T16:00:00,62.9583333333284,7,10,t0,IV.14,LBE_MBE,[2]+,2,2,No,No,Homemade,Low,No,251.175457898876,,251.175457898876,,,,,,,,,,,,,,,,sanglier_2022,10.57745/BUJORT,282f5076857dd4f8ca38089a6d499909,Analyses!503,Inoculation!274,[2]+,0.88,,Events!6;Events!8;Events!9,,False
LBE,2021-01-26T16:00:00,62.9583333333284,7,10,t0,IV.15,LBE_MBE,[2]+,3,2,No,No,Homemade,Low,No,251.305457898876,,251.305457898876,,,,,,,,,,,,,,,,sanglier_2022,10.57745/BUJORT,282f5076857dd4f8ca38089a6d499909,Analyses!504,Inoculation!275,[2]+,0.88,,Events!6;Events!8;Events!9,,False
LBE,2021-01-27T16:00:00,63.9583333333284,7,10,t1,IV.1,LBE_MBE,[0],1,0,No,No,Homemade,Low,No,249.815457898876,3.59799999999999,246.217457898876,7.24,,,,,,7.03,6.716,0.924,0.812,1.604,0.444,0.026,0.078,,sanglier_2022,10.57745/BUJORT,282f5076857dd4f8ca38089a6d499909,Analyses!505,Inoculation!261,[0],0,,Events!6;Events!8;Events!9,,False
LBE,2021-01-27T16:00:00,63.9583333333284,7,10,t1,IV.2,LBE_MBE,[0],2,0,No,No,Homemade,Low,No,250.255457898876,4.524,245.731457898876,7.19,,,,,,7.368,5.668,0.822,0.756,1.658,0.434,0,0.1,,sanglier_2022,10.57745/BUJORT,282f5076857dd4f8ca38089a6d499909,Analyses!506,Inoculation!262,[0],0,,Events!6;Events!8;Events!9,,False
LBE,2021-01-27T16:00:00,63.9583333333284,7,10,t1,IV.3,LBE_MBE,[0],3,0,No,No,Homemade,Low,No,250.055457898876,4.225,245.830457898876,6.58,,,,,,9.468,5.802,1.04,1.81,1.876,0.382,0.046,0.15,,sanglier_2022,10.57745/BUJORT,282f5076857dd4f8ca38089a6d499909,Analyses!507,Inoculation!263,[0],0,,Events!6;Events!8;Events!9,,False
LBE,2021-01-27T16:00:00,63.9583333333284,7,10,t1,IV.4,LBE_MBE,[1],1,1,No,No,Homemade,Low,No,250.865457898876,2.982,247.883457898876,7.28,,,,,,7.26,5.928,0.734,0.598,1.494,0.448,0.048,0.07,,sanglier_2022,10.57745/BUJORT,282f5076857dd4f8ca38089a6d499909,Analyses!508,Inoculation!264,[1],0.44,,Events!6;Events!8;Events!9,,False
LBE,2021-01-27T16:00:00,63.9583333333284,7,10,t1,IV.5,LBE_MBE,[1],2,1,No,No,Homemade,Low,No,250.585457898876,3.987,246.598457898876,7.15,,,,,,7.378,6.51,0.82,0.586,1.608,0.452,0,0.066,,sanglier_2022,10.57745/BUJORT,282f5076857dd4f8ca38089a6d499909,Analyses!509,Inoculation!265,[1],0.44,,Events!6;Events!8;Events!9,,False
LBE,2021-01-27T16:00:00,63.9583333333284,7,10,t1,IV.6,LBE_MBE,[1],3,1,No,No,Homemade,Low,No,250.585457898876,3.773,246.812457898876,7.29,,,,,,7.616,6.4,0.55,0.624,1.722,0.468,0,0.062,,sanglier_2022,10.57745/BUJORT,282f5076857dd4f8ca38089a6d499909,Analyses!510,Inoculation!266,[1],0.44,,Events!6;Events!8;Events!9,,False
LBE,2021-01-27T16:00:00,63.9583333333284,7,10,t1,IV.7,LBE_MBE,[2],1,2,No,No,Homemade,Low,No,251.225457898876,4.146,247.079457898876,7.21,,,,,,7.188,5.772,0.742,0.732,1.426,0.468,0,0.072,,sanglier_2022,10.57745/BUJORT,282f5076857dd4f8ca38089a6d499909,Analyses!511,Inoculation!267,[2],0.88,,Events!6;Events!8;Events!9,,False
LBE,2021-01-27T16:00:00,63.9583333333284,7,10,t1,IV.8,LBE_MBE,[2],2,2,No,No,Homemade,Low,No,250.915457898876,3.057,247.858457898876,7.27,,,,,,9.85,7.048,0.906,1.008,1.686,0.53,0,0.1,,sanglier_2022,10.57745/BUJORT,282f5076857dd4f8ca38089a6d499909,Analyses!512,Inoculation!268,[2],0.88,,Events!6;Events!8;Events!9,,False
LBE,2021-01-27T16:00:00,63.9583333333284,7,10,t1,IV.9,LBE_MBE,[2],3,2,No,No,Homemade,Low,No,250.705457898876,2.775,247.930457898876,7.38,,,,,,7.3,6.754,0.774,0.658,1.578,0.492,0,0.074,,sanglier_2022,10.57745/BUJORT,282f5076857dd4f8ca38089a6d499909,Analyses!513,Inoculation!269,[2],0.88,,Events!6;Events!8;Events!9,,False
LBE,2021-01-27T16:00:00,63.9583333333284,7,10,t1,IV.10,LBE_MBE,[1]+,1,1,No,No,Homemade,Low,No,250.345457898876,2.843,247.502457898876,7.2,,,,,,6.76,6.306,0.56,0.622,1.458,0.438,0.052,0.064,,sanglier_2022,10.57745/BUJORT,282f5076857dd4f8ca38089a6d499909,Analyses!514,Inoculation!270,[1]+,0.44,,Events!6;Events!8;Events!9,,False
LBE,2021-01-27T16:00:00,63.9583333333284,7,10,t1,IV.11,LBE_MBE,[1]+,2,1,No,No,Homemade,Low,No,250.495457898876,3.323,247.172457898876,7.2,,,,,,9.154,8.15,0.91,0.918,1.968,0.576,0.092,0.098,,sanglier_2022,10.57745/BUJORT,282f5076857dd4f8ca38089a6d499909,Analyses!515,Inoculation!271,[1]+,0.44,,Events!6;Events!8;Events!9,,False
LBE,2021-01-27T16:00:00,63.9583333333284,7,10,t1,IV.12,LBE_MBE,[1]+,3,1,No,No,Homemade,Low,No,250.385457898876,4.075,246.310457898876,7.19,,,,,,7.266,5.842,0.622,0.748,1.606,0.482,0,0.094,,sanglier_2022,10.57745/BUJORT,282f5076857dd4f8ca38089a6d499909,Analyses!516,Inoculation!272,[1]+,0.44,,Events!6;Events!8;Events!9,,False
LBE,2021-01-27T16:00:00,63.9583333333284,7,10,t1,IV.13,LBE_MBE,[2]+,1,2,No,No,Homemade,Low,No,251.735457898876,3.806,247.929457898876,7.24,,,,,,7.536,5.846,0.706,0.738,1.33,0.474,0.04,0.07,,sanglier_2022,10.57745/BUJORT,282f5076857dd4f8ca38089a6d499909,Analyses!517,Inoculation!273,[2]+,0.88,,Events!6;Events!8;Events!9,,False
LBE,2021-01-27T16:00:00,63.9583333333284,7,10,t1,IV.14,LBE_MBE,[2]+,2,2,No,No,Homemade,Low,No,251.175457898876,3.91899999999999,247.256457898876,7.09,,,,,,7.7,5.91,0.708,0.89,1.192,0.484,0.05,0.106,,sanglier_2022,10.57745/BUJORT,282f5076857dd4f8ca38089a6d499909,Analyses!518,Inoculation!274,[2]+,0.88,,Events!6;Events!8;Events!9,,False
LBE,2021-01-27T16:00:00,63.9583333333284,7,10,t1,IV.15,LBE_MBE,[2]+,3,2,No,No,Homemade,Low,No,251.305457898876,2.656,248.649457898876,7.21,,,,,,7.458,6.084,0.72,0.834,1.174,0.484,0.058,0.062,,sanglier_2022,10.57745/BUJORT,282f5076857dd4f8ca38089a6d499909,Analyses!519,Inoculation!275,[2]+,0.88,,Events!6;Events!8;Events!9,,False
LBE,2021-01-29T16:00:00,65.9583333333284,7,10,t3,IV.1,LBE_MBE,[0],1,0,No,No,Homemade,Low,No,249.815457898876,4.717,245.098457898876,7.42,,,,,,7.992,9.36,1.338,0.628,2.73,0.9,0,0,,sanglier_2022,10.57745/BUJORT,282f5076857dd4f8ca38089a6d499909,Analyses!520,Inoculation!261,[0],0,,Events!6;Events!8;Events!9,,False
LBE,2021-01-29T16:00:00,65.9583333333284,7,10,t3,IV.2,LBE_MBE,[0],2,0,No,No,Homemade,Low,No,250.255457898876,4.063,246.192457898876,7.53,,,,,,8.16,7.974,1.17,0.566,2.622,0.754,0,0,,sanglier_2022,10.57745/BUJORT,282f5076857dd4f8ca38089a6d499909,Analyses!521,Inoculation!262,[0],0,,Events!6;Events!8;Events!9,,False
LBE,2021-01-29T16:00:00,65.9583333333284,7,10,t3,IV.3,LBE_MBE,[0],3,0,No,No,Homemade,Low,No,250.055457898876,4.478,245.577457898876,6.22,,,,,,16.206,9.1,1.552,2.892,2.724,0.564,0,0.262,,sanglier_2022,10.57745/BUJORT,282f5076857dd4f8ca38089a6d499909,Analyses!522,Inoculation!263,[0],0,,Events!6;Events!8;Events!9,,False
LBE,2021-01-29T16:00:00,65.9583333333284,7,10,t3,IV.4,LBE_MBE,[1],1,1,No,No,Homemade,Low,No,250.865457898876,4.518,246.347457898876,7.69,,,,,,5.116,7.07,0.862,0.22,1.944,0.428,0.052,0,,sanglier_2022,10.57745/BUJORT,282f5076857dd4f8ca38089a6d499909,Analyses!523,Inoculation!264,[1],0.44,,Events!6;Events!8;Events!9,,False
LBE,2021-01-29T16:00:00,65.9583333333284,7,10,t3,IV.5,LBE_MBE,[1],2,1,No,No,Homemade,Low,No,250.585457898876,5.043,245.542457898876,7.64,,,,,,7.156,8.984,1.15,0.344,2.518,0.6,0.06,0,,sanglier_2022,10.57745/BUJORT,282f5076857dd4f8ca38089a6d499909,Analyses!524,Inoculation!265,[1],0.44,,Events!6;Events!8;Events!9,,False
LBE,2021-01-29T16:00:00,65.9583333333284,7,10,t3,IV.6,LBE_MBE,[1],3,1,No,No,Homemade,Low,No,250.585457898876,3.952,246.633457898876,7.74,,,,,,6.96,8.062,0.678,0.296,2.38,0.482,0,0,,sanglier_2022,10.57745/BUJORT,282f5076857dd4f8ca38089a6d499909,Analyses!525,Inoculation!266,[1],0.44,,Events!6;Events!8;Events!9,,False
LBE,2021-01-29T16:00:00,65.9583333333284,7,10,t3,IV.7,LBE_MBE,[2],1,2,No,No,Homemade,Low,No,251.225457898876,4.38399999999999,246.841457898876,7.8,,,,,,4.548,6.304,0.752,0.166,1.706,0.322,0.05,0,,sanglier_2022,10.57745/BUJORT,282f5076857dd4f8ca38089a6d499909,Analyses!526,Inoculation!267,[2],0.88,,Events!6;Events!8;Events!9,,False
LBE,2021-01-29T16:00:00,65.9583333333284,7,10,t3,IV.8,LBE_MBE,[2],2,2,No,No,Homemade,Low,No,250.915457898876,3.047,247.868457898876,7.88,,,,,,4.856,6.028,0.786,0.24,1.606,0.352,0.046,0,,sanglier_2022,10.57745/BUJORT,282f5076857dd4f8ca38089a6d499909,Analyses!527,Inoculation!268,[2],0.88,,Events!6;Events!8;Events!9,,False
LBE,2021-01-29T16:00:00,65.9583333333284,7,10,t3,IV.9,LBE_MBE,[2],3,2,No,No,Homemade,Low,No,250.705457898876,4.489,246.216457898876,7.72,,,,,,4.674,7.176,0.828,0.208,1.808,0.398,0.058,0,,sanglier_2022,10.57745/BUJORT,282f5076857dd4f8ca38089a6d499909,Analyses!528,Inoculation!269,[2],0.88,,Events!6;Events!8;Events!9,,False
LBE,2021-01-29T16:00:00,65.9583333333284,7,10,t3,IV.10,LBE_MBE,[1]+,1,1,No,No,Homemade,Low,No,250.345457898876,4.745,245.600457898876,7.65,,,,,,6.936,8.986,0.852,0.354,2.45,0.632,0.072,0,,sanglier_2022,10.57745/BUJORT,282f5076857dd4f8ca38089a6d499909,Analyses!529,Inoculation!270,[1]+,0.44,,Events!6;Events!8;Events!9,,False
LBE,2021-01-29T16:00:00,65.9583333333284,7,10,t3,IV.11,LBE_MBE,[1]+,2,1,No,No,Homemade,Low,No,250.495457898876,3.70599999999999,246.789457898876,7.74,,,,,,6.698,9.014,1.076,0.418,2.526,0.626,0.072,0,,sanglier_2022,10.57745/BUJORT,282f5076857dd4f8ca38089a6d499909,Analyses!530,Inoculation!271,[1]+,0.44,,Events!6;Events!8;Events!9,,False
LBE,2021-01-29T16:00:00,65.9583333333284,7,10,t3,IV.12,LBE_MBE,[1]+,3,1,No,No,Homemade,Low,No,250.385457898876,4.652,245.733457898876,7.59,,,,,,7.16,7.978,0.884,0.402,2.564,0.622,0.074,0,,sanglier_2022,10.57745/BUJORT,282f5076857dd4f8ca38089a6d499909,Analyses!531,Inoculation!272,[1]+,0.44,,Events!6;Events!8;Events!9,,False
LBE,2021-01-29T16:00:00,65.9583333333284,7,10,t3,IV.13,LBE_MBE,[2]+,1,2,No,No,Homemade,Low,No,251.735457898876,3.698,248.037457898876,7.61,,,,,,4.748,6.22,0.744,0.198,1.664,0.354,0.048,0,,sanglier_2022,10.57745/BUJORT,282f5076857dd4f8ca38089a6d499909,Analyses!532,Inoculation!273,[2]+,0.88,,Events!6;Events!8;Events!9,,False
LBE,2021-01-29T16:00:00,65.9583333333284,7,10,t3,IV.14,LBE_MBE,[2]+,2,2,No,No,Homemade,Low,No,251.175457898876,4.46099999999999,246.714457898876,7.63,,,,,,4.634,6.168,0.738,0.246,1.438,0.424,0.052,0,,sanglier_2022,10.57745/BUJORT,282f5076857dd4f8ca38089a6d499909,Analyses!533,Inoculation!274,[2]+,0.88,,Events!6;Events!8;Events!9,,False
LBE,2021-01-29T16:00:00,65.9583333333284,7,10,t3,IV.15,LBE_MBE,[2]+,3,2,No,No,Homemade,Low,No,251.305457898876,3.721,247.584457898876,7.65,,,,,,4.778,6.41,0.77,0.234,1.438,0.41,0.056,0,,sanglier_2022,10.57745/BUJORT,282f5076857dd4f8ca38089a6d499909,Analyses!534,Inoculation!275,[2]+,0.88,,Events!6;Events!8;Events!9,,False
LBE,2021-02-02T10:30:00,69.7291666666642,7,10,tf,IV.1,LBE_MBE,[0],1,0,No,No,Homemade,Low,No,249.815457898876,,249.815457898876,8.15,4.1,,36.35,0.0781250000000002,0.058992346938775,1.198,11.036,1.35,0,1.824,0,0.046,0,,sanglier_2022,10.57745/BUJORT,282f5076857dd4f8ca38089a6d499909,Analyses!535,Inoculation!261,[0],0,,Events!6;Events!8;Events!9,,False
LBE,2021-02-02T10:30:00,69.7291666666642,7,10,tf,IV.2,LBE_MBE,[0],2,0,No,No,Homemade,Low,No,250.255457898876,,250.255457898876,8.3,4.16,,33.45,0.0816291459013578,0.0623818525519847,0.73,5.476,0.532,0,1.03,0,0,0,,sanglier_2022,10.57745/BUJORT,282f5076857dd4f8ca38089a6d499909,Analyses!536,Inoculation!262,[0],0,,Events!6;Events!8;Events!9,,False
LBE,2021-02-02T10:30:00,69.7291666666642,7,10,tf,IV.3,LBE_MBE,[0],3,0,No,No,Homemade,Low,No,250.055457898876,,250.055457898876,6.21,5.06,,49.7,0.087012568482115,0.0750886239123441,17.098,9.504,1.608,3.348,2.878,0.564,0.048,0.266,,sanglier_2022,10.57745/BUJORT,282f5076857dd4f8ca38089a6d499909,Analyses!537,Inoculation!263,[0],0,,Events!6;Events!8;Events!9,,False
LBE,2021-02-02T10:30:00,69.7291666666642,7,10,tf,IV.4,LBE_MBE,[1],1,1,No,No,Homemade,Low,No,250.865457898876,,250.865457898876,8.34,3.77999999999999,,32.2,0.0732855680655067,0.0546571136131012,0.614,11.344,1.274,0,1.834,0,0,0,,sanglier_2022,10.57745/BUJORT,282f5076857dd4f8ca38089a6d499909,Analyses!538,Inoculation!264,[1],0.44,,Events!6;Events!8;Events!9,,False
LBE,2021-02-02T10:30:00,69.7291666666642,7,10,tf,IV.5,LBE_MBE,[1],2,1,No,No,Homemade,Low,No,250.585457898876,,250.585457898876,8.26,4.07999999999999,,33.45,0.081215744892875,0.0632785251619335,0.622,10.876,1.226,0,1.798,0,0,0,,sanglier_2022,10.57745/BUJORT,282f5076857dd4f8ca38089a6d499909,Analyses!539,Inoculation!265,[1],0.44,,Events!6;Events!8;Events!9,,False
LBE,2021-02-02T10:30:00,69.7291666666642,7,10,tf,IV.6,LBE_MBE,[1],3,1,No,No,Homemade,Low,No,250.585457898876,,250.585457898876,8.38,4.36,,33.55,0.0645983213429253,0.0475119904076739,0.55,10.374,0.678,0,1.762,0,0,0,,sanglier_2022,10.57745/BUJORT,282f5076857dd4f8ca38089a6d499909,Analyses!540,Inoculation!266,[1],0.44,,Events!6;Events!8;Events!9,,False
LBE,2021-02-02T10:30:00,69.7291666666642,7,10,tf,IV.7,LBE_MBE,[2],1,2,No,No,Homemade,Low,No,251.225457898876,,251.225457898876,8.28,4.28,,32.35,0.0685274945679425,0.0511449105799767,0.392,9.298,1.19,0,1.48,0,0,0,,sanglier_2022,10.57745/BUJORT,282f5076857dd4f8ca38089a6d499909,Analyses!541,Inoculation!267,[2],0.88,,Events!6;Events!8;Events!9,,False
LBE,2021-02-02T10:30:00,69.7291666666642,7,10,tf,IV.8,LBE_MBE,[2],2,2,No,No,Homemade,Low,No,250.915457898876,,250.915457898876,8.4,4.46,,30.45,0.0733944954128443,0.056539364198848,0.35,7.46,0.94,0,1.106,0,0,0,,sanglier_2022,10.57745/BUJORT,282f5076857dd4f8ca38089a6d499909,Analyses!542,Inoculation!268,[2],0.88,,Events!6;Events!8;Events!9,,False
LBE,2021-02-02T10:30:00,69.7291666666642,7,10,tf,IV.9,LBE_MBE,[2],3,2,No,No,Homemade,Low,No,250.705457898876,,250.705457898876,8.4,4.26,,33.65,0.0749774164408309,0.0576332429990971,0.468,12.058,1.364,0,1.752,0,0,0,,sanglier_2022,10.57745/BUJORT,282f5076857dd4f8ca38089a6d499909,Analyses!543,Inoculation!269,[2],0.88,,Events!6;Events!8;Events!9,,False
LBE,2021-02-02T10:30:00,69.7291666666642,7,10,tf,IV.10,LBE_MBE,[1]+,1,1,No,No,Homemade,Low,No,250.345457898876,,250.345457898876,8.23,4.34,,33.3,0.0880105789009703,0.0689097854833982,0.816,13.21,0.978,0,2.054,0,0,0,,sanglier_2022,10.57745/BUJORT,282f5076857dd4f8ca38089a6d499909,Analyses!544,Inoculation!270,[1]+,0.44,,Events!6;Events!8;Events!9,,False
LBE,2021-02-02T10:30:00,69.7291666666642,7,10,tf,IV.11,LBE_MBE,[1]+,2,1,No,No,Homemade,Low,No,250.495457898876,,250.495457898876,8.34,4.2,,31.4,0.0599957600169601,0.0440958236167059,0.52,11.536,1.28,0,1.742,0,0,0,,sanglier_2022,10.57745/BUJORT,282f5076857dd4f8ca38089a6d499909,Analyses!545,Inoculation!271,[1]+,0.44,,Events!6;Events!8;Events!9,,False
LBE,2021-02-02T10:30:00,69.7291666666642,7,10,tf,IV.12,LBE_MBE,[1]+,3,1,No,No,Homemade,Low,No,250.385457898876,,250.385457898876,8.34,3.8,,31.75,0.0742187499999996,0.0568953804347827,0.636,11.306,0.924,0,1.894,0,0,0,,sanglier_2022,10.57745/BUJORT,282f5076857dd4f8ca38089a6d499909,Analyses!546,Inoculation!272,[1]+,0.44,,Events!6;Events!8;Events!9,,False
LBE,2021-02-02T10:30:00,69.7291666666642,7,10,tf,IV.13,LBE_MBE,[2]+,1,2,No,No,Homemade,Low,No,251.735457898876,,251.735457898876,8.36,4,,29.35,0.0783929446349823,0.0601012575534866,0.37,9.668,1.112,0,1.366,0,0,0,,sanglier_2022,10.57745/BUJORT,282f5076857dd4f8ca38089a6d499909,Analyses!547,Inoculation!273,[2]+,0.88,,Events!6;Events!8;Events!9,,False
LBE,2021-02-02T10:30:00,69.7291666666642,7,10,tf,IV.14,LBE_MBE,[2]+,2,2,No,No,Homemade,Low,No,251.175457898876,,251.175457898876,8.23,3.67999999999999,,29.95,0.0892407873316552,0.0700014799467217,0.474,11.56,1.328,0,1.322,0,0,0,,sanglier_2022,10.57745/BUJORT,282f5076857dd4f8ca38089a6d499909,Analyses!548,Inoculation!274,[2]+,0.88,,Events!6;Events!8;Events!9,,False
LBE,2021-02-02T10:30:00,69.7291666666642,7,10,tf,IV.15,LBE_MBE,[2]+,3,2,No,No,Homemade,Low,No,251.305457898876,,251.305457898876,8.3,3.94,,30,0.0620520172025402,0.0456686463239809,0.336,10.292,1.19,0,1.212,0,0,0,,sanglier_2022,10.57745/BUJORT,282f5076857dd4f8ca38089a6d499909,Analyses!549,Inoculation!275,[2]+,0.88,,Events!6;Events!8;Events!9,,False
LBE,2021-02-02T16:00:00,69.9583333333284,8,11,t0,IV.1,LBE_MBE,[0],1,0,No,No,Homemade,Low,No,249.915457898876,,249.915457898876,,,,,,,,,,,,,,,,sanglier_2022,10.57745/BUJORT,282f5076857dd4f8ca38089a6d499909,Analyses!550,Inoculation!276,[0],0,,Events!6;Events!8;Events!9,,False
LBE,2021-02-02T16:00:00,69.9583333333284,8,11,t0,IV.2,LBE_MBE,[0],2,0,No,No,Homemade,Low,No,250.175457898876,,250.175457898876,,,,,,,,,,,,,,,,sanglier_2022,10.57745/BUJORT,282f5076857dd4f8ca38089a6d499909,Analyses!551,Inoculation!277,[0],0,,Events!6;Events!8;Events!9,,False
LBE,2021-02-02T16:00:00,69.9583333333284,8,11,t0,IV.3,LBE_MBE,[0],3,0,No,No,Homemade,Low,No,250.845457898876,,250.845457898876,,,,,,,,,,,,,,,,sanglier_2022,10.57745/BUJORT,282f5076857dd4f8ca38089a6d499909,Analyses!552,Inoculation!278,[0],0,,Events!6;Events!8;Events!9,,False
LBE,2021-02-02T16:00:00,69.9583333333284,8,11,t0,IV.4,LBE_MBE,[1],1,1,No,No,Homemade,Low,No,250.565457898876,,250.565457898876,,,,,,,,,,,,,,,,sanglier_2022,10.57745/BUJORT,282f5076857dd4f8ca38089a6d499909,Analyses!553,Inoculation!279,[1],0.44,,Events!6;Events!8;Events!9,,False
LBE,2021-02-02T16:00:00,69.9583333333284,8,11,t0,IV.5,LBE_MBE,[1],2,1,No,No,Homemade,Low,No,251.085457898876,,251.085457898876,,,,,,,,,,,,,,,,sanglier_2022,10.57745/BUJORT,282f5076857dd4f8ca38089a6d499909,Analyses!554,Inoculation!280,[1],0.44,,Events!6;Events!8;Events!9,,False
LBE,2021-02-02T16:00:00,69.9583333333284,8,11,t0,IV.6,LBE_MBE,[1],3,1,No,No,Homemade,Low,No,250.565457898876,,250.565457898876,,,,,,,,,,,,,,,,sanglier_2022,10.57745/BUJORT,282f5076857dd4f8ca38089a6d499909,Analyses!555,Inoculation!281,[1],0.44,,Events!6;Events!8;Events!9,,False
LBE,2021-02-02T16:00:00,69.9583333333284,8,11,t0,IV.7,LBE_MBE,[2],1,2,No,No,Homemade,Low,No,251.105457898876,,251.105457898876,,,,,,,,,,,,,,,,sanglier_2022,10.57745/BUJORT,282f5076857dd4f8ca38089a6d499909,Analyses!556,Inoculation!282,[2],0.88,,Events!6;Events!8;Events!9,,False
LBE,2021-02-02T16:00:00,69.9583333333284,8,11,t0,IV.8,LBE_MBE,[2],2,2,No,No,Homemade,Low,No,251.735457898876,,251.735457898876,,,,,,,,,,,,,,,,sanglier_2022,10.57745/BUJORT,282f5076857dd4f8ca38089a6d499909,Analyses!557,Inoculation!283,[2],0.88,,Events!6;Events!8;Events!9,,False
LBE,2021-02-02T16:00:00,69.9583333333284,8,11,t0,IV.9,LBE_MBE,[2],3,2,No,No,Homemade,Low,No,250.735457898876,,250.735457898876,,,,,,,,,,,,,,,,sanglier_2022,10.57745/BUJORT,282f5076857dd4f8ca38089a6d499909,Analyses!558,Inoculation!284,[2],0.88,,Events!6;Events!8;Events!9,,False
LBE,2021-02-02T16:00:00,69.9583333333284,8,11,t0,IV.10,LBE_MBE,[1]+,1,1,No,No,Homemade,Low,No,250.695457898876,,250.695457898876,,,,,,,,,,,,,,,,sanglier_2022,10.57745/BUJORT,282f5076857dd4f8ca38089a6d499909,Analyses!559,Inoculation!285,[1]+,0.44,,Events!6;Events!8;Events!9,,False
LBE,2021-02-02T16:00:00,69.9583333333284,8,11,t0,IV.11,LBE_MBE,[1]+,2,1,No,No,Homemade,Low,No,250.915457898876,,250.915457898876,,,,,,,,,,,,,,,,sanglier_2022,10.57745/BUJORT,282f5076857dd4f8ca38089a6d499909,Analyses!560,Inoculation!286,[1]+,0.44,,Events!6;Events!8;Events!9,,False
LBE,2021-02-02T16:00:00,69.9583333333284,8,11,t0,IV.12,LBE_MBE,[1]+,3,1,No,No,Homemade,Low,No,252.205457898876,,252.205457898876,,,,,,,,,,,,,,,,sanglier_2022,10.57745/BUJORT,282f5076857dd4f8ca38089a6d499909,Analyses!561,Inoculation!287,[1]+,0.44,,Events!6;Events!8;Events!9,,False
LBE,2021-02-02T16:00:00,69.9583333333284,8,11,t0,IV.13,LBE_MBE,[2]+,1,2,No,No,Homemade,Low,No,250.855457898876,,250.855457898876,,,,,,,,,,,,,,,,sanglier_2022,10.57745/BUJORT,282f5076857dd4f8ca38089a6d499909,Analyses!562,Inoculation!288,[2]+,0.88,,Events!6;Events!8;Events!9,,False
LBE,2021-02-02T16:00:00,69.9583333333284,8,11,t0,IV.14,LBE_MBE,[2]+,2,2,No,No,Homemade,Low,No,250.995457898876,,250.995457898876,,,,,,,,,,,,,,,,sanglier_2022,10.57745/BUJORT,282f5076857dd4f8ca38089a6d499909,Analyses!563,Inoculation!289,[2]+,0.88,,Events!6;Events!8;Events!9,,False
LBE,2021-02-02T16:00:00,69.9583333333284,8,11,t0,IV.15,LBE_MBE,[2]+,3,2,No,No,Homemade,Low,No,250.735457898876,,250.735457898876,,,,,,,,,,,,,,,,sanglier_2022,10.57745/BUJORT,282f5076857dd4f8ca38089a6d499909,Analyses!564,Inoculation!290,[2]+,0.88,,Events!6;Events!8;Events!9,,False
LBE,2021-02-03T14:30:00,70.8958333333284,8,11,t1,IV.1,LBE_MBE,[0],1,0,No,No,Homemade,Low,No,249.915457898876,4.067,245.848457898876,7.14,,,,,,8.444,10.422,1.332,0.8,2.254,0.58,0,0.086,,sanglier_2022,10.57745/BUJORT,282f5076857dd4f8ca38089a6d499909,Analyses!565,Inoculation!276,[0],0,,Events!6;Events!8;Events!9,,False
LBE,2021-02-03T14:30:00,70.8958333333284,8,11,t1,IV.2,LBE_MBE,[0],2,0,No,No,Homemade,Low,No,250.175457898876,4.962,245.213457898876,7.2,,,,,,8.346,8.706,0.866,0.744,2.242,0.608,0,0.08,,sanglier_2022,10.57745/BUJORT,282f5076857dd4f8ca38089a6d499909,Analyses!566,Inoculation!277,[0],0,,Events!6;Events!8;Events!9,,False
LBE,2021-02-03T14:30:00,70.8958333333284,8,11,t1,IV.3,LBE_MBE,[0],3,0,No,No,Homemade,Low,No,250.845457898876,3.47399999999999,247.371457898876,5.66,,,,,,13.414,7.332,1.216,5.416,2.156,0.376,0,0.198,,sanglier_2022,10.57745/BUJORT,282f5076857dd4f8ca38089a6d499909,Analyses!567,Inoculation!278,[0],0,,Events!6;Events!8;Events!9,,False
LBE,2021-02-03T14:30:00,70.8958333333284,8,11,t1,IV.4,LBE_MBE,[1],1,1,No,No,Homemade,Low,No,250.565457898876,3.924,246.641457898876,7.04,,,,,,7.682,8.92,1.056,0.71,2.11,0.598,0.042,0.082,,sanglier_2022,10.57745/BUJORT,282f5076857dd4f8ca38089a6d499909,Analyses!568,Inoculation!279,[1],0.44,,Events!6;Events!8;Events!9,,False
LBE,2021-02-03T14:30:00,70.8958333333284,8,11,t1,IV.5,LBE_MBE,[1],2,1,No,No,Homemade,Low,No,251.085457898876,3.46099999999999,247.624457898876,7.01,,,,,,8.042,8.808,1.012,0.748,1.984,0.604,0,0.092,,sanglier_2022,10.57745/BUJORT,282f5076857dd4f8ca38089a6d499909,Analyses!569,Inoculation!280,[1],0.44,,Events!6;Events!8;Events!9,,False
LBE,2021-02-03T14:30:00,70.8958333333284,8,11,t1,IV.6,LBE_MBE,[1],3,1,No,No,Homemade,Low,No,250.565457898876,4.094,246.471457898876,7.1,,,,,,9.568,10.294,0.788,0.942,2.398,0.734,0,0.12,,sanglier_2022,10.57745/BUJORT,282f5076857dd4f8ca38089a6d499909,Analyses!570,Inoculation!281,[1],0.44,,Events!6;Events!8;Events!9,,False
LBE,2021-02-03T14:30:00,70.8958333333284,8,11,t1,IV.7,LBE_MBE,[2],1,2,No,No,Homemade,Low,No,251.105457898876,4.159,246.946457898876,7.14,,,,,,7.778,7.974,1.05,0.8,1.806,0.584,0.06,0.096,,sanglier_2022,10.57745/BUJORT,282f5076857dd4f8ca38089a6d499909,Analyses!571,Inoculation!282,[2],0.88,,Events!6;Events!8;Events!9,,False
LBE,2021-02-03T14:30:00,70.8958333333284,8,11,t1,IV.8,LBE_MBE,[2],2,2,No,No,Homemade,Low,No,251.735457898876,2.101,249.634457898876,7.22,,,,,,9.026,8.232,1.06,0.958,1.764,0.594,0,0.1,,sanglier_2022,10.57745/BUJORT,282f5076857dd4f8ca38089a6d499909,Analyses!572,Inoculation!283,[2],0.88,,Events!6;Events!8;Events!9,,False
LBE,2021-02-03T14:30:00,70.8958333333284,8,11,t1,IV.9,LBE_MBE,[2],3,2,No,No,Homemade,Low,No,250.735457898876,2.717,248.018457898876,7.28,,,,,,8.746,10.51,1.236,0.924,2.17,0.676,0,0.07,,sanglier_2022,10.57745/BUJORT,282f5076857dd4f8ca38089a6d499909,Analyses!573,Inoculation!284,[2],0.88,,Events!6;Events!8;Events!9,,False
LBE,2021-02-03T14:30:00,70.8958333333284,8,11,t1,IV.10,LBE_MBE,[1]+,1,1,No,No,Homemade,Low,No,250.695457898876,3.331,247.364457898876,7.17,,,,,,8.716,10.42,0.818,0.846,2.074,0.634,0,0,,sanglier_2022,10.57745/BUJORT,282f5076857dd4f8ca38089a6d499909,Analyses!574,Inoculation!285,[1]+,0.44,,Events!6;Events!8;Events!9,,False
LBE,2021-02-03T14:30:00,70.8958333333284,8,11,t1,IV.11,LBE_MBE,[1]+,2,1,No,No,Homemade,Low,No,250.915457898876,4.572,246.343457898876,7.04,,,,,,,,,,,,,,,sanglier_2022,10.57745/BUJORT,282f5076857dd4f8ca38089a6d499909,Analyses!575,Inoculation!286,[1]+,0.44,,Events!6;Events!8;Events!9,,False
LBE,2021-02-03T14:30:00,70.8958333333284,8,11,t1,IV.12,LBE_MBE,[1]+,3,1,No,No,Homemade,Low,No,252.205457898876,2.874,249.331457898876,7.35,,,,,,,,,,,,,,,sanglier_2022,10.57745/BUJORT,282f5076857dd4f8ca38089a6d499909,Analyses!576,Inoculation!287,[1]+,0.44,,Events!6;Events!8;Events!9,,False
LBE,2021-02-03T14:30:00,70.8958333333284,8,11,t1,IV.13,LBE_MBE,[2]+,1,2,No,No,Homemade,Low,No,250.855457898876,4.444,246.411457898876,7.14,,,,,,,,,,,,,,,sanglier_2022,10.57745/BUJORT,282f5076857dd4f8ca38089a6d499909,Analyses!577,Inoculation!288,[2]+,0.88,,Events!6;Events!8;Events!9,,False
LBE,2021-02-03T14:30:00,70.8958333333284,8,11,t1,IV.14,LBE_MBE,[2]+,2,2,No,No,Homemade,Low,No,250.995457898876,3.596,247.399457898876,7.08,,,,,,8.382,8.314,0.994,1.002,1.566,0.62,0.05,0.1,,sanglier_2022,10.57745/BUJORT,282f5076857dd4f8ca38089a6d499909,Analyses!578,Inoculation!289,[2]+,0.88,,Events!6;Events!8;Events!9,,False
LBE,2021-02-03T14:30:00,70.8958333333284,8,11,t1,IV.15,LBE_MBE,[2]+,3,2,No,No,Homemade,Low,No,250.735457898876,4.179,246.556457898876,7.06,,,,,,8.076,8.376,1.024,0.97,1.558,0.618,0.06,0.098,,sanglier_2022,10.57745/BUJORT,282f5076857dd4f8ca38089a6d499909,Analyses!579,Inoculation!290,[2]+,0.88,,Events!6;Events!8;Events!9,,False
LBE,2021-02-05T10:30:00,72.7291666666642,8,11,t3,IV.1,LBE_MBE,[0],1,0,No,No,Homemade,Low,No,245.848457898876,3.63499999999999,242.213457898876,7.4,,,,,,5.584,8.636,1.274,0.428,2.22,0.68,0.046,0,,sanglier_2022,10.57745/BUJORT,282f5076857dd4f8ca38089a6d499909,Analyses!580,Inoculation!276,[0],0,,Events!6;Events!8;Events!9,,False
LBE,2021-02-05T10:30:00,72.7291666666642,8,11,t3,IV.2,LBE_MBE,[0],2,0,No,No,Homemade,Low,No,245.213457898876,3.878,241.335457898876,7.54,,,,,,7.504,9.334,1.194,0.486,2.842,0.77,0.05,0,,sanglier_2022,10.57745/BUJORT,282f5076857dd4f8ca38089a6d499909,Analyses!581,Inoculation!277,[0],0,,Events!6;Events!8;Events!9,,False
LBE,2021-02-05T10:30:00,72.7291666666642,8,11,t3,IV.3,LBE_MBE,[0],3,0,No,No,Homemade,Low,No,247.371457898876,4.42799999999999,242.943457898876,5.64,,,,,,10.55,6.498,1.21,8.57,1.894,0.412,0,0.176,,sanglier_2022,10.57745/BUJORT,282f5076857dd4f8ca38089a6d499909,Analyses!582,Inoculation!278,[0],0,,Events!6;Events!8;Events!9,,False
LBE,2021-02-05T10:30:00,72.7291666666642,8,11,t3,IV.4,LBE_MBE,[1],1,1,No,No,Homemade,Low,No,246.641457898876,3.91,242.731457898876,7.67,,,,,,6.48,10.646,1.49,0.412,2.788,0.794,0,0.06,,sanglier_2022,10.57745/BUJORT,282f5076857dd4f8ca38089a6d499909,Analyses!583,Inoculation!279,[1],0.44,,Events!6;Events!8;Events!9,,False
LBE,2021-02-05T10:30:00,72.7291666666642,8,11,t3,IV.5,LBE_MBE,[1],2,1,No,No,Homemade,Low,No,247.624457898876,3.56399999999999,244.060457898876,7.44,,,,,,6.054,8.43,1.18,0.388,2.38,0.66,0,0,,sanglier_2022,10.57745/BUJORT,282f5076857dd4f8ca38089a6d499909,Analyses!584,Inoculation!280,[1],0.44,,Events!6;Events!8;Events!9,,False
LBE,2021-02-05T10:30:00,72.7291666666642,8,11,t3,IV.6,LBE_MBE,[1],3,1,No,No,Homemade,Low,No,246.471457898876,3.12,243.351457898876,7.63,,,,,,7.614,11.57,1.252,0.42,2.946,0.81,0,0,,sanglier_2022,10.57745/BUJORT,282f5076857dd4f8ca38089a6d499909,Analyses!585,Inoculation!281,[1],0.44,,Events!6;Events!8;Events!9,,False
LBE,2021-02-05T10:30:00,72.7291666666642,8,11,t3,IV.7,LBE_MBE,[2],1,2,No,No,Homemade,Low,No,246.946457898876,3.33499999999999,243.611457898876,7.63,,,,,,7.082,9.744,1.354,0.47,2.594,0.684,0,0,,sanglier_2022,10.57745/BUJORT,282f5076857dd4f8ca38089a6d499909,Analyses!586,Inoculation!282,[2],0.88,,Events!6;Events!8;Events!9,,False
LBE,2021-02-05T10:30:00,72.7291666666642,8,11,t3,IV.8,LBE_MBE,[2],2,2,No,No,Homemade,Low,No,249.634457898876,4.09399999999999,245.540457898876,7.55,,,,,,6.858,9.502,1.264,0.79,2.376,0.666,0,0,,sanglier_2022,10.57745/BUJORT,282f5076857dd4f8ca38089a6d499909,Analyses!587,Inoculation!283,[2],0.88,,Events!6;Events!8;Events!9,,False
LBE,2021-02-05T10:30:00,72.7291666666642,8,11,t3,IV.9,LBE_MBE,[2],3,2,No,No,Homemade,Low,No,248.018457898876,2.501,245.517457898876,7.63,,,,,,6.324,10.354,1.27,0.42,2.558,0.794,0,0,,sanglier_2022,10.57745/BUJORT,282f5076857dd4f8ca38089a6d499909,Analyses!588,Inoculation!284,[2],0.88,,Events!6;Events!8;Events!9,,False
LBE,2021-02-05T10:30:00,72.7291666666642,8,11,t3,IV.10,LBE_MBE,[1]+,1,1,No,No,Homemade,Low,No,247.364457898876,4.24199999999999,243.122457898876,7.46,,,,,,7.172,10.098,0.872,0.448,2.492,0.804,0,0,,sanglier_2022,10.57745/BUJORT,282f5076857dd4f8ca38089a6d499909,Analyses!589,Inoculation!285,[1]+,0.44,,Events!6;Events!8;Events!9,,False
LBE,2021-02-05T10:30:00,72.7291666666642,8,11,t3,IV.11,LBE_MBE,[1]+,2,1,No,No,Homemade,Low,No,246.343457898876,3.483,242.860457898876,7.48,,,,,,7.14,10.216,1.246,0.514,2.698,0.872,0.086,0,,sanglier_2022,10.57745/BUJORT,282f5076857dd4f8ca38089a6d499909,Analyses!590,Inoculation!286,[1]+,0.44,,Events!6;Events!8;Events!9,,False
LBE,2021-02-05T10:30:00,72.7291666666642,8,11,t3,IV.12,LBE_MBE,[1]+,3,1,No,No,Homemade,Low,No,249.331457898876,3.027,246.304457898876,7.7,,,,,,5.988,8.168,0.808,0.426,2.38,0.722,0,0,,sanglier_2022,10.57745/BUJORT,282f5076857dd4f8ca38089a6d499909,Analyses!591,Inoculation!287,[1]+,0.44,,Events!6;Events!8;Events!9,,False
LBE,2021-02-05T10:30:00,72.7291666666642,8,11,t3,IV.13,LBE_MBE,[2]+,1,2,No,No,Homemade,Low,No,246.411457898876,4.077,242.334457898876,7.46,,,,,,6.684,9.204,1.134,0.48,2.244,0.66,0.054,0,,sanglier_2022,10.57745/BUJORT,282f5076857dd4f8ca38089a6d499909,Analyses!592,Inoculation!288,[2]+,0.88,,Events!6;Events!8;Events!9,,False
LBE,2021-02-05T10:30:00,72.7291666666642,8,11,t3,IV.14,LBE_MBE,[2]+,2,2,No,No,Homemade,Low,No,247.399457898876,3.971,243.428457898876,7.42,,,,,,6.496,9.204,1.176,0.444,2.2,0.754,0,0,,sanglier_2022,10.57745/BUJORT,282f5076857dd4f8ca38089a6d499909,Analyses!593,Inoculation!289,[2]+,0.88,,Events!6;Events!8;Events!9,,False
LBE,2021-02-05T10:30:00,72.7291666666642,8,11,t3,IV.15,LBE_MBE,[2]+,3,2,No,No,Homemade,Low,No,246.556457898876,3.83399999999999,242.722457898876,7.57,,,,,,6.838,10.44,1.328,0.448,2.462,0.856,0.08,0,,sanglier_2022,10.57745/BUJORT,282f5076857dd4f8ca38089a6d499909,Analyses!594,Inoculation!290,[2]+,0.88,,Events!6;Events!8;Events!9,,False
LBE,2021-02-09T10:30:00,76.7291666666642,8,11,tf,IV.1,LBE_MBE,[0],1,0,No,No,Homemade,Low,No,242.213457898876,,242.213457898876,7.98,3.97999999999999,,39.5,0.0640762189426483,0.0468895946198389,0.684,10.912,1.222,0,1.654,0,0,0,,sanglier_2022,10.57745/BUJORT,282f5076857dd4f8ca38089a6d499909,Analyses!595,Inoculation!276,[0],0,,Events!6;Events!8;Events!9,,False
LBE,2021-02-09T10:30:00,76.7291666666642,8,11,tf,IV.2,LBE_MBE,[0],2,0,No,No,Homemade,Low,No,241.335457898876,,241.335457898876,8.24,3.96,,34.3,0.063232682060391,0.0461811722912975,0.756,12.306,0.954,0,2.008,0,0,0,,sanglier_2022,10.57745/BUJORT,282f5076857dd4f8ca38089a6d499909,Analyses!596,Inoculation!277,[0],0,,Events!6;Events!8;Events!9,,False
LBE,2021-02-09T10:30:00,76.7291666666642,8,11,tf,IV.3,LBE_MBE,[0],3,0,No,No,Homemade,Low,No,242.943457898876,,242.943457898876,5.76,4.82,,66.25,0.0834602497715506,0.0636612854096872,12.152,7.982,1.374,13.19,2.368,0.578,0,0.22,,sanglier_2022,10.57745/BUJORT,282f5076857dd4f8ca38089a6d499909,Analyses!597,Inoculation!278,[0],0,,Events!6;Events!8;Events!9,,False
LBE,2021-02-09T10:30:00,76.7291666666642,8,11,tf,IV.4,LBE_MBE,[1],1,1,No,No,Homemade,Low,No,242.731457898876,,242.731457898876,8,3.8,,35.05,0.0578481945467944,0.0414517317612376,0.256,9.572,1.102,0.046,1.358,0,0,0,,sanglier_2022,10.57745/BUJORT,282f5076857dd4f8ca38089a6d499909,Analyses!598,Inoculation!279,[1],0.44,,Events!6;Events!8;Events!9,,False
LBE,2021-02-09T10:30:00,76.7291666666642,8,11,tf,IV.5,LBE_MBE,[1],2,1,No,No,Homemade,Low,No,244.060457898876,,244.060457898876,8.1,3.97999999999999,,37.15,0.0679433805162366,0.0506244796003334,0.324,11.584,1.296,0,1.718,0,0,0,,sanglier_2022,10.57745/BUJORT,282f5076857dd4f8ca38089a6d499909,Analyses!599,Inoculation!280,[1],0.44,,Events!6;Events!8;Events!9,,False
LBE,2021-02-09T10:30:00,76.7291666666642,8,11,tf,IV.6,LBE_MBE,[1],3,1,No,No,Homemade,Low,No,243.351457898876,,243.351457898876,8.15,3.72,,40.3,0.080110074912093,0.0613056107628796,0.418,11.656,0.762,0,1.8,0,0,0,,sanglier_2022,10.57745/BUJORT,282f5076857dd4f8ca38089a6d499909,Analyses!600,Inoculation!281,[1],0.44,,Events!6;Events!8;Events!9,,False
LBE,2021-02-09T10:30:00,76.7291666666642,8,11,tf,IV.7,LBE_MBE,[2],1,2,No,No,Homemade,Low,No,243.611457898876,,243.611457898876,8.04,3.86,,34.1,0.0620063191153238,0.0450236966824647,0.372,12.442,1.648,0,1.77,0,0,0,,sanglier_2022,10.57745/BUJORT,282f5076857dd4f8ca38089a6d499909,Analyses!601,Inoculation!282,[2],0.88,,Events!6;Events!8;Events!9,,False
LBE,2021-02-09T10:30:00,76.7291666666642,8,11,tf,IV.8,LBE_MBE,[2],2,2,No,No,Homemade,Low,No,245.540457898876,,245.540457898876,8.21,3.74,,34.45,0.0692632739298185,0.0521771082123826,0.33,11.676,1.464,0,1.598,0,0,0,,sanglier_2022,10.57745/BUJORT,282f5076857dd4f8ca38089a6d499909,Analyses!602,Inoculation!283,[2],0.88,,Events!6;Events!8;Events!9,,False
LBE,2021-02-09T10:30:00,76.7291666666642,8,11,tf,IV.9,LBE_MBE,[2],3,2,No,No,Homemade,Low,No,245.517457898876,,245.517457898876,8.11,4.07999999999999,,33.55,0.0664051147922117,0.0486777099680326,0.254,11.394,1.31,0,1.546,0,0,0,,sanglier_2022,10.57745/BUJORT,282f5076857dd4f8ca38089a6d499909,Analyses!603,Inoculation!284,[2],0.88,,Events!6;Events!8;Events!9,,False
LBE,2021-02-09T10:30:00,76.7291666666642,8,11,tf,IV.10,LBE_MBE,[1]+,1,1,No,No,Homemade,Low,No,243.122457898876,,243.122457898876,8.03,4.06,,32.95,0.0655088360755646,0.0475319926873853,0.486,10.776,0.696,0,1.46,0,0,0,,sanglier_2022,10.57745/BUJORT,282f5076857dd4f8ca38089a6d499909,Analyses!604,Inoculation!285,[1]+,0.44,,Events!6;Events!8;Events!9,,False
LBE,2021-02-09T10:30:00,76.7291666666642,8,11,tf,IV.11,LBE_MBE,[1]+,2,1,No,No,Homemade,Low,No,242.860457898876,,242.860457898876,8.23,3.66,,36,0.0568204315977032,0.0403880419718869,0.354,12.114,1.39,0,1.614,0,0.04,0,,sanglier_2022,10.57745/BUJORT,282f5076857dd4f8ca38089a6d499909,Analyses!605,Inoculation!286,[1]+,0.44,,Events!6;Events!8;Events!9,,False
LBE,2021-02-09T10:30:00,76.7291666666642,8,11,tf,IV.12,LBE_MBE,[1]+,3,1,No,No,Homemade,Low,No,246.304457898876,,246.304457898876,8.12,3.94,,35.85,0.0579738058551621,0.041602465331279,0.38,10.224,0.794,0,1.518,0,0,0,,sanglier_2022,10.57745/BUJORT,282f5076857dd4f8ca38089a6d499909,Analyses!606,Inoculation!287,[1]+,0.44,,Events!6;Events!8;Events!9,,False
LBE,2021-02-09T10:30:00,76.7291666666642,8,11,tf,IV.13,LBE_MBE,[2]+,1,2,No,No,Homemade,Low,No,242.334457898876,,242.334457898876,8.07,3.92,,36.3,0.064516129032258,0.0460829493087559,0.252,12.236,1.424,0,1.586,0,0,0,,sanglier_2022,10.57745/BUJORT,282f5076857dd4f8ca38089a6d499909,Analyses!607,Inoculation!288,[2]+,0.88,,Events!6;Events!8;Events!9,,False
LBE,2021-02-09T10:30:00,76.7291666666642,8,11,tf,IV.14,LBE_MBE,[2]+,2,2,No,No,Homemade,Low,No,243.428457898876,,243.428457898876,8.17,3.6,,32.15,0.0745687256538677,0.0571322574661472,0.32,12.2,1.428,0,1.352,0,0,0,,sanglier_2022,10.57745/BUJORT,282f5076857dd4f8ca38089a6d499909,Analyses!608,Inoculation!289,[2]+,0.88,,Events!6;Events!8;Events!9,,False
LBE,2021-02-09T10:30:00,76.7291666666642,8,11,tf,IV.15,LBE_MBE,[2]+,3,2,No,No,Homemade,Low,No,242.722457898876,,242.722457898876,7.97,3.72,,33.3,0.0758507135016459,0.0586169045005479,0,11.892,1.576,0,1.414,0,0,0,,sanglier_2022,10.57745/BUJORT,282f5076857dd4f8ca38089a6d499909,Analyses!609,Inoculation!290,[2]+,0.88,,Events!6;Events!8;Events!9,,False
LBE,2021-02-09T16:30:00,76.9791666666642,9,12,t0,IV.1,LBE_MBE,[0],1,0,No,No,Homemade,Low,No,250.155457898876,,250.155457898876,,,,,,,,,,,,,,,,sanglier_2022,10.57745/BUJORT,282f5076857dd4f8ca38089a6d499909,Analyses!610,Inoculation!291,[0],0,,Events!6;Events!8;Events!9,,False
LBE,2021-02-09T16:30:00,76.9791666666642,9,12,t0,IV.2,LBE_MBE,[0],2,0,No,No,Homemade,Low,No,250.685457898876,,250.685457898876,,,,,,,,,,,,,,,,sanglier_2022,10.57745/BUJORT,282f5076857dd4f8ca38089a6d499909,Analyses!611,Inoculation!292,[0],0,,Events!6;Events!8;Events!9,,False
LBE,2021-02-09T16:30:00,76.9791666666642,9,12,t0,IV.3,LBE_MBE,[0],3,0,No,No,Homemade,Low,No,249.995457898876,,249.995457898876,,,,,,,,,,,,,,,,sanglier_2022,10.57745/BUJORT,282f5076857dd4f8ca38089a6d499909,Analyses!612,Inoculation!293,[0],0,,Events!6;Events!8;Events!9,,False
LBE,2021-02-09T16:30:00,76.9791666666642,9,12,t0,IV.4,LBE_MBE,[1],1,1,No,No,Homemade,Low,No,251.145457898876,,251.145457898876,,,,,,,,,,,,,,,,sanglier_2022,10.57745/BUJORT,282f5076857dd4f8ca38089a6d499909,Analyses!613,Inoculation!294,[1],0.44,,Events!6;Events!8;Events!9,,False
LBE,2021-02-09T16:30:00,76.9791666666642,9,12,t0,IV.5,LBE_MBE,[1],2,1,No,No,Homemade,Low,No,250.315457898876,,250.315457898876,,,,,,,,,,,,,,,,sanglier_2022,10.57745/BUJORT,282f5076857dd4f8ca38089a6d499909,Analyses!614,Inoculation!295,[1],0.44,,Events!6;Events!8;Events!9,,False
LBE,2021-02-09T16:30:00,76.9791666666642,9,12,t0,IV.6,LBE_MBE,[1],3,1,No,No,Homemade,Low,No,250.875457898876,,250.875457898876,,,,,,,,,,,,,,,,sanglier_2022,10.57745/BUJORT,282f5076857dd4f8ca38089a6d499909,Analyses!615,Inoculation!296,[1],0.44,,Events!6;Events!8;Events!9,,False
LBE,2021-02-09T16:30:00,76.9791666666642,9,12,t0,IV.7,LBE_MBE,[2],1,2,No,No,Homemade,Low,No,250.925457898876,,250.925457898876,,,,,,,,,,,,,,,,sanglier_2022,10.57745/BUJORT,282f5076857dd4f8ca38089a6d499909,Analyses!616,Inoculation!297,[2],0.88,,Events!6;Events!8;Events!9,,False
LBE,2021-02-09T16:30:00,76.9791666666642,9,12,t0,IV.8,LBE_MBE,[2],2,2,No,No,Homemade,Low,No,251.735457898876,,251.735457898876,,,,,,,,,,,,,,,,sanglier_2022,10.57745/BUJORT,282f5076857dd4f8ca38089a6d499909,Analyses!617,Inoculation!298,[2],0.88,,Events!6;Events!8;Events!9,,False
LBE,2021-02-09T16:30:00,76.9791666666642,9,12,t0,IV.9,LBE_MBE,[2],3,2,No,No,Homemade,Low,No,251.165457898876,,251.165457898876,,,,,,,,,,,,,,,,sanglier_2022,10.57745/BUJORT,282f5076857dd4f8ca38089a6d499909,Analyses!618,Inoculation!299,[2],0.88,,Events!6;Events!8;Events!9,,False
LBE,2021-02-09T16:30:00,76.9791666666642,9,12,t0,IV.10,LBE_MBE,[1]+,1,1,No,No,Homemade,Low,No,250.645457898876,,250.645457898876,,,,,,,,,,,,,,,,sanglier_2022,10.57745/BUJORT,282f5076857dd4f8ca38089a6d499909,Analyses!619,Inoculation!300,[1]+,0.44,,Events!6;Events!8;Events!9,,False
LBE,2021-02-09T16:30:00,76.9791666666642,9,12,t0,IV.11,LBE_MBE,[1]+,2,1,No,No,Homemade,Low,No,250.335457898876,,250.335457898876,,,,,,,,,,,,,,,,sanglier_2022,10.57745/BUJORT,282f5076857dd4f8ca38089a6d499909,Analyses!620,Inoculation!301,[1]+,0.44,,Events!6;Events!8;Events!9,,False
LBE,2021-02-09T16:30:00,76.9791666666642,9,12,t0,IV.12,LBE_MBE,[1]+,3,1,No,No,Homemade,Low,No,250.285457898876,,250.285457898876,,,,,,,,,,,,,,,,sanglier_2022,10.57745/BUJORT,282f5076857dd4f8ca38089a6d499909,Analyses!621,Inoculation!302,[1]+,0.44,,Events!6;Events!8;Events!9,,False
LBE,2021-02-09T16:30:00,76.9791666666642,9,12,t0,IV.13,LBE_MBE,[2]+,1,2,No,No,Homemade,Low,No,251.205457898876,,251.205457898876,,,,,,,,,,,,,,,,sanglier_2022,10.57745/BUJORT,282f5076857dd4f8ca38089a6d499909,Analyses!622,Inoculation!303,[2]+,0.88,,Events!6;Events!8;Events!9,,False
LBE,2021-02-09T16:30:00,76.9791666666642,9,12,t0,IV.14,LBE_MBE,[2]+,2,2,No,No,Homemade,Low,No,250.715457898876,,250.715457898876,,,,,,,,,,,,,,,,sanglier_2022,10.57745/BUJORT,282f5076857dd4f8ca38089a6d499909,Analyses!623,Inoculation!304,[2]+,0.88,,Events!6;Events!8;Events!9,,False
LBE,2021-02-09T16:30:00,76.9791666666642,9,12,t0,IV.15,LBE_MBE,[2]+,3,2,No,No,Homemade,Low,No,251.805457898876,,251.805457898876,,,,,,,,,,,,,,,,sanglier_2022,10.57745/BUJORT,282f5076857dd4f8ca38089a6d499909,Analyses!624,Inoculation!305,[2]+,0.88,,Events!6;Events!8;Events!9,,False
LBE,2021-02-10T17:00:00,78,9,12,t1,IV.1,LBE_MBE,[0],1,0,No,No,Homemade,Low,No,250.155457898876,3.97499999999999,246.180457898876,7.04,,,,,,6.964,9.47,1.118,0.9,1.872,0.368,0,0.064,,sanglier_2022,10.57745/BUJORT,282f5076857dd4f8ca38089a6d499909,Analyses!625,Inoculation!291,[0],0,,Events!6;Events!8;Events!9,,False
LBE,2021-02-10T17:00:00,78,9,12,t1,IV.2,LBE_MBE,[0],2,0,No,No,Homemade,Low,No,250.685457898876,3.194,247.491457898876,7.16,,,,,,9.026,10.844,0.926,0.88,2.486,0.654,0,0,,sanglier_2022,10.57745/BUJORT,282f5076857dd4f8ca38089a6d499909,Analyses!626,Inoculation!292,[0],0,,Events!6;Events!8;Events!9,,False
LBE,2021-02-10T17:00:00,78,9,12,t1,IV.3,LBE_MBE,[0],3,0,No,No,Homemade,Low,No,249.995457898876,4.15499999999999,245.840457898876,5.32,,,,,,7.98,5.324,0.892,10.742,1.542,0.422,0,0.144,,sanglier_2022,10.57745/BUJORT,282f5076857dd4f8ca38089a6d499909,Analyses!627,Inoculation!293,[0],0,,Events!6;Events!8;Events!9,,False
LBE,2021-02-10T17:00:00,78,9,12,t1,IV.4,LBE_MBE,[1],1,1,No,No,Homemade,Low,No,251.145457898876,4.012,247.133457898876,7.06,,,,,,8.024,12.152,1.35,0.834,2.282,0.692,0,0,,sanglier_2022,10.57745/BUJORT,282f5076857dd4f8ca38089a6d499909,Analyses!628,Inoculation!294,[1],0.44,,Events!6;Events!8;Events!9,,False
LBE,2021-02-10T17:00:00,78,9,12,t1,IV.5,LBE_MBE,[1],2,1,No,No,Homemade,Low,No,250.315457898876,4.23699999999999,246.078457898876,7.1,,,,,,6.626,9.04,1.084,0.65,1.964,0.556,0,0,,sanglier_2022,10.57745/BUJORT,282f5076857dd4f8ca38089a6d499909,Analyses!629,Inoculation!295,[1],0.44,,Events!6;Events!8;Events!9,,False
LBE,2021-02-10T17:00:00,78,9,12,t1,IV.6,LBE_MBE,[1],3,1,No,No,Homemade,Low,No,250.875457898876,3.668,247.207457898876,7.16,,,,,,8.538,11.52,0.856,0.726,2.464,0.686,0,0.068,,sanglier_2022,10.57745/BUJORT,282f5076857dd4f8ca38089a6d499909,Analyses!630,Inoculation!296,[1],0.44,,Events!6;Events!8;Events!9,,False
LBE,2021-02-10T17:00:00,78,9,12,t1,IV.7,LBE_MBE,[2],1,2,No,No,Homemade,Low,No,250.925457898876,4.66299999999999,246.262457898876,7.07,,,,,,8.068,9.932,1.35,0.874,2.088,0.646,0.056,0.09,,sanglier_2022,10.57745/BUJORT,282f5076857dd4f8ca38089a6d499909,Analyses!631,Inoculation!297,[2],0.88,,Events!6;Events!8;Events!9,,False
LBE,2021-02-10T17:00:00,78,9,12,t1,IV.8,LBE_MBE,[2],2,2,No,No,Homemade,Low,No,251.735457898876,4.408,247.327457898876,7.03,,,,,,9.168,10.692,1.318,1.118,2.048,0.66,0,0.096,,sanglier_2022,10.57745/BUJORT,282f5076857dd4f8ca38089a6d499909,Analyses!632,Inoculation!298,[2],0.88,,Events!6;Events!8;Events!9,,False
LBE,2021-02-10T17:00:00,78,9,12,t1,IV.9,LBE_MBE,[2],3,2,No,No,Homemade,Low,No,251.165457898876,2.886,248.279457898876,7.08,,,,,,8.998,12.762,1.554,1.098,2.48,0.728,0.056,0.098,,sanglier_2022,10.57745/BUJORT,282f5076857dd4f8ca38089a6d499909,Analyses!633,Inoculation!299,[2],0.88,,Events!6;Events!8;Events!9,,False
LBE,2021-02-10T17:00:00,78,9,12,t1,IV.10,LBE_MBE,[1]+,1,1,No,No,Homemade,Low,No,250.645457898876,2.707,247.938457898876,7.05,,,,,,7.668,9.916,0.726,0.868,1.85,0.51,0.04,0.072,,sanglier_2022,10.57745/BUJORT,282f5076857dd4f8ca38089a6d499909,Analyses!634,Inoculation!300,[1]+,0.44,,Events!6;Events!8;Events!9,,False
LBE,2021-02-10T17:00:00,78,9,12,t1,IV.11,LBE_MBE,[1]+,2,1,No,No,Homemade,Low,No,250.335457898876,4.37599999999999,245.959457898876,7.01,,,,,,6.986,9.45,1.112,0.814,1.786,0.532,0.088,0.076,,sanglier_2022,10.57745/BUJORT,282f5076857dd4f8ca38089a6d499909,Analyses!635,Inoculation!301,[1]+,0.44,,Events!6;Events!8;Events!9,,False
LBE,2021-02-10T17:00:00,78,9,12,t1,IV.12,LBE_MBE,[1]+,3,1,No,No,Homemade,Low,No,250.285457898876,,250.285457898876,,,,,,,,,,,,,,,,sanglier_2022,10.57745/BUJORT,282f5076857dd4f8ca38089a6d499909,Analyses!636,Inoculation!302,[1]+,0.44,,Events!6;Events!8;Events!9,,False
LBE,2021-02-10T17:00:00,78,9,12,t1,IV.13,LBE_MBE,[2]+,1,2,No,No,Homemade,Low,No,251.205457898876,2.65799999999999,248.547457898876,7.28,,,,,,9.11,11.328,1.47,1.006,2.326,0.742,0.066,0.092,,sanglier_2022,10.57745/BUJORT,282f5076857dd4f8ca38089a6d499909,Analyses!637,Inoculation!303,[2]+,0.88,,Events!6;Events!8;Events!9,,False
LBE,2021-02-10T17:00:00,78,9,12,t1,IV.14,LBE_MBE,[2]+,2,2,No,No,Homemade,Low,No,250.715457898876,3.788,246.927457898876,7.04,,,,,,8.304,10.638,1.358,0.974,1.99,0.702,0.076,0.092,,sanglier_2022,10.57745/BUJORT,282f5076857dd4f8ca38089a6d499909,Analyses!638,Inoculation!304,[2]+,0.88,,Events!6;Events!8;Events!9,,False
LBE,2021-02-10T17:00:00,78,9,12,t1,IV.15,LBE_MBE,[2]+,3,2,No,No,Homemade,Low,No,251.805457898876,2.52499999999999,249.280457898876,7.01,,,,,,8.94,10.786,1.34,1.3,1.832,0.676,0.082,0.12,,sanglier_2022,10.57745/BUJORT,282f5076857dd4f8ca38089a6d499909,Analyses!639,Inoculation!305,[2]+,0.88,,Events!6;Events!8;Events!9,,False
LBE,2021-02-12T15:00:00,79.9166666666642,9,12,t3,IV.1,LBE_MBE,[0],1,0,No,No,Homemade,Low,No,246.180457898876,4.318,241.862457898876,7.23,,,,,,5.552,9.626,1.196,0.606,2.324,0.756,0.036,0.064,,sanglier_2022,10.57745/BUJORT,282f5076857dd4f8ca38089a6d499909,Analyses!640,Inoculation!291,[0],0,,Events!6;Events!8;Events!9,,False
LBE,2021-02-12T15:00:00,79.9166666666642,9,12,t3,IV.2,LBE_MBE,[0],2,0,No,No,Homemade,Low,No,247.491457898876,4.52599999999999,242.965457898876,7.33,,,,,,6.76,9.154,0.856,0.596,2.58,0.886,0,0,,sanglier_2022,10.57745/BUJORT,282f5076857dd4f8ca38089a6d499909,Analyses!641,Inoculation!292,[0],0,,Events!6;Events!8;Events!9,,False
LBE,2021-02-12T15:00:00,79.9166666666642,9,12,t3,IV.3,LBE_MBE,[0],3,0,No,No,Homemade,Low,No,245.840457898876,4.288,241.552457898876,5.24,,,,,,9.118,5.634,0.956,11.648,1.524,0.444,0,0.138,,sanglier_2022,10.57745/BUJORT,282f5076857dd4f8ca38089a6d499909,Analyses!642,Inoculation!293,[0],0,,Events!6;Events!8;Events!9,,False
LBE,2021-02-12T15:00:00,79.9166666666642,9,12,t3,IV.4,LBE_MBE,[1],1,1,No,No,Homemade,Low,No,247.133457898876,4.665,242.468457898876,7.29,,,,,,5.296,9.364,1.16,0.464,2.272,0.862,0.038,0,,sanglier_2022,10.57745/BUJORT,282f5076857dd4f8ca38089a6d499909,Analyses!643,Inoculation!294,[1],0.44,,Events!6;Events!8;Events!9,,False
LBE,2021-02-12T15:00:00,79.9166666666642,9,12,t3,IV.5,LBE_MBE,[1],2,1,No,No,Homemade,Low,No,246.078457898876,5.09399999999999,240.984457898876,7.26,,,,,,5.724,9.62,1.186,0.416,2.55,0.836,0.034,0,,sanglier_2022,10.57745/BUJORT,282f5076857dd4f8ca38089a6d499909,Analyses!644,Inoculation!295,[1],0.44,,Events!6;Events!8;Events!9,,False
LBE,2021-02-12T15:00:00,79.9166666666642,9,12,t3,IV.6,LBE_MBE,[1],3,1,No,No,Homemade,Low,No,247.207457898876,3.52099999999999,243.686457898876,7.42,,,,,,5.58,9.068,0.76,0.446,2.38,0.698,0,0,,sanglier_2022,10.57745/BUJORT,282f5076857dd4f8ca38089a6d499909,Analyses!645,Inoculation!296,[1],0.44,,Events!6;Events!8;Events!9,,False
LBE,2021-02-12T15:00:00,79.9166666666642,9,12,t3,IV.7,LBE_MBE,[2],1,2,No,No,Homemade,Low,No,246.262457898876,3.89,242.372457898876,7.45,,,,,,5.066,8.218,1.18,0.368,2.208,0.72,0.066,0,,sanglier_2022,10.57745/BUJORT,282f5076857dd4f8ca38089a6d499909,Analyses!646,Inoculation!297,[2],0.88,,Events!6;Events!8;Events!9,,False
LBE,2021-02-12T15:00:00,79.9166666666642,9,12,t3,IV.8,LBE_MBE,[2],2,2,No,No,Homemade,Low,No,247.327457898876,4.35199999999999,242.975457898876,7.53,,,,,,4.974,8.36,1.14,0.348,2.154,0.692,0,0,,sanglier_2022,10.57745/BUJORT,282f5076857dd4f8ca38089a6d499909,Analyses!647,Inoculation!298,[2],0.88,,Events!6;Events!8;Events!9,,False
LBE,2021-02-12T15:00:00,79.9166666666642,9,12,t3,IV.9,LBE_MBE,[2],3,2,No,No,Homemade,Low,No,248.279457898876,2.67599999999999,245.603457898876,7.54,,,,,,5.154,10.082,1.234,0.402,2.426,0.858,0,0,,sanglier_2022,10.57745/BUJORT,282f5076857dd4f8ca38089a6d499909,Analyses!648,Inoculation!299,[2],0.88,,Events!6;Events!8;Events!9,,False
LBE,2021-02-12T15:00:00,79.9166666666642,9,12,t3,IV.10,LBE_MBE,[1]+,1,1,No,No,Homemade,Low,No,247.938457898876,2.573,245.365457898876,7.26,,,,,,8.208,11.742,0.92,0.698,2.784,0.996,0.048,0,,sanglier_2022,10.57745/BUJORT,282f5076857dd4f8ca38089a6d499909,Analyses!649,Inoculation!300,[1]+,0.44,,Events!6;Events!8;Events!9,,False
LBE,2021-02-12T15:00:00,79.9166666666642,9,12,t3,IV.11,LBE_MBE,[1]+,2,1,No,No,Homemade,Low,No,245.959457898876,3.474,242.485457898876,7.41,,,,,,5.312,8.994,1.204,0.454,2.292,0.812,0.096,0,,sanglier_2022,10.57745/BUJORT,282f5076857dd4f8ca38089a6d499909,Analyses!650,Inoculation!301,[1]+,0.44,,Events!6;Events!8;Events!9,,False
LBE,2021-02-12T15:00:00,79.9166666666642,9,12,t3,IV.12,LBE_MBE,[1]+,3,1,No,No,Homemade,Low,No,250.285457898876,,250.285457898876,,,,,,,,,,,,,,,,sanglier_2022,10.57745/BUJORT,282f5076857dd4f8ca38089a6d499909,Analyses!651,Inoculation!302,[1]+,0.44,,Events!6;Events!8;Events!9,,False
LBE,2021-02-12T15:00:00,79.9166666666642,9,12,t3,IV.13,LBE_MBE,[2]+,1,2,No,No,Homemade,Low,No,248.547457898876,3.755,244.792457898876,7.5,,,,,,6.522,11.196,1.546,0.426,2.836,0.88,0.078,0,,sanglier_2022,10.57745/BUJORT,282f5076857dd4f8ca38089a6d499909,Analyses!652,Inoculation!303,[2]+,0.88,,Events!6;Events!8;Events!9,,False
LBE,2021-02-12T15:00:00,79.9166666666642,9,12,t3,IV.14,LBE_MBE,[2]+,2,2,No,No,Homemade,Low,No,246.927457898876,4.13,242.797457898876,7.45,,,,,,4.818,8.282,1.136,0.314,1.982,0.7,0.042,0,,sanglier_2022,10.57745/BUJORT,282f5076857dd4f8ca38089a6d499909,Analyses!653,Inoculation!304,[2]+,0.88,,Events!6;Events!8;Events!9,,False
LBE,2021-02-12T15:00:00,79.9166666666642,9,12,t3,IV.15,LBE_MBE,[2]+,3,2,No,No,Homemade,Low,No,249.280457898876,3.693,245.587457898876,7.41,,,,,,4.666,8.416,1.102,0.434,1.95,0.802,0.058,0,,sanglier_2022,10.57745/BUJORT,282f5076857dd4f8ca38089a6d499909,Analyses!654,Inoculation!305,[2]+,0.88,,Events!6;Events!8;Events!9,,False
LBE,2021-02-16T16:00:00,83.9583333333284,9,12,t7,IV.1,LBE_MBE,[0],1,0,No,No,Homemade,Low,No,241.862457898876,4.59399999999999,237.268457898876,7.76,,,,,,0.698,11.028,1.15,0,1.936,0.028,0,0,,sanglier_2022,10.57745/BUJORT,282f5076857dd4f8ca38089a6d499909,Analyses!655,Inoculation!291,[0],0,,Events!6;Events!8;Events!9,,False
LBE,2021-02-16T16:00:00,83.9583333333284,9,12,t7,IV.2,LBE_MBE,[0],2,0,No,No,Homemade,Low,No,242.965457898876,4.719,238.246457898876,7.81,,,,,,0.842,10.302,0.868,0,1.312,0.032,0,0,,sanglier_2022,10.57745/BUJORT,282f5076857dd4f8ca38089a6d499909,Analyses!656,Inoculation!292,[0],0,,Events!6;Events!8;Events!9,,False
LBE,2021-02-16T16:00:00,83.9583333333284,9,12,t7,IV.3,LBE_MBE,[0],3,0,No,No,Homemade,Low,No,241.552457898876,3.395,238.157457898876,5.32,,,,,,8.47,5.028,0.824,10.834,1.43,0.548,0,0.138,,sanglier_2022,10.57745/BUJORT,282f5076857dd4f8ca38089a6d499909,Analyses!657,Inoculation!293,[0],0,,Events!6;Events!8;Events!9,,False
LBE,2021-02-16T16:00:00,83.9583333333284,9,12,t7,IV.4,LBE_MBE,[1],1,1,No,No,Homemade,Low,No,242.468457898876,4.048,238.420457898876,7.71,,,,,,0.426,10.71,1.19,0,1.452,0,0,0,,sanglier_2022,10.57745/BUJORT,282f5076857dd4f8ca38089a6d499909,Analyses!658,Inoculation!294,[1],0.44,,Events!6;Events!8;Events!9,,False
LBE,2021-02-16T16:00:00,83.9583333333284,9,12,t7,IV.5,LBE_MBE,[1],2,1,No,No,Homemade,Low,No,240.984457898876,4.18899999999999,236.795457898876,7.76,,,,,,0.448,10.126,1.142,0,1.494,0,0,0,,sanglier_2022,10.57745/BUJORT,282f5076857dd4f8ca38089a6d499909,Analyses!659,Inoculation!295,[1],0.44,,Events!6;Events!8;Events!9,,False
LBE,2021-02-16T16:00:00,83.9583333333284,9,12,t7,IV.6,LBE_MBE,[1],3,1,No,No,Homemade,Low,No,243.686457898876,4.26899999999999,239.417457898876,7.78,,,,,,0.484,10.55,0.706,0,1.636,0,0,0,,sanglier_2022,10.57745/BUJORT,282f5076857dd4f8ca38089a6d499909,Analyses!660,Inoculation!296,[1],0.44,,Events!6;Events!8;Events!9,,False
LBE,2021-02-16T16:00:00,83.9583333333284,9,12,t7,IV.7,LBE_MBE,[2],1,2,No,No,Homemade,Low,No,242.372457898876,4.071,238.301457898876,7.83,,,,,,0.348,9.93,1.282,0,1.352,0,0,0,,sanglier_2022,10.57745/BUJORT,282f5076857dd4f8ca38089a6d499909,Analyses!661,Inoculation!297,[2],0.88,,Events!6;Events!8;Events!9,,False
LBE,2021-02-16T16:00:00,83.9583333333284,9,12,t7,IV.8,LBE_MBE,[2],2,2,No,No,Homemade,Low,No,242.975457898876,4.191,238.784457898876,7.79,,,,,,0.45,9.708,1.192,0,1.276,0,0,0,,sanglier_2022,10.57745/BUJORT,282f5076857dd4f8ca38089a6d499909,Analyses!662,Inoculation!298,[2],0.88,,Events!6;Events!8;Events!9,,False
LBE,2021-02-16T16:00:00,83.9583333333284,9,12,t7,IV.9,LBE_MBE,[2],3,2,No,No,Homemade,Low,No,245.603457898876,3.83699999999999,241.766457898876,7.81,,,,,,0.402,11.28,1.244,0,1.484,0,0,0,,sanglier_2022,10.57745/BUJORT,282f5076857dd4f8ca38089a6d499909,Analyses!663,Inoculation!299,[2],0.88,,Events!6;Events!8;Events!9,,False
LBE,2021-02-16T16:00:00,83.9583333333284,9,12,t7,IV.10,LBE_MBE,[1]+,1,1,No,No,Homemade,Low,No,245.365457898876,3.57599999999999,241.789457898876,7.85,,,,,,1.028,10.85,0.758,0,1.708,0.042,0,0.04,,sanglier_2022,10.57745/BUJORT,282f5076857dd4f8ca38089a6d499909,Analyses!664,Inoculation!300,[1]+,0.44,,Events!6;Events!8;Events!9,,False
LBE,2021-02-16T16:00:00,83.9583333333284,9,12,t7,IV.11,LBE_MBE,[1]+,2,1,No,No,Homemade,Low,No,242.485457898876,4.795,237.690457898876,7.73,,,,,,0.436,10.56,1.24,0,1.4,0,0.054,0,,sanglier_2022,10.57745/BUJORT,282f5076857dd4f8ca38089a6d499909,Analyses!665,Inoculation!301,[1]+,0.44,,Events!6;Events!8;Events!9,,False
LBE,2021-02-16T16:00:00,83.9583333333284,9,12,t7,IV.12,LBE_MBE,[1]+,3,1,No,No,Homemade,Low,No,250.285457898876,,250.285457898876,,,,,,,,,,,,,,,,sanglier_2022,10.57745/BUJORT,282f5076857dd4f8ca38089a6d499909,Analyses!666,Inoculation!302,[1]+,0.44,,Events!6;Events!8;Events!9,,False
LBE,2021-02-16T16:00:00,83.9583333333284,9,12,t7,IV.13,LBE_MBE,[2]+,1,2,No,No,Homemade,Low,No,244.792457898876,4.836,239.956457898876,7.76,,,,,,0.31,9.918,1.248,0,1.322,0,0,0,,sanglier_2022,10.57745/BUJORT,282f5076857dd4f8ca38089a6d499909,Analyses!667,Inoculation!303,[2]+,0.88,,Events!6;Events!8;Events!9,,False
LBE,2021-02-16T16:00:00,83.9583333333284,9,12,t7,IV.14,LBE_MBE,[2]+,2,2,No,No,Homemade,Low,No,242.797457898876,4.338,238.459457898876,7.72,,,,,,0.298,9.682,1.214,0,1.116,0,0,0,,sanglier_2022,10.57745/BUJORT,282f5076857dd4f8ca38089a6d499909,Analyses!668,Inoculation!304,[2]+,0.88,,Events!6;Events!8;Events!9,,False
LBE,2021-02-16T16:00:00,83.9583333333284,9,12,t7,IV.15,LBE_MBE,[2]+,3,2,No,No,Homemade,Low,No,245.587457898876,4.633,240.954457898876,7.63,,,,,,0.46,9.55,1.182,0.03,1.116,0,0,0,,sanglier_2022,10.57745/BUJORT,282f5076857dd4f8ca38089a6d499909,Analyses!669,Inoculation!305,[2]+,0.88,,Events!6;Events!8;Events!9,,False
LBE,2021-02-19T09:00:00,86.6666666666642,9,12,t10,IV.1,LBE_MBE,[0],1,0,No,No,Homemade,Low,No,237.268457898876,3.37,233.898457898876,7.87,,,,,,0.398,11.154,0.96,0,1.558,0,0,0,,sanglier_2022,10.57745/BUJORT,282f5076857dd4f8ca38089a6d499909,Analyses!670,Inoculation!291,[0],0,,Events!6;Events!8;Events!9,,False
LBE,2021-02-19T09:00:00,86.6666666666642,9,12,t10,IV.2,LBE_MBE,[0],2,0,No,No,Homemade,Low,No,238.246457898876,4.543,233.703457898876,7.79,,,,,,0.354,10.648,0.826,0,1.63,0,0,0,,sanglier_2022,10.57745/BUJORT,282f5076857dd4f8ca38089a6d499909,Analyses!671,Inoculation!292,[0],0,,Events!6;Events!8;Events!9,,False
LBE,2021-02-19T09:00:00,86.6666666666642,9,12,t10,IV.3,LBE_MBE,[0],3,0,No,No,Homemade,Low,No,238.157457898876,3.70699999999999,234.450457898876,5.54,,,,,,7.46,5.046,0.858,13.58,1.57,1.424,0,0.182,,sanglier_2022,10.57745/BUJORT,282f5076857dd4f8ca38089a6d499909,Analyses!672,Inoculation!293,[0],0,,Events!6;Events!8;Events!9,,False
LBE,2021-02-19T09:00:00,86.6666666666642,9,12,t10,IV.4,LBE_MBE,[1],1,1,No,No,Homemade,Low,No,238.420457898876,4.172,234.248457898876,7.73,,,,,,0.308,11.322,1.258,0,1.476,0,0,0,,sanglier_2022,10.57745/BUJORT,282f5076857dd4f8ca38089a6d499909,Analyses!673,Inoculation!294,[1],0.44,,Events!6;Events!8;Events!9,,False
LBE,2021-02-19T09:00:00,86.6666666666642,9,12,t10,IV.5,LBE_MBE,[1],2,1,No,No,Homemade,Low,No,236.795457898876,4.564,232.231457898876,7.81,,,,,,0.39,10.692,1.238,0.026,1.57,0,0,0,,sanglier_2022,10.57745/BUJORT,282f5076857dd4f8ca38089a6d499909,Analyses!674,Inoculation!295,[1],0.44,,Events!6;Events!8;Events!9,,False
LBE,2021-02-19T09:00:00,86.6666666666642,9,12,t10,IV.6,LBE_MBE,[1],3,1,No,No,Homemade,Low,No,239.417457898876,4.04,235.377457898876,7.8,,,,,,0.342,10.902,0.634,0,1.674,0,0,0,,sanglier_2022,10.57745/BUJORT,282f5076857dd4f8ca38089a6d499909,Analyses!675,Inoculation!296,[1],0.44,,Events!6;Events!8;Events!9,,False
LBE,2021-02-19T09:00:00,86.6666666666642,9,12,t10,IV.7,LBE_MBE,[2],1,2,No,No,Homemade,Low,No,238.301457898876,4.99599999999999,233.305457898876,7.83,,,,,,0.302,10.176,1.348,0,1.42,0,0,0,,sanglier_2022,10.57745/BUJORT,282f5076857dd4f8ca38089a6d499909,Analyses!676,Inoculation!297,[2],0.88,,Events!6;Events!8;Events!9,,False
LBE,2021-02-19T09:00:00,86.6666666666642,9,12,t10,IV.8,LBE_MBE,[2],2,2,No,No,Homemade,Low,No,238.784457898876,3.796,234.988457898876,7.87,,,,,,0.428,10.198,1.272,0.034,1.392,0,0,0,,sanglier_2022,10.57745/BUJORT,282f5076857dd4f8ca38089a6d499909,Analyses!677,Inoculation!298,[2],0.88,,Events!6;Events!8;Events!9,,False
LBE,2021-02-19T09:00:00,86.6666666666642,9,12,t10,IV.9,LBE_MBE,[2],3,2,No,No,Homemade,Low,No,241.766457898876,2.712,239.054457898876,7.82,,,,,,0.284,11.566,1.35,0,1.502,0,0,0,,sanglier_2022,10.57745/BUJORT,282f5076857dd4f8ca38089a6d499909,Analyses!678,Inoculation!299,[2],0.88,,Events!6;Events!8;Events!9,,False
LBE,2021-02-19T09:00:00,86.6666666666642,9,12,t10,IV.10,LBE_MBE,[1]+,1,1,No,No,Homemade,Low,No,241.789457898876,3.70699999999999,238.082457898876,7.73,,,,,,0.424,11.6,0.634,0,1.52,0,0,0,,sanglier_2022,10.57745/BUJORT,282f5076857dd4f8ca38089a6d499909,Analyses!679,Inoculation!300,[1]+,0.44,,Events!6;Events!8;Events!9,,False
LBE,2021-02-19T09:00:00,86.6666666666642,9,12,t10,IV.11,LBE_MBE,[1]+,2,1,No,No,Homemade,Low,No,237.690457898876,4.82,232.870457898876,7.74,,,,,,0.366,13.524,1.6,0,1.752,0,0,0,,sanglier_2022,10.57745/BUJORT,282f5076857dd4f8ca38089a6d499909,Analyses!680,Inoculation!301,[1]+,0.44,,Events!6;Events!8;Events!9,,False
LBE,2021-02-19T09:00:00,86.6666666666642,9,12,t10,IV.12,LBE_MBE,[1]+,3,1,No,No,Homemade,Low,No,250.285457898876,,250.285457898876,,,,,,,,,,,,,,,,sanglier_2022,10.57745/BUJORT,282f5076857dd4f8ca38089a6d499909,Analyses!681,Inoculation!302,[1]+,0.44,,Events!6;Events!8;Events!9,,False
LBE,2021-02-19T09:00:00,86.6666666666642,9,12,t10,IV.13,LBE_MBE,[2]+,1,2,No,No,Homemade,Low,No,239.956457898876,4.26899999999999,235.687457898876,7.76,,,,,,0.244,10.432,1.31,0,1.366,0,0,0,,sanglier_2022,10.57745/BUJORT,282f5076857dd4f8ca38089a6d499909,Analyses!682,Inoculation!303,[2]+,0.88,,Events!6;Events!8;Events!9,,False
LBE,2021-02-19T09:00:00,86.6666666666642,9,12,t10,IV.14,LBE_MBE,[2]+,2,2,No,No,Homemade,Low,No,238.459457898876,4.031,234.428457898876,7.76,,,,,,0.27,9.882,1.258,0,1.144,0,0,0,,sanglier_2022,10.57745/BUJORT,282f5076857dd4f8ca38089a6d499909,Analyses!683,Inoculation!304,[2]+,0.88,,Events!6;Events!8;Events!9,,False
LBE,2021-02-19T09:00:00,86.6666666666642,9,12,t10,IV.15,LBE_MBE,[2]+,3,2,No,No,Homemade,Low,No,240.954457898876,4.095,236.859457898876,7.71,,,,,,0.412,10.766,1.358,0,1.212,0,0,0,,sanglier_2022,10.57745/BUJORT,282f5076857dd4f8ca38089a6d499909,Analyses!684,Inoculation!305,[2]+,0.88,,Events!6;Events!8;Events!9,,False
LBE,2021-02-22T16:00:00,89.9583333333284,9,12,t13,IV.1,LBE_MBE,[0],1,0,No,No,Homemade,Low,No,233.898457898876,5.06,228.838457898876,8.03,,,,,,0.372,12.078,0.828,0,1.698,0,0,0,,sanglier_2022,10.57745/BUJORT,282f5076857dd4f8ca38089a6d499909,Analyses!685,Inoculation!291,[0],0,,Events!6;Events!8;Events!9,,False
LBE,2021-02-22T16:00:00,89.9583333333284,9,12,t13,IV.2,LBE_MBE,[0],2,0,No,No,Homemade,Low,No,233.703457898876,4.517,229.186457898876,8.02,,,,,,0.32,11.428,0.834,0,1.752,0,0,0,,sanglier_2022,10.57745/BUJORT,282f5076857dd4f8ca38089a6d499909,Analyses!686,Inoculation!292,[0],0,,Events!6;Events!8;Events!9,,False
LBE,2021-02-22T16:00:00,89.9583333333284,9,12,t13,IV.3,LBE_MBE,[0],3,0,No,No,Homemade,Low,No,234.450457898876,4.484,229.966457898876,5.76,,,,,,7.108,4.38,0.974,17.864,1.676,2.896,0,0.332,,sanglier_2022,10.57745/BUJORT,282f5076857dd4f8ca38089a6d499909,Analyses!687,Inoculation!293,[0],0,,Events!6;Events!8;Events!9,,False
LBE,2021-02-22T16:00:00,89.9583333333284,9,12,t13,IV.4,LBE_MBE,[1],1,1,No,No,Homemade,Low,No,234.248457898876,3.096,231.152457898876,8,,,,,,0.354,12.466,1.426,0.07,1.61,0,0,0,,sanglier_2022,10.57745/BUJORT,282f5076857dd4f8ca38089a6d499909,Analyses!688,Inoculation!294,[1],0.44,,Events!6;Events!8;Events!9,,False
LBE,2021-02-22T16:00:00,89.9583333333284,9,12,t13,IV.5,LBE_MBE,[1],2,1,No,No,Homemade,Low,No,232.231457898876,3.936,228.295457898876,7.94,,,,,,0.266,12.306,1.416,0,1.762,0,0,0,,sanglier_2022,10.57745/BUJORT,282f5076857dd4f8ca38089a6d499909,Analyses!689,Inoculation!295,[1],0.44,,Events!6;Events!8;Events!9,,False
LBE,2021-02-22T16:00:00,89.9583333333284,9,12,t13,IV.6,LBE_MBE,[1],3,1,No,No,Homemade,Low,No,235.377457898876,3.652,231.725457898876,8.02,,,,,,0.302,11.472,0.572,0,1.798,0,0,0,,sanglier_2022,10.57745/BUJORT,282f5076857dd4f8ca38089a6d499909,Analyses!690,Inoculation!296,[1],0.44,,Events!6;Events!8;Events!9,,False
LBE,2021-02-22T16:00:00,89.9583333333284,9,12,t13,IV.7,LBE_MBE,[2],1,2,No,No,Homemade,Low,No,233.305457898876,3.66299999999999,229.642457898876,7.95,,,,,,0.286,11.192,1.49,0,1.532,0,0,0,,sanglier_2022,10.57745/BUJORT,282f5076857dd4f8ca38089a6d499909,Analyses!691,Inoculation!297,[2],0.88,,Events!6;Events!8;Events!9,,False
LBE,2021-02-22T16:00:00,89.9583333333284,9,12,t13,IV.8,LBE_MBE,[2],2,2,No,No,Homemade,Low,No,234.988457898876,3.35299999999999,231.635457898876,7.94,,,,,,0.422,10.878,1.352,0.046,1.47,0,0,0,,sanglier_2022,10.57745/BUJORT,282f5076857dd4f8ca38089a6d499909,Analyses!692,Inoculation!298,[2],0.88,,Events!6;Events!8;Events!9,,False
LBE,2021-02-22T16:00:00,89.9583333333284,9,12,t13,IV.9,LBE_MBE,[2],3,2,No,No,Homemade,Low,No,239.054457898876,3.755,235.299457898876,7.98,,,,,,0.27,12.676,1.504,0,1.628,0,0,0,,sanglier_2022,10.57745/BUJORT,282f5076857dd4f8ca38089a6d499909,Analyses!693,Inoculation!299,[2],0.88,,Events!6;Events!8;Events!9,,False
LBE,2021-02-22T16:00:00,89.9583333333284,9,12,t13,IV.10,LBE_MBE,[1]+,1,1,No,No,Homemade,Low,No,238.082457898876,4.93799999999999,233.144457898876,7.86,,,,,,0.408,12.644,0.458,0.066,1.65,0,0,0,,sanglier_2022,10.57745/BUJORT,282f5076857dd4f8ca38089a6d499909,Analyses!694,Inoculation!300,[1]+,0.44,,Events!6;Events!8;Events!9,,False
LBE,2021-02-22T16:00:00,89.9583333333284,9,12,t13,IV.11,LBE_MBE,[1]+,2,1,No,No,Homemade,Low,No,232.870457898876,4.308,228.562457898876,7.87,,,,,,0.31,11.888,1.41,0,1.584,0,0,0,,sanglier_2022,10.57745/BUJORT,282f5076857dd4f8ca38089a6d499909,Analyses!695,Inoculation!301,[1]+,0.44,,Events!6;Events!8;Events!9,,False
LBE,2021-02-22T16:00:00,89.9583333333284,9,12,t13,IV.12,LBE_MBE,[1]+,3,1,No,No,Homemade,Low,No,250.285457898876,,250.285457898876,,,,,,,,,,,,,,,,sanglier_2022,10.57745/BUJORT,282f5076857dd4f8ca38089a6d499909,Analyses!696,Inoculation!302,[1]+,0.44,,Events!6;Events!8;Events!9,,False
LBE,2021-02-22T16:00:00,89.9583333333284,9,12,t13,IV.13,LBE_MBE,[2]+,1,2,No,No,Homemade,Low,No,235.687457898876,4.635,231.052457898876,7.94,,,,,,0.282,11.026,1.39,0,1.438,0,0,0,,sanglier_2022,10.57745/BUJORT,282f5076857dd4f8ca38089a6d499909,Analyses!697,Inoculation!303,[2]+,0.88,,Events!6;Events!8;Events!9,,False
LBE,2021-02-22T16:00:00,89.9583333333284,9,12,t13,IV.14,LBE_MBE,[2]+,2,2,No,No,Homemade,Low,No,234.428457898876,3.678,230.750457898876,7.92,,,,,,0.344,12.228,1.614,0,1.476,0,0,0,,sanglier_2022,10.57745/BUJORT,282f5076857dd4f8ca38089a6d499909,Analyses!698,Inoculation!304,[2]+,0.88,,Events!6;Events!8;Events!9,,False
LBE,2021-02-22T16:00:00,89.9583333333284,9,12,t13,IV.15,LBE_MBE,[2]+,3,2,No,No,Homemade,Low,No,236.859457898876,3.67,233.189457898876,7.89,,,,,,0.288,11.072,1.398,0,1.268,0,0,0,,sanglier_2022,10.57745/BUJORT,282f5076857dd4f8ca38089a6d499909,Analyses!699,Inoculation!305,[2]+,0.88,,Events!6;Events!8;Events!9,,False
LBE,2021-02-24T15:30:00,91.9375,9,12,t15,IV.1,LBE_MBE,[0],1,0,No,No,Homemade,Low,No,228.838457898876,3.95099999999999,224.887457898876,7.89,,,,,,0.37,11.674,0.658,0,1.698,0,0,0,,sanglier_2022,10.57745/BUJORT,282f5076857dd4f8ca38089a6d499909,Analyses!700,Inoculation!291,[0],0,,Events!6;Events!8;Events!9,,False
LBE,2021-02-24T15:30:00,91.9375,9,12,t15,IV.2,LBE_MBE,[0],2,0,No,No,Homemade,Low,No,229.186457898876,4.40499999999999,224.781457898876,7.83,,,,,,0.32,11.268,0.756,0,1.76,0,0,0,,sanglier_2022,10.57745/BUJORT,282f5076857dd4f8ca38089a6d499909,Analyses!701,Inoculation!292,[0],0,,Events!6;Events!8;Events!9,,False
LBE,2021-02-24T15:30:00,91.9375,9,12,t15,IV.3,LBE_MBE,[0],3,0,No,No,Homemade,Low,No,229.966457898876,4.81599999999999,225.150457898876,5.82,,,,,,6.766,3.886,0.96,17.43,1.67,3.014,0,0.39,,sanglier_2022,10.57745/BUJORT,282f5076857dd4f8ca38089a6d499909,Analyses!702,Inoculation!293,[0],0,,Events!6;Events!8;Events!9,,False
LBE,2021-02-24T15:30:00,91.9375,9,12,t15,IV.4,LBE_MBE,[1],1,1,No,No,Homemade,Low,No,231.152457898876,4.81999999999999,226.332457898876,7.8,,,,,,0.2,11.938,1.348,0,1.578,0,0,0,,sanglier_2022,10.57745/BUJORT,282f5076857dd4f8ca38089a6d499909,Analyses!703,Inoculation!294,[1],0.44,,Events!6;Events!8;Events!9,,False
LBE,2021-02-24T15:30:00,91.9375,9,12,t15,IV.5,LBE_MBE,[1],2,1,No,No,Homemade,Low,No,228.295457898876,3.93499999999999,224.360457898876,7.82,,,,,,0.22,11.908,1.398,0,1.768,0,0,0,,sanglier_2022,10.57745/BUJORT,282f5076857dd4f8ca38089a6d499909,Analyses!704,Inoculation!295,[1],0.44,,Events!6;Events!8;Events!9,,False
LBE,2021-02-24T15:30:00,91.9375,9,12,t15,IV.6,LBE_MBE,[1],3,1,No,No,Homemade,Low,No,231.725457898876,3.897,227.828457898876,7.85,,,,,,0.22,10.894,0.528,0,1.724,0,0,0,,sanglier_2022,10.57745/BUJORT,282f5076857dd4f8ca38089a6d499909,Analyses!705,Inoculation!296,[1],0.44,,Events!6;Events!8;Events!9,,False
LBE,2021-02-24T15:30:00,91.9375,9,12,t15,IV.7,LBE_MBE,[2],1,2,No,No,Homemade,Low,No,229.642457898876,4.183,225.459457898876,7.84,,,,,,0.342,10.618,1.44,0,1.512,0,0,0,,sanglier_2022,10.57745/BUJORT,282f5076857dd4f8ca38089a6d499909,Analyses!706,Inoculation!297,[2],0.88,,Events!6;Events!8;Events!9,,False
LBE,2021-02-24T15:30:00,91.9375,9,12,t15,IV.8,LBE_MBE,[2],2,2,No,No,Homemade,Low,No,231.635457898876,3.79899999999999,227.836457898876,7.84,,,,,,0.346,10.688,1.324,0,1.442,0,0,0,,sanglier_2022,10.57745/BUJORT,282f5076857dd4f8ca38089a6d499909,Analyses!707,Inoculation!298,[2],0.88,,Events!6;Events!8;Events!9,,False
LBE,2021-02-24T15:30:00,91.9375,9,12,t15,IV.9,LBE_MBE,[2],3,2,No,No,Homemade,Low,No,235.299457898876,3.322,231.977457898876,7.86,,,,,,0.264,12.192,1.446,0,1.616,0,0,0,,sanglier_2022,10.57745/BUJORT,282f5076857dd4f8ca38089a6d499909,Analyses!708,Inoculation!299,[2],0.88,,Events!6;Events!8;Events!9,,False
LBE,2021-02-24T15:30:00,91.9375,9,12,t15,IV.10,LBE_MBE,[1]+,1,1,No,No,Homemade,Low,No,233.144457898876,3.984,229.160457898876,7.85,,,,,,0.34,11.778,0.392,0,1.566,0,0,0,,sanglier_2022,10.57745/BUJORT,282f5076857dd4f8ca38089a6d499909,Analyses!709,Inoculation!300,[1]+,0.44,,Events!6;Events!8;Events!9,,False
LBE,2021-02-24T15:30:00,91.9375,9,12,t15,IV.11,LBE_MBE,[1]+,2,1,No,No,Homemade,Low,No,228.562457898876,4.40399999999999,224.158457898876,7.92,,,,,,0.282,11.064,1.394,0,1.478,0,0,0,,sanglier_2022,10.57745/BUJORT,282f5076857dd4f8ca38089a6d499909,Analyses!710,Inoculation!301,[1]+,0.44,,Events!6;Events!8;Events!9,,False
LBE,2021-02-24T15:30:00,91.9375,9,12,t15,IV.12,LBE_MBE,[1]+,3,1,No,No,Homemade,Low,No,250.285457898876,,250.285457898876,,,,,,,,,,,,,,,,sanglier_2022,10.57745/BUJORT,282f5076857dd4f8ca38089a6d499909,Analyses!711,Inoculation!302,[1]+,0.44,,Events!6;Events!8;Events!9,,False
LBE,2021-02-24T15:30:00,91.9375,9,12,t15,IV.13,LBE_MBE,[2]+,1,2,No,No,Homemade,Low,No,231.052457898876,4.63,226.422457898876,7.79,,,,,,0.256,10.472,1.34,0,1.438,0,0,0,,sanglier_2022,10.57745/BUJORT,282f5076857dd4f8ca38089a6d499909,Analyses!712,Inoculation!303,[2]+,0.88,,Events!6;Events!8;Events!9,,False
LBE,2021-02-24T15:30:00,91.9375,9,12,t15,IV.14,LBE_MBE,[2]+,2,2,No,No,Homemade,Low,No,230.750457898876,4.599,226.151457898876,7.79,,,,,,0.242,10.314,1.366,0,1.25,0,0,0,,sanglier_2022,10.57745/BUJORT,282f5076857dd4f8ca38089a6d499909,Analyses!713,Inoculation!304,[2]+,0.88,,Events!6;Events!8;Events!9,,False
LBE,2021-02-24T15:30:00,91.9375,9,12,t15,IV.15,LBE_MBE,[2]+,3,2,No,No,Homemade,Low,No,233.189457898876,4.44199999999999,228.747457898876,7.74,,,,,,0.24,10.828,1.378,0,1.276,0,0,0,,sanglier_2022,10.57745/BUJORT,282f5076857dd4f8ca38089a6d499909,Analyses!714,Inoculation!305,[2]+,0.88,,Events!6;Events!8;Events!9,,False
LBE,2021-02-26T09:30:00,93.6875,9,12,t17,IV.1,LBE_MBE,[0],1,0,No,No,Homemade,Low,No,224.887457898876,3.933,220.954457898876,7.84,,,,,,0.348,12.122,0.554,0,1.74,0,0,0,,sanglier_2022,10.57745/BUJORT,282f5076857dd4f8ca38089a6d499909,Analyses!715,Inoculation!291,[0],0,,Events!6;Events!8;Events!9,,False
LBE,2021-02-26T09:30:00,93.6875,9,12,t17,IV.2,LBE_MBE,[0],2,0,No,No,Homemade,Low,No,224.781457898876,4.69999999999999,220.081457898876,7.84,,,,,,0.336,11.522,0.674,0,1.784,0,0,0,,sanglier_2022,10.57745/BUJORT,282f5076857dd4f8ca38089a6d499909,Analyses!716,Inoculation!292,[0],0,,Events!6;Events!8;Events!9,,False
LBE,2021-02-26T09:30:00,93.6875,9,12,t17,IV.3,LBE_MBE,[0],3,0,No,No,Homemade,Low,No,225.150457898876,4.354,220.796457898875,5.85,,,,,,7.106,3.964,1.036,18.502,1.882,3.3,0,0.448,,sanglier_2022,10.57745/BUJORT,282f5076857dd4f8ca38089a6d499909,Analyses!717,Inoculation!293,[0],0,,Events!6;Events!8;Events!9,,False
LBE,2021-02-26T09:30:00,93.6875,9,12,t17,IV.4,LBE_MBE,[1],1,1,No,No,Homemade,Low,No,226.332457898876,3.81999999999999,222.512457898876,7.75,,,,,,0.254,11.658,1.326,0,1.58,0,0,0,,sanglier_2022,10.57745/BUJORT,282f5076857dd4f8ca38089a6d499909,Analyses!718,Inoculation!294,[1],0.44,,Events!6;Events!8;Events!9,,False
LBE,2021-02-26T09:30:00,93.6875,9,12,t17,IV.5,LBE_MBE,[1],2,1,No,No,Homemade,Low,No,224.360457898876,4.448,219.912457898876,7.79,,,,,,0.232,12.04,1.432,0,1.762,0,0,0,,sanglier_2022,10.57745/BUJORT,282f5076857dd4f8ca38089a6d499909,Analyses!719,Inoculation!295,[1],0.44,,Events!6;Events!8;Events!9,,False
LBE,2021-02-26T09:30:00,93.6875,9,12,t17,IV.6,LBE_MBE,[1],3,1,No,No,Homemade,Low,No,227.828457898876,4.44999999999999,223.378457898876,7.83,,,,,,0.264,11.094,0.498,0,1.792,0,0,0,,sanglier_2022,10.57745/BUJORT,282f5076857dd4f8ca38089a6d499909,Analyses!720,Inoculation!296,[1],0.44,,Events!6;Events!8;Events!9,,False
LBE,2021-02-26T09:30:00,93.6875,9,12,t17,IV.7,LBE_MBE,[2],1,2,No,No,Homemade,Low,No,225.459457898876,4.54299999999999,220.916457898876,7.79,,,,,,0.316,11.07,1.518,0,1.578,0,0,0,,sanglier_2022,10.57745/BUJORT,282f5076857dd4f8ca38089a6d499909,Analyses!721,Inoculation!297,[2],0.88,,Events!6;Events!8;Events!9,,False
LBE,2021-02-26T09:30:00,93.6875,9,12,t17,IV.8,LBE_MBE,[2],2,2,No,No,Homemade,Low,No,227.836457898876,3.656,224.180457898876,7.81,,,,,,0.342,10.9,1.36,0.024,1.468,0,0,0,,sanglier_2022,10.57745/BUJORT,282f5076857dd4f8ca38089a6d499909,Analyses!722,Inoculation!298,[2],0.88,,Events!6;Events!8;Events!9,,False
LBE,2021-02-26T09:30:00,93.6875,9,12,t17,IV.9,LBE_MBE,[2],3,2,No,No,Homemade,Low,No,231.977457898876,3.763,228.214457898876,7.76,,,,,,0.266,12.85,1.576,0,1.78,0,0,0,,sanglier_2022,10.57745/BUJORT,282f5076857dd4f8ca38089a6d499909,Analyses!723,Inoculation!299,[2],0.88,,Events!6;Events!8;Events!9,,False
LBE,2021-02-26T09:30:00,93.6875,9,12,t17,IV.10,LBE_MBE,[1]+,1,1,No,No,Homemade,Low,No,229.160457898876,4.539,224.621457898876,7.81,,,,,,0.256,12.134,0.322,0,1.622,0,0,0,,sanglier_2022,10.57745/BUJORT,282f5076857dd4f8ca38089a6d499909,Analyses!724,Inoculation!300,[1]+,0.44,,Events!6;Events!8;Events!9,,False
LBE,2021-02-26T09:30:00,93.6875,9,12,t17,IV.11,LBE_MBE,[1]+,2,1,No,No,Homemade,Low,No,224.158457898876,4.49699999999999,219.661457898876,7.79,,,,,,0.29,12.022,1.47,0,1.67,0,0,0,,sanglier_2022,10.57745/BUJORT,282f5076857dd4f8ca38089a6d499909,Analyses!725,Inoculation!301,[1]+,0.44,,Events!6;Events!8;Events!9,,False
LBE,2021-02-26T09:30:00,93.6875,9,12,t17,IV.12,LBE_MBE,[1]+,3,1,No,No,Homemade,Low,No,250.285457898876,,250.285457898876,,,,,,,,,,,,,,,,sanglier_2022,10.57745/BUJORT,282f5076857dd4f8ca38089a6d499909,Analyses!726,Inoculation!302,[1]+,0.44,,Events!6;Events!8;Events!9,,False
LBE,2021-02-26T09:30:00,93.6875,9,12,t17,IV.13,LBE_MBE,[2]+,1,2,No,No,Homemade,Low,No,226.422457898876,4.629,221.793457898876,7.8,,,,,,0.28,10.906,1.408,0,1.524,0,0,0,,sanglier_2022,10.57745/BUJORT,282f5076857dd4f8ca38089a6d499909,Analyses!727,Inoculation!303,[2]+,0.88,,Events!6;Events!8;Events!9,,False
LBE,2021-02-26T09:30:00,93.6875,9,12,t17,IV.14,LBE_MBE,[2]+,2,2,No,No,Homemade,Low,No,226.151457898876,3.586,222.565457898876,7.73,,,,,,0.25,11.096,1.488,0,1.378,0,0,0,,sanglier_2022,10.57745/BUJORT,282f5076857dd4f8ca38089a6d499909,Analyses!728,Inoculation!304,[2]+,0.88,,Events!6;Events!8;Events!9,,False
LBE,2021-02-26T09:30:00,93.6875,9,12,t17,IV.15,LBE_MBE,[2]+,3,2,No,No,Homemade,Low,No,228.747457898876,4.023,224.724457898876,7.7,,,,,,0.152,10.61,1.362,0,1.24,0,0,0,,sanglier_2022,10.57745/BUJORT,282f5076857dd4f8ca38089a6d499909,Analyses!729,Inoculation!305,[2]+,0.88,,Events!6;Events!8;Events!9,,False
LBE,2021-03-02T10:00:00,97.7083333333284,9,12,t21,IV.1,LBE_MBE,[0],1,0,No,No,Homemade,Low,No,220.954457898876,4.14299999999999,216.811457898876,7.89,,,,,,0.314,12.248,0.37,0,1.778,0,0,0,,sanglier_2022,10.57745/BUJORT,282f5076857dd4f8ca38089a6d499909,Analyses!730,Inoculation!291,[0],0,,Events!6;Events!8;Events!9,,False
LBE,2021-03-02T10:00:00,97.7083333333284,9,12,t21,IV.2,LBE_MBE,[0],2,0,No,No,Homemade,Low,No,220.081457898876,4.71899999999999,215.362457898876,7.87,,,,,,0.294,11.432,0.42,0,1.792,0,0,0,,sanglier_2022,10.57745/BUJORT,282f5076857dd4f8ca38089a6d499909,Analyses!731,Inoculation!292,[0],0,,Events!6;Events!8;Events!9,,False
LBE,2021-03-02T10:00:00,97.7083333333284,9,12,t21,IV.3,LBE_MBE,[0],3,0,No,No,Homemade,Low,No,220.796457898875,3.549,217.247457898875,5.9,,,,,,7.01,3.89,1.092,18.5,2.038,3.436,0,0.522,,sanglier_2022,10.57745/BUJORT,282f5076857dd4f8ca38089a6d499909,Analyses!732,Inoculation!293,[0],0,,Events!6;Events!8;Events!9,,False
LBE,2021-03-02T10:00:00,97.7083333333284,9,12,t21,IV.4,LBE_MBE,[1],1,1,No,No,Homemade,Low,No,222.512457898876,3.43699999999999,219.075457898876,7.87,,,,,,0.244,12.544,1.434,0.03,1.702,0,0,0,,sanglier_2022,10.57745/BUJORT,282f5076857dd4f8ca38089a6d499909,Analyses!733,Inoculation!294,[1],0.44,,Events!6;Events!8;Events!9,,False
LBE,2021-03-02T10:00:00,97.7083333333284,9,12,t21,IV.5,LBE_MBE,[1],2,1,No,No,Homemade,Low,No,219.912457898876,4.30499999999999,215.607457898876,7.86,,,,,,0.196,12.728,1.518,0,1.964,0,0,0,,sanglier_2022,10.57745/BUJORT,282f5076857dd4f8ca38089a6d499909,Analyses!734,Inoculation!295,[1],0.44,,Events!6;Events!8;Events!9,,False
LBE,2021-03-02T10:00:00,97.7083333333284,9,12,t21,IV.6,LBE_MBE,[1],3,1,No,No,Homemade,Low,No,223.378457898876,3.768,219.610457898876,7.93,,,,,,0.284,10.816,0.48,0,1.898,0,0,0,,sanglier_2022,10.57745/BUJORT,282f5076857dd4f8ca38089a6d499909,Analyses!735,Inoculation!296,[1],0.44,,Events!6;Events!8;Events!9,,False
LBE,2021-03-02T10:00:00,97.7083333333284,9,12,t21,IV.7,LBE_MBE,[2],1,2,No,No,Homemade,Low,No,220.916457898876,4.281,216.635457898875,7.88,,,,,,,,,,,,,,,sanglier_2022,10.57745/BUJORT,282f5076857dd4f8ca38089a6d499909,Analyses!736,Inoculation!297,[2],0.88,,Events!6;Events!8;Events!9,,False
LBE,2021-03-02T10:00:00,97.7083333333284,9,12,t21,IV.8,LBE_MBE,[2],2,2,No,No,Homemade,Low,No,224.180457898876,4.197,219.983457898876,7.86,,,,,,,,,,,,,,,sanglier_2022,10.57745/BUJORT,282f5076857dd4f8ca38089a6d499909,Analyses!737,Inoculation!298,[2],0.88,,Events!6;Events!8;Events!9,,False
LBE,2021-03-02T10:00:00,97.7083333333284,9,12,t21,IV.9,LBE_MBE,[2],3,2,No,No,Homemade,Low,No,228.214457898876,4.086,224.128457898876,7.9,,,,,,,,,,,,,,,sanglier_2022,10.57745/BUJORT,282f5076857dd4f8ca38089a6d499909,Analyses!738,Inoculation!299,[2],0.88,,Events!6;Events!8;Events!9,,False
LBE,2021-03-02T10:00:00,97.7083333333284,9,12,t21,IV.10,LBE_MBE,[1]+,1,1,No,No,Homemade,Low,No,224.621457898876,4.04499999999999,220.576457898876,7.86,,,,,,0.664,12.764,0.322,0.084,1.786,0,0,0,,sanglier_2022,10.57745/BUJORT,282f5076857dd4f8ca38089a6d499909,Analyses!739,Inoculation!300,[1]+,0.44,,Events!6;Events!8;Events!9,,False
LBE,2021-03-02T10:00:00,97.7083333333284,9,12,t21,IV.11,LBE_MBE,[1]+,2,1,No,No,Homemade,Low,No,219.661457898876,4.293,215.368457898876,7.86,,,,,,0.386,11.194,1.462,0,1.638,0,0,0,,sanglier_2022,10.57745/BUJORT,282f5076857dd4f8ca38089a6d499909,Analyses!740,Inoculation!301,[1]+,0.44,,Events!6;Events!8;Events!9,,False
LBE,2021-03-02T10:00:00,97.7083333333284,9,12,t21,IV.12,LBE_MBE,[1]+,3,1,No,No,Homemade,Low,No,250.285457898876,,250.285457898876,,,,,,,,,,,,,,,,sanglier_2022,10.57745/BUJORT,282f5076857dd4f8ca38089a6d499909,Analyses!741,Inoculation!302,[1]+,0.44,,Events!6;Events!8;Events!9,,False
LBE,2021-03-02T10:00:00,97.7083333333284,9,12,t21,IV.13,LBE_MBE,[2]+,1,2,No,No,Homemade,Low,No,221.793457898876,3.95499999999999,217.838457898876,7.89,,,,,,0.28,10.182,1.338,0,1.512,0,0,0,,sanglier_2022,10.57745/BUJORT,282f5076857dd4f8ca38089a6d499909,Analyses!742,Inoculation!303,[2]+,0.88,,Events!6;Events!8;Events!9,,False
LBE,2021-03-02T10:00:00,97.7083333333284,9,12,t21,IV.14,LBE_MBE,[2]+,2,2,No,No,Homemade,Low,No,222.565457898876,3.339,219.226457898876,7.85,,,,,,0.218,10.216,1.506,0,1.4,0,0,0,,sanglier_2022,10.57745/BUJORT,282f5076857dd4f8ca38089a6d499909,Analyses!743,Inoculation!304,[2]+,0.88,,Events!6;Events!8;Events!9,,False
LBE,2021-03-02T10:00:00,97.7083333333284,9,12,t21,IV.15,LBE_MBE,[2]+,3,2,No,No,Homemade,Low,No,224.724457898876,5.184,219.540457898876,7.76,,,,,,0.308,11.148,1.516,0,1.398,0,0,0,,sanglier_2022,10.57745/BUJORT,282f5076857dd4f8ca38089a6d499909,Analyses!744,Inoculation!305,[2]+,0.88,,Events!6;Events!8;Events!9,,False
LBE,2021-03-09T11:00:00,104.75,9,12,t28,IV.1,LBE_MBE,[0],1,0,No,No,Homemade,Low,No,216.811457898876,4.51899999999999,212.292457898876,7.97,,,,,,0.366,12.042,0.344,0,1.844,0,0,0,,sanglier_2022,10.57745/BUJORT,282f5076857dd4f8ca38089a6d499909,Analyses!745,Inoculation!291,[0],0,,Events!6;Events!8;Events!9,,False
LBE,2021-03-09T11:00:00,104.75,9,12,t28,IV.2,LBE_MBE,[0],2,0,No,No,Homemade,Low,No,215.362457898876,4.425,210.937457898876,7.92,,,,,,0.426,12.166,0.214,0,1.958,0,0,0,,sanglier_2022,10.57745/BUJORT,282f5076857dd4f8ca38089a6d499909,Analyses!746,Inoculation!292,[0],0,,Events!6;Events!8;Events!9,,False
LBE,2021-03-09T11:00:00,104.75,9,12,t28,IV.3,LBE_MBE,[0],3,0,No,No,Homemade,Low,No,217.247457898875,4.705,212.542457898875,5.99,,,,,,7.984,3.894,1.346,19.198,2.388,3.562,0,0.61,,sanglier_2022,10.57745/BUJORT,282f5076857dd4f8ca38089a6d499909,Analyses!747,Inoculation!293,[0],0,,Events!6;Events!8;Events!9,,False
LBE,2021-03-09T11:00:00,104.75,9,12,t28,IV.4,LBE_MBE,[1],1,1,No,No,Homemade,Low,No,219.075457898876,3.33699999999999,215.738457898876,7.95,,,,,,0.95,8.176,0.89,0.04,0.416,0,0,0,,sanglier_2022,10.57745/BUJORT,282f5076857dd4f8ca38089a6d499909,Analyses!748,Inoculation!294,[1],0.44,,Events!6;Events!8;Events!9,,False
LBE,2021-03-09T11:00:00,104.75,9,12,t28,IV.5,LBE_MBE,[1],2,1,No,No,Homemade,Low,No,215.607457898876,4.217,211.390457898876,7.99,,,,,,0.448,9.954,1.424,0,1.84,0,0,0,,sanglier_2022,10.57745/BUJORT,282f5076857dd4f8ca38089a6d499909,Analyses!749,Inoculation!295,[1],0.44,,Events!6;Events!8;Events!9,,False
LBE,2021-03-09T11:00:00,104.75,9,12,t28,IV.6,LBE_MBE,[1],3,1,No,No,Homemade,Low,No,219.610457898876,3.86799999999999,215.742457898876,8.11,,,,,,0.59,6.64,0.31,0,1.938,0,0,0,,sanglier_2022,10.57745/BUJORT,282f5076857dd4f8ca38089a6d499909,Analyses!750,Inoculation!296,[1],0.44,,Events!6;Events!8;Events!9,,False
LBE,2021-03-09T11:00:00,104.75,9,12,t28,IV.7,LBE_MBE,[2],1,2,No,No,Homemade,Low,No,216.635457898875,3.822,212.813457898875,8.07,,,,,,0.446,7.366,1.466,0,0.044,0,0,0,,sanglier_2022,10.57745/BUJORT,282f5076857dd4f8ca38089a6d499909,Analyses!751,Inoculation!297,[2],0.88,,Events!6;Events!8;Events!9,,False
LBE,2021-03-09T11:00:00,104.75,9,12,t28,IV.8,LBE_MBE,[2],2,2,No,No,Homemade,Low,No,219.983457898876,4.83999999999999,215.143457898876,8,,,,,,0.388,9.846,1.418,0,0.04,0,0,0,,sanglier_2022,10.57745/BUJORT,282f5076857dd4f8ca38089a6d499909,Analyses!752,Inoculation!298,[2],0.88,,Events!6;Events!8;Events!9,,False
LBE,2021-03-09T11:00:00,104.75,9,12,t28,IV.9,LBE_MBE,[2],3,2,No,No,Homemade,Low,No,224.128457898876,4.57199999999999,219.556457898876,7.95,,,,,,0.46,12.334,1.606,0,0.07,0,0,0,,sanglier_2022,10.57745/BUJORT,282f5076857dd4f8ca38089a6d499909,Analyses!753,Inoculation!299,[2],0.88,,Events!6;Events!8;Events!9,,False
LBE,2021-03-09T11:00:00,104.75,9,12,t28,IV.10,LBE_MBE,[1]+,1,1,No,No,Homemade,Low,No,220.576457898876,4.289,216.287457898876,8.07,,,,,,0.604,9.29,0.164,0,0.044,0,0,0,,sanglier_2022,10.57745/BUJORT,282f5076857dd4f8ca38089a6d499909,Analyses!754,Inoculation!300,[1]+,0.44,,Events!6;Events!8;Events!9,,False
LBE,2021-03-09T11:00:00,104.75,9,12,t28,IV.11,LBE_MBE,[1]+,2,1,No,No,Homemade,Low,No,215.368457898876,4.737,210.631457898876,8.01,,,,,,0.542,8.46,1.474,0,1.642,0,0,0,,sanglier_2022,10.57745/BUJORT,282f5076857dd4f8ca38089a6d499909,Analyses!755,Inoculation!301,[1]+,0.44,,Events!6;Events!8;Events!9,,False
LBE,2021-03-09T11:00:00,104.75,9,12,t28,IV.12,LBE_MBE,[1]+,3,1,No,No,Homemade,Low,No,250.285457898876,,250.285457898876,,,,,,,,,,,,,,,,sanglier_2022,10.57745/BUJORT,282f5076857dd4f8ca38089a6d499909,Analyses!756,Inoculation!302,[1]+,0.44,,Events!6;Events!8;Events!9,,False
LBE,2021-03-09T11:00:00,104.75,9,12,t28,IV.13,LBE_MBE,[2]+,1,2,No,No,Homemade,Low,No,217.838457898876,3.493,214.345457898876,8.03,,,,,,0.566,6.198,1.12,0,1.554,0,0,0,,sanglier_2022,10.57745/BUJORT,282f5076857dd4f8ca38089a6d499909,Analyses!757,Inoculation!303,[2]+,0.88,,Events!6;Events!8;Events!9,,False
LBE,2021-03-09T11:00:00,104.75,9,12,t28,IV.14,LBE_MBE,[2]+,2,2,No,No,Homemade,Low,No,219.226457898876,3.91899999999999,215.307457898876,7.98,,,,,,0.548,6.964,1.552,0,1.348,0,0,0,,sanglier_2022,10.57745/BUJORT,282f5076857dd4f8ca38089a6d499909,Analyses!758,Inoculation!304,[2]+,0.88,,Events!6;Events!8;Events!9,,False
LBE,2021-03-09T11:00:00,104.75,9,12,t28,IV.15,LBE_MBE,[2]+,3,2,No,No,Homemade,Low,No,219.540457898876,4.48499999999999,215.055457898876,7.93,,,,,,0.978,8.608,1.598,0,0.72,0,0,0,,sanglier_2022,10.57745/BUJORT,282f5076857dd4f8ca38089a6d499909,Analyses!759,Inoculation!305,[2]+,0.88,,Events!6;Events!8;Events!9,,False
LBE,2021-03-16T11:00:00,111.75,9,12,tf,IV.1,LBE_MBE,[0],1,0,No,No,Homemade,Low,No,212.292457898876,,212.292457898876,8.29,4.76,,36.5,,,0.308,10.63,0.262,0,1.988,0,0,0,,sanglier_2022,10.57745/BUJORT,282f5076857dd4f8ca38089a6d499909,Analyses!760,Inoculation!291,[0],0,,Events!5;Events!6;Events!8;Events!9,,False
LBE,2021-03-16T11:00:00,111.75,9,12,tf,IV.2,LBE_MBE,[0],2,0,No,No,Homemade,Low,No,210.937457898876,,210.937457898876,8.2,4.9,,36.9,,,0.224,11.952,0.168,0,2.074,0,0,0,,sanglier_2022,10.57745/BUJORT,282f5076857dd4f8ca38089a6d499909,Analyses!761,Inoculation!292,[0],0,,Events!5;Events!6;Events!8;Events!9,,False
LBE,2021-03-16T11:00:00,111.75,9,12,tf,IV.3,LBE_MBE,[0],3,0,No,No,Homemade,Low,No,212.542457898875,,212.542457898875,5.97,4.7,,105.4,,,7.508,3.804,1.488,19.706,2.476,3.728,0,0.718,,sanglier_2022,10.57745/BUJORT,282f5076857dd4f8ca38089a6d499909,Analyses!762,Inoculation!293,[0],0,,Events!5;Events!6;Events!8;Events!9,,False
LBE,2021-03-16T11:00:00,111.75,9,12,tf,IV.4,LBE_MBE,[1],1,1,No,No,Homemade,Low,No,215.738457898876,,215.738457898876,8.36,4.22,,26.05,,,0.74,6.372,0.388,0,0.064,0,0,0,,sanglier_2022,10.57745/BUJORT,282f5076857dd4f8ca38089a6d499909,Analyses!763,Inoculation!294,[1],0.44,,Events!5;Events!6;Events!8;Events!9,,False
LBE,2021-03-16T11:00:00,111.75,9,12,tf,IV.5,LBE_MBE,[1],2,1,No,No,Homemade,Low,No,211.390457898876,,211.390457898876,8.38,4.82,,27.95,,,0.732,3.912,1.294,0,1.73,0,0,0,,sanglier_2022,10.57745/BUJORT,282f5076857dd4f8ca38089a6d499909,Analyses!764,Inoculation!295,[1],0.44,,Events!5;Events!6;Events!8;Events!9,,False
LBE,2021-03-16T11:00:00,111.75,9,12,tf,IV.6,LBE_MBE,[1],3,1,No,No,Homemade,Low,No,215.742457898876,,215.742457898876,8.43,4.38,,23.7,,,1.464,0.136,0.046,0,0.45,0,0,0,,sanglier_2022,10.57745/BUJORT,282f5076857dd4f8ca38089a6d499909,Analyses!765,Inoculation!296,[1],0.44,,Events!5;Events!6;Events!8;Events!9,,False
LBE,2021-03-16T11:00:00,111.75,9,12,tf,IV.7,LBE_MBE,[2],1,2,No,No,Homemade,Low,No,212.813457898875,,212.813457898875,8.41,4.6,,18.55,,,0.358,0.29,1.53,0,0.046,0,0,0,,sanglier_2022,10.57745/BUJORT,282f5076857dd4f8ca38089a6d499909,Analyses!766,Inoculation!297,[2],0.88,,Events!5;Events!6;Events!8;Events!9,,False
LBE,2021-03-16T11:00:00,111.75,9,12,tf,IV.8,LBE_MBE,[2],2,2,No,No,Homemade,Low,No,215.143457898876,,215.143457898876,8.37,4.58,,25.8,,,0.38,4.852,1.002,0,0.052,0,0,0,,sanglier_2022,10.57745/BUJORT,282f5076857dd4f8ca38089a6d499909,Analyses!767,Inoculation!298,[2],0.88,,Events!5;Events!6;Events!8;Events!9,,False
LBE,2021-03-16T11:00:00,111.75,9,12,tf,IV.9,LBE_MBE,[2],3,2,No,No,Homemade,Low,No,219.556457898876,,219.556457898876,8.09,4.72,,31.9,,,0.38,10.966,1.51,0,0.078,0,0,0,,sanglier_2022,10.57745/BUJORT,282f5076857dd4f8ca38089a6d499909,Analyses!768,Inoculation!299,[2],0.88,,Events!5;Events!6;Events!8;Events!9,,False
LBE,2021-03-16T11:00:00,111.75,9,12,tf,IV.10,LBE_MBE,[1]+,1,1,No,No,Homemade,Low,No,216.287457898876,,216.287457898876,8.41,4.36,,23.5,,,0.672,2.57,0.076,0,0.038,0,0,0,,sanglier_2022,10.57745/BUJORT,282f5076857dd4f8ca38089a6d499909,Analyses!769,Inoculation!300,[1]+,0.44,,Events!5;Events!6;Events!8;Events!9,,False
LBE,2021-03-16T11:00:00,111.75,9,12,tf,IV.11,LBE_MBE,[1]+,2,1,No,No,Homemade,Low,No,210.631457898876,,210.631457898876,8.39,4.26,,25.1,,,1.358,2.58,1.446,0,0.676,0,0,0,,sanglier_2022,10.57745/BUJORT,282f5076857dd4f8ca38089a6d499909,Analyses!770,Inoculation!301,[1]+,0.44,,Events!5;Events!6;Events!8;Events!9,,False
LBE,2021-03-16T11:00:00,111.75,9,12,tf,IV.12,LBE_MBE,[1]+,3,1,No,No,Homemade,Low,No,250.285457898876,,250.285457898876,8.21,4.36,,31.65,,,1.18,4.552,0.158,0,0.396,0,0,0,,sanglier_2022,10.57745/BUJORT,282f5076857dd4f8ca38089a6d499909,Analyses!771,Inoculation!302,[1]+,0.44,,Events!5;Events!6;Events!8;Events!9,,False
LBE,2021-03-16T11:00:00,111.75,9,12,tf,IV.13,LBE_MBE,[2]+,1,2,No,No,Homemade,Low,No,214.345457898876,,214.345457898876,8.48,4.38,,18.6,,,0.17,0,0,0,1.234,0,0,0,,sanglier_2022,10.57745/BUJORT,282f5076857dd4f8ca38089a6d499909,Analyses!772,Inoculation!303,[2]+,0.88,,Events!5;Events!6;Events!8;Events!9,,False
LBE,2021-03-16T11:00:00,111.75,9,12,tf,IV.14,LBE_MBE,[2]+,2,2,No,No,Homemade,Low,No,215.307457898876,,215.307457898876,8.4,4.1,,22.6,,,0.538,0.154,1.466,0,0.04,0,0,0,,sanglier_2022,10.57745/BUJORT,282f5076857dd4f8ca38089a6d499909,Analyses!773,Inoculation!304,[2]+,0.88,,Events!5;Events!6;Events!8;Events!9,,False
LBE,2021-03-16T11:00:00,111.75,9,12,tf,IV.15,LBE_MBE,[2]+,3,2,No,No,Homemade,Low,No,215.055457898876,,215.055457898876,8.47,4.16,,20.35,,,0.634,1.242,1.576,0,0.034,0,0,0,,sanglier_2022,10.57745/BUJORT,282f5076857dd4f8ca38089a6d499909,Analyses!774,Inoculation!305,[2]+,0.88,,Events!5;Events!6;Events!8;Events!9,,False
LBE,2021-03-16T17:00:00,112,10,17,t0,IV.1,LBE_MBE,[0],1,0,No,No,Homemade,Low,No,230.490967061598,,230.490967061598,,,,,,,,,,,,,,,,sanglier_2022,10.57745/BUJORT,282f5076857dd4f8ca38089a6d499909,Analyses!775,Inoculation!306,[0],0,,Events!5;Events!6;Events!8;Events!9,,False
LBE,2021-03-16T17:00:00,112,10,17,t0,IV.2,LBE_MBE,[0],2,0,No,No,Homemade,Low,No,230.400967061598,,230.400967061598,,,,,,,,,,,,,,,,sanglier_2022,10.57745/BUJORT,282f5076857dd4f8ca38089a6d499909,Analyses!776,Inoculation!307,[0],0,,Events!5;Events!6;Events!8;Events!9,,False
LBE,2021-03-16T17:00:00,112,10,17,t0,IV.3,LBE_MBE,[0],3,0,No,No,Homemade,Low,No,230.160967061599,,230.160967061599,,,,,,,,,,,,,,,,sanglier_2022,10.57745/BUJORT,282f5076857dd4f8ca38089a6d499909,Analyses!777,Inoculation!308,[0],0,,Events!5;Events!6;Events!8;Events!9,,False
LBE,2021-03-16T17:00:00,112,10,17,t0,IV.4,LBE_MBE,[1],1,1,No,No,Homemade,Low,No,231.280967061599,,231.280967061599,,,,,,,,,,,,,,,,sanglier_2022,10.57745/BUJORT,282f5076857dd4f8ca38089a6d499909,Analyses!778,Inoculation!309,[1],0.4,,Events!5;Events!6;Events!8;Events!9,,False
LBE,2021-03-16T17:00:00,112,10,17,t0,IV.5,LBE_MBE,[1],2,1,No,No,Homemade,Low,No,230.880967061599,,230.880967061599,,,,,,,,,,,,,,,,sanglier_2022,10.57745/BUJORT,282f5076857dd4f8ca38089a6d499909,Analyses!779,Inoculation!310,[1],0.4,,Events!5;Events!6;Events!8;Events!9,,False
LBE,2021-03-16T17:00:00,112,10,17,t0,IV.6,LBE_MBE,[1],3,1,No,No,Homemade,Low,No,230.710967061599,,230.710967061599,,,,,,,,,,,,,,,,sanglier_2022,10.57745/BUJORT,282f5076857dd4f8ca38089a6d499909,Analyses!780,Inoculation!311,[1],0.4,,Events!5;Events!6;Events!8;Events!9,,False
LBE,2021-03-16T17:00:00,112,10,17,t0,IV.7,LBE_MBE,[2],1,2,No,No,Homemade,Low,No,232.230967061599,,232.230967061599,,,,,,,,,,,,,,,,sanglier_2022,10.57745/BUJORT,282f5076857dd4f8ca38089a6d499909,Analyses!781,Inoculation!312,[2],0.81,,Events!5;Events!6;Events!8;Events!9,,False
LBE,2021-03-16T17:00:00,112,10,17,t0,IV.8,LBE_MBE,[2],2,2,No,No,Homemade,Low,No,231.230967061599,,231.230967061599,,,,,,,,,,,,,,,,sanglier_2022,10.57745/BUJORT,282f5076857dd4f8ca38089a6d499909,Analyses!782,Inoculation!313,[2],0.81,,Events!5;Events!6;Events!8;Events!9,,False
LBE,2021-03-16T17:00:00,112,10,17,t0,IV.9,LBE_MBE,[2],3,2,No,No,Homemade,Low,No,231.040967061599,,231.040967061599,,,,,,,,,,,,,,,,sanglier_2022,10.57745/BUJORT,282f5076857dd4f8ca38089a6d499909,Analyses!783,Inoculation!314,[2],0.81,,Events!5;Events!6;Events!8;Events!9,,False
LBE,2021-03-16T17:00:00,112,10,17,t0,IV.10,LBE_MBE,[1]+,1,1,No,No,Homemade,Low,No,231.830967061599,,231.830967061599,,,,,,,,,,,,,,,,sanglier_2022,10.57745/BUJORT,282f5076857dd4f8ca38089a6d499909,Analyses!784,Inoculation!315,[1]+,0.4,,Events!5;Events!6;Events!8;Events!9,,False
LBE,2021-03-16T17:00:00,112,10,17,t0,IV.11,LBE_MBE,[1]+,2,1,No,No,Homemade,Low,No,230.550967061599,,230.550967061599,,,,,,,,,,,,,,,,sanglier_2022,10.57745/BUJORT,282f5076857dd4f8ca38089a6d499909,Analyses!785,Inoculation!316,[1]+,0.4,,Events!5;Events!6;Events!8;Events!9,,False
LBE,2021-03-16T17:00:00,112,10,17,t0,IV.12,LBE_MBE,[1]+,3,1,No,No,Homemade,Low,No,230.590967061599,,230.590967061599,,,,,,,,,,,,,,,,sanglier_2022,10.57745/BUJORT,282f5076857dd4f8ca38089a6d499909,Analyses!786,Inoculation!317,[1]+,0.4,,Events!5;Events!6;Events!8;Events!9,,False
LBE,2021-03-16T17:00:00,112,10,17,t0,IV.13,LBE_MBE,[2]+,1,2,No,No,Homemade,Low,No,231.770967061599,,231.770967061599,,,,,,,,,,,,,,,,sanglier_2022,10.57745/BUJORT,282f5076857dd4f8ca38089a6d499909,Analyses!787,Inoculation!318,[2]+,0.81,,Events!5;Events!6;Events!8;Events!9,,False
LBE,2021-03-16T17:00:00,112,10,17,t0,IV.14,LBE_MBE,[2]+,2,2,No,No,Homemade,Low,No,231.320967061599,,231.320967061599,,,,,,,,,,,,,,,,sanglier_2022,10.57745/BUJORT,282f5076857dd4f8ca38089a6d499909,Analyses!788,Inoculation!319,[2]+,0.81,,Events!5;Events!6;Events!8;Events!9,,False
LBE,2021-03-16T17:00:00,112,10,17,t0,IV.15,LBE_MBE,[2]+,3,2,No,No,Homemade,Low,No,231.000967061599,,231.000967061599,,,,,,,,,,,,,,,,sanglier_2022,10.57745/BUJORT,282f5076857dd4f8ca38089a6d499909,Analyses!789,Inoculation!320,[2]+,0.81,,Events!5;Events!6;Events!8;Events!9,,False
LBE,2021-03-17T17:00:00,113,10,17,t1,IV.1,LBE_MBE,[0],1,0,No,No,Homemade,Low,No,230.490967061598,3.151,227.339967061598,7.13,,,,,,7.294,7.864,0.234,1.134,1.632,0.056,0,0,,sanglier_2022,10.57745/BUJORT,282f5076857dd4f8ca38089a6d499909,Analyses!790,Inoculation!306,[0],0,,Events!5;Events!6;Events!8;Events!9,,False
LBE,2021-03-17T17:00:00,113,10,17,t1,IV.2,LBE_MBE,[0],2,0,No,No,Homemade,Low,No,230.400967061598,4.083,226.317967061598,6.98,,,,,,7.716,9.12,0.158,1.16,1.772,0.064,0,0,,sanglier_2022,10.57745/BUJORT,282f5076857dd4f8ca38089a6d499909,Analyses!791,Inoculation!307,[0],0,,Events!5;Events!6;Events!8;Events!9,,False
LBE,2021-03-17T17:00:00,113,10,17,t1,IV.3,LBE_MBE,[0],3,0,No,No,Homemade,Low,No,230.160967061599,4.535,225.625967061599,5.64,,,,,,7.64,3.806,1.218,16.152,2.148,2.92,0,0.576,,sanglier_2022,10.57745/BUJORT,282f5076857dd4f8ca38089a6d499909,Analyses!792,Inoculation!308,[0],0,,Events!5;Events!6;Events!8;Events!9,,False
LBE,2021-03-17T17:00:00,113,10,17,t1,IV.4,LBE_MBE,[1],1,1,No,No,Homemade,Low,No,231.280967061599,2.45,228.830967061599,7.43,,,,,,8.838,5.178,0.358,1.266,0.474,0.162,0,0.066,,sanglier_2022,10.57745/BUJORT,282f5076857dd4f8ca38089a6d499909,Analyses!793,Inoculation!309,[1],0.4,,Events!5;Events!6;Events!8;Events!9,,False
LBE,2021-03-17T17:00:00,113,10,17,t1,IV.5,LBE_MBE,[1],2,1,No,No,Homemade,Low,No,230.880967061599,3.996,226.884967061598,7.16,,,,,,9.408,3.738,1.212,1.188,1.752,0.096,0,0,,sanglier_2022,10.57745/BUJORT,282f5076857dd4f8ca38089a6d499909,Analyses!794,Inoculation!310,[1],0.4,,Events!5;Events!6;Events!8;Events!9,,False
LBE,2021-03-17T17:00:00,113,10,17,t1,IV.6,LBE_MBE,[1],3,1,No,No,Homemade,Low,No,230.710967061599,3.619,227.091967061599,7.33,,,,,,7.984,1.03,0.13,1.052,0.48,0,0,0.054,,sanglier_2022,10.57745/BUJORT,282f5076857dd4f8ca38089a6d499909,Analyses!795,Inoculation!311,[1],0.4,,Events!5;Events!6;Events!8;Events!9,,False
LBE,2021-03-17T17:00:00,113,10,17,t1,IV.7,LBE_MBE,[2],1,2,No,No,Homemade,Low,No,232.230967061599,4.081,228.149967061599,7.32,,,,,,10.218,1.056,1.612,1.89,0.224,0,0,0.114,,sanglier_2022,10.57745/BUJORT,282f5076857dd4f8ca38089a6d499909,Analyses!796,Inoculation!312,[2],0.81,,Events!5;Events!6;Events!8;Events!9,,False
LBE,2021-03-17T17:00:00,113,10,17,t1,IV.8,LBE_MBE,[2],2,2,No,No,Homemade,Low,No,231.230967061599,2.043,229.187967061598,7.76,,,,,,10.79,5.144,1.07,1.628,0.264,0.138,0.058,0,,sanglier_2022,10.57745/BUJORT,282f5076857dd4f8ca38089a6d499909,Analyses!797,Inoculation!313,[2],0.81,,Events!5;Events!6;Events!8;Events!9,,False
LBE,2021-03-17T17:00:00,113,10,17,t1,IV.9,LBE_MBE,[2],3,2,No,No,Homemade,Low,No,231.040967061599,2.343,228.697967061599,7.22,,,,,,9.698,9.154,1.306,1.36,0.248,0.186,0,0,,sanglier_2022,10.57745/BUJORT,282f5076857dd4f8ca38089a6d499909,Analyses!798,Inoculation!314,[2],0.81,,Events!5;Events!6;Events!8;Events!9,,False
LBE,2021-03-17T17:00:00,113,10,17,t1,IV.10,LBE_MBE,[1]+,1,1,No,No,Homemade,Low,No,231.830967061599,2.48999999999999,229.340967061599,7.43,,,,,,8.052,2.762,0.124,0.826,0.274,0.09,0,0,,sanglier_2022,10.57745/BUJORT,282f5076857dd4f8ca38089a6d499909,Analyses!799,Inoculation!315,[1]+,0.4,,Events!5;Events!6;Events!8;Events!9,,False
LBE,2021-03-17T17:00:00,113,10,17,t1,IV.11,LBE_MBE,[1]+,2,1,No,No,Homemade,Low,No,230.550967061599,3.04799999999999,227.502967061599,7.29,,,,,,9.564,2.59,1.27,1.406,0.748,0.068,0,0,,sanglier_2022,10.57745/BUJORT,282f5076857dd4f8ca38089a6d499909,Analyses!800,Inoculation!316,[1]+,0.4,,Events!5;Events!6;Events!8;Events!9,,False
LBE,2021-03-17T17:00:00,113,10,17,t1,IV.12,LBE_MBE,[1]+,3,1,No,No,Homemade,Low,No,230.590967061599,4.065,226.525967061599,7.28,,,,,,9.304,4.222,0.26,0.986,0.56,0.106,0,0,,sanglier_2022,10.57745/BUJORT,282f5076857dd4f8ca38089a6d499909,Analyses!801,Inoculation!317,[1]+,0.4,,Events!5;Events!6;Events!8;Events!9,,False
LBE,2021-03-17T17:00:00,113,10,17,t1,IV.13,LBE_MBE,[2]+,1,2,No,No,Homemade,Low,No,231.770967061599,2.86299999999999,228.907967061599,7.33,,,,,,11.61,1.296,0.1,1.27,1.322,0,0,0,,sanglier_2022,10.57745/BUJORT,282f5076857dd4f8ca38089a6d499909,Analyses!802,Inoculation!318,[2]+,0.81,,Events!5;Events!6;Events!8;Events!9,,False
LBE,2021-03-17T17:00:00,113,10,17,t1,IV.14,LBE_MBE,[2]+,2,2,No,No,Homemade,Low,No,231.320967061599,3.276,228.044967061598,7.43,,,,,,11.29,1.038,1.648,1.902,0.2,0,0,0.122,,sanglier_2022,10.57745/BUJORT,282f5076857dd4f8ca38089a6d499909,Analyses!803,Inoculation!319,[2]+,0.81,,Events!5;Events!6;Events!8;Events!9,,False
LBE,2021-03-17T17:00:00,113,10,17,t1,IV.15,LBE_MBE,[2]+,3,2,No,No,Homemade,Low,No,231.000967061599,2.408,228.592967061599,7.34,,,,,,9.174,1.812,1.336,0.96,0.196,0.054,0,0,,sanglier_2022,10.57745/BUJORT,282f5076857dd4f8ca38089a6d499909,Analyses!804,Inoculation!320,[2]+,0.81,,Events!5;Events!6;Events!8;Events!9,,False
LBE,2021-03-19T11:00:00,114.75,10,17,t3,IV.1,LBE_MBE,[0],1,0,No,No,Homemade,Low,No,227.339967061598,3.59499999999999,223.744967061598,6.92,,,,,,10.438,9.602,0.356,1.608,1.892,0.088,0,0,,sanglier_2022,10.57745/BUJORT,282f5076857dd4f8ca38089a6d499909,Analyses!805,Inoculation!306,[0],0,,Events!5;Events!6;Events!8;Events!9,,False
LBE,2021-03-19T11:00:00,114.75,10,17,t3,IV.2,LBE_MBE,[0],2,0,No,No,Homemade,Low,No,226.317967061598,4.707,221.610967061598,6.82,,,,,,10.868,11.156,0.308,1.808,2.068,0.098,0,0,,sanglier_2022,10.57745/BUJORT,282f5076857dd4f8ca38089a6d499909,Analyses!806,Inoculation!307,[0],0,,Events!5;Events!6;Events!8;Events!9,,False
LBE,2021-03-19T11:00:00,114.75,10,17,t3,IV.3,LBE_MBE,[0],3,0,No,No,Homemade,Low,No,225.625967061599,,225.625967061599,,,,,,,,,,,,,,,,sanglier_2022,10.57745/BUJORT,282f5076857dd4f8ca38089a6d499909,Analyses!807,Inoculation!308,[0],0,,Events!5;Events!6;Events!8;Events!9,,False
LBE,2021-03-19T11:00:00,114.75,10,17,t3,IV.4,LBE_MBE,[1],1,1,No,No,Homemade,Low,No,228.830967061599,4.241,224.589967061599,7.22,,,,,,11.468,6.246,0.506,1.274,0.638,0.394,0,0.106,,sanglier_2022,10.57745/BUJORT,282f5076857dd4f8ca38089a6d499909,Analyses!808,Inoculation!309,[1],0.4,,Events!5;Events!6;Events!8;Events!9,,False
LBE,2021-03-19T11:00:00,114.75,10,17,t3,IV.5,LBE_MBE,[1],2,1,No,No,Homemade,Low,No,226.884967061598,3.639,223.245967061598,7.33,,,,,,11.292,4.974,1.322,1.176,2.052,0.26,0,0.104,,sanglier_2022,10.57745/BUJORT,282f5076857dd4f8ca38089a6d499909,Analyses!809,Inoculation!310,[1],0.4,,Events!5;Events!6;Events!8;Events!9,,False
LBE,2021-03-19T11:00:00,114.75,10,17,t3,IV.6,LBE_MBE,[1],3,1,No,No,Homemade,Low,No,227.091967061599,3.882,223.209967061599,7.38,,,,,,11.944,2.52,0.288,1.222,0.816,0.092,0,0.094,,sanglier_2022,10.57745/BUJORT,282f5076857dd4f8ca38089a6d499909,Analyses!810,Inoculation!311,[1],0.4,,Events!5;Events!6;Events!8;Events!9,,False
LBE,2021-03-19T11:00:00,114.75,10,17,t3,IV.7,LBE_MBE,[2],1,2,No,No,Homemade,Low,No,228.149967061599,3.98799999999999,224.161967061599,7.52,,,,,,12.728,2.488,1.746,1.61,0.44,0.114,0.088,0.142,,sanglier_2022,10.57745/BUJORT,282f5076857dd4f8ca38089a6d499909,Analyses!811,Inoculation!312,[2],0.81,,Events!5;Events!6;Events!8;Events!9,,False
LBE,2021-03-19T11:00:00,114.75,10,17,t3,IV.8,LBE_MBE,[2],2,2,No,No,Homemade,Low,No,229.187967061598,3.803,225.384967061598,7.36,,,,,,10.68,5.61,1.092,1.364,0.488,0.276,0,0.094,,sanglier_2022,10.57745/BUJORT,282f5076857dd4f8ca38089a6d499909,Analyses!812,Inoculation!313,[2],0.81,,Events!5;Events!6;Events!8;Events!9,,False
LBE,2021-03-19T11:00:00,114.75,10,17,t3,IV.9,LBE_MBE,[2],3,2,No,No,Homemade,Low,No,228.697967061599,3.223,225.474967061599,7.08,,,,,,10.7,9.532,1.354,1.508,0.508,0.39,0,0.126,,sanglier_2022,10.57745/BUJORT,282f5076857dd4f8ca38089a6d499909,Analyses!813,Inoculation!314,[2],0.81,,Events!5;Events!6;Events!8;Events!9,,False
LBE,2021-03-19T11:00:00,114.75,10,17,t3,IV.10,LBE_MBE,[1]+,1,1,No,No,Homemade,Low,No,229.340967061599,4.255,225.085967061599,7.46,,,,,,10.88,4.646,0.25,0.938,0.638,0.26,0,0.06,,sanglier_2022,10.57745/BUJORT,282f5076857dd4f8ca38089a6d499909,Analyses!814,Inoculation!315,[1]+,0.4,,Events!5;Events!6;Events!8;Events!9,,False
LBE,2021-03-19T11:00:00,114.75,10,17,t3,IV.11,LBE_MBE,[1]+,2,1,No,No,Homemade,Low,No,227.502967061599,4.789,222.713967061599,7.38,,,,,,11.026,3.934,1.404,1.382,1.072,0.192,0,0.114,,sanglier_2022,10.57745/BUJORT,282f5076857dd4f8ca38089a6d499909,Analyses!815,Inoculation!316,[1]+,0.4,,Events!5;Events!6;Events!8;Events!9,,False
LBE,2021-03-19T11:00:00,114.75,10,17,t3,IV.12,LBE_MBE,[1]+,3,1,No,No,Homemade,Low,No,226.525967061599,4.007,222.518967061599,7.41,,,,,,11.126,5.904,0.426,1.146,0.914,0.28,0,0,,sanglier_2022,10.57745/BUJORT,282f5076857dd4f8ca38089a6d499909,Analyses!816,Inoculation!317,[1]+,0.4,,Events!5;Events!6;Events!8;Events!9,,False
LBE,2021-03-19T11:00:00,114.75,10,17,t3,IV.13,LBE_MBE,[2]+,1,2,No,No,Homemade,Low,No,228.907967061599,3.365,225.542967061599,7.52,,,,,,12.928,3.03,0.25,1.14,1.598,0.176,0,0,,sanglier_2022,10.57745/BUJORT,282f5076857dd4f8ca38089a6d499909,Analyses!817,Inoculation!318,[2]+,0.81,,Events!5;Events!6;Events!8;Events!9,,False
LBE,2021-03-19T11:00:00,114.75,10,17,t3,IV.14,LBE_MBE,[2]+,2,2,No,No,Homemade,Low,No,228.044967061598,3.537,224.507967061598,7.52,,,,,,12.9,2.344,1.66,1.44,0.496,0.154,0.094,0.14,,sanglier_2022,10.57745/BUJORT,282f5076857dd4f8ca38089a6d499909,Analyses!818,Inoculation!319,[2]+,0.81,,Events!5;Events!6;Events!8;Events!9,,False
LBE,2021-03-19T11:00:00,114.75,10,17,t3,IV.15,LBE_MBE,[2]+,3,2,No,No,Homemade,Low,No,228.592967061599,3.952,224.640967061599,7.37,,,,,,10.612,3.444,1.482,0.994,0.452,0.196,0.04,0.068,,sanglier_2022,10.57745/BUJORT,282f5076857dd4f8ca38089a6d499909,Analyses!819,Inoculation!320,[2]+,0.81,,Events!5;Events!6;Events!8;Events!9,,False
LBE,2021-03-23T17:00:00,119,10,17,t7,IV.1,LBE_MBE,[0],1,0,No,No,Homemade,Low,No,223.744967061598,4.638,219.106967061598,7.49,,,,,,8.682,10.616,0.458,2.05,2.112,0.116,0,0.07,,sanglier_2022,10.57745/BUJORT,282f5076857dd4f8ca38089a6d499909,Analyses!820,Inoculation!306,[0],0,,Events!5;Events!6;Events!8;Events!9,,False
LBE,2021-03-23T17:00:00,119,10,17,t7,IV.2,LBE_MBE,[0],2,0,No,No,Homemade,Low,No,221.610967061598,3.982,217.628967061598,7.25,,,,,,10.186,11.458,0.388,2.112,2.174,0.126,0,0.068,,sanglier_2022,10.57745/BUJORT,282f5076857dd4f8ca38089a6d499909,Analyses!821,Inoculation!307,[0],0,,Events!5;Events!6;Events!8;Events!9,,False
LBE,2021-03-23T17:00:00,119,10,17,t7,IV.3,LBE_MBE,[0],3,0,No,No,Homemade,Low,No,225.625967061599,,225.625967061599,,,,,,,,,,,,,,,,sanglier_2022,10.57745/BUJORT,282f5076857dd4f8ca38089a6d499909,Analyses!822,Inoculation!308,[0],0,,Events!5;Events!6;Events!8;Events!9,,False
LBE,2021-03-23T17:00:00,119,10,17,t7,IV.4,LBE_MBE,[1],1,1,No,No,Homemade,Low,No,224.589967061599,3.52499999999999,221.064967061599,7.55,,,,,,11.138,6.794,0.61,0.642,1,0.484,0,0,,sanglier_2022,10.57745/BUJORT,282f5076857dd4f8ca38089a6d499909,Analyses!823,Inoculation!309,[1],0.4,,Events!5;Events!6;Events!8;Events!9,,False
LBE,2021-03-23T17:00:00,119,10,17,t7,IV.5,LBE_MBE,[1],2,1,No,No,Homemade,Low,No,223.245967061598,4.59399999999999,218.651967061598,7.88,,,,,,8.028,5.276,1.298,0.52,2.27,0.338,0,0,,sanglier_2022,10.57745/BUJORT,282f5076857dd4f8ca38089a6d499909,Analyses!824,Inoculation!310,[1],0.4,,Events!5;Events!6;Events!8;Events!9,,False
LBE,2021-03-23T17:00:00,119,10,17,t7,IV.6,LBE_MBE,[1],3,1,No,No,Homemade,Low,No,223.209967061599,3.463,219.746967061599,7.67,,,,,,13.078,3.124,0.424,0.66,1.102,0.206,0,0,,sanglier_2022,10.57745/BUJORT,282f5076857dd4f8ca38089a6d499909,Analyses!825,Inoculation!311,[1],0.4,,Events!5;Events!6;Events!8;Events!9,,False
LBE,2021-03-23T17:00:00,119,10,17,t7,IV.7,LBE_MBE,[2],1,2,No,No,Homemade,Low,No,224.161967061599,4.37199999999999,219.789967061599,7.83,,,,,,9.67,2.916,1.342,0.258,0.642,0.112,0.058,0,,sanglier_2022,10.57745/BUJORT,282f5076857dd4f8ca38089a6d499909,Analyses!826,Inoculation!312,[2],0.81,,Events!5;Events!6;Events!8;Events!9,,False
LBE,2021-03-23T17:00:00,119,10,17,t7,IV.8,LBE_MBE,[2],2,2,No,No,Homemade,Low,No,225.384967061598,4.141,221.243967061599,7.7,,,,,,9.91,6.326,1.148,0.532,0.856,0.356,0.054,0,,sanglier_2022,10.57745/BUJORT,282f5076857dd4f8ca38089a6d499909,Analyses!827,Inoculation!313,[2],0.81,,Events!5;Events!6;Events!8;Events!9,,False
LBE,2021-03-23T17:00:00,119,10,17,t7,IV.9,LBE_MBE,[2],3,2,No,No,Homemade,Low,No,225.474967061599,3.386,222.088967061599,7.97,,,,,,4.842,10.476,1.476,0.606,0.914,0.666,0,0,,sanglier_2022,10.57745/BUJORT,282f5076857dd4f8ca38089a6d499909,Analyses!828,Inoculation!314,[2],0.81,,Events!5;Events!6;Events!8;Events!9,,False
LBE,2021-03-23T17:00:00,119,10,17,t7,IV.10,LBE_MBE,[1]+,1,1,No,No,Homemade,Low,No,225.085967061599,4.33899999999999,220.746967061599,8.02,,,,,,6.696,5.544,0.404,0.192,0.854,0.166,0,0,,sanglier_2022,10.57745/BUJORT,282f5076857dd4f8ca38089a6d499909,Analyses!829,Inoculation!315,[1]+,0.4,,Events!5;Events!6;Events!8;Events!9,,False
LBE,2021-03-23T17:00:00,119,10,17,t7,IV.11,LBE_MBE,[1]+,2,1,No,No,Homemade,Low,No,222.713967061599,4.651,218.062967061599,7.66,,,,,,10.902,4.204,1.398,0.51,1.288,0.26,0,0,,sanglier_2022,10.57745/BUJORT,282f5076857dd4f8ca38089a6d499909,Analyses!830,Inoculation!316,[1]+,0.4,,Events!5;Events!6;Events!8;Events!9,,False
LBE,2021-03-23T17:00:00,119,10,17,t7,IV.12,LBE_MBE,[1]+,3,1,No,No,Homemade,Low,No,222.518967061599,4.894,217.624967061599,7.92,,,,,,7.294,6.304,0.512,0.31,1.23,0.326,0.046,0,,sanglier_2022,10.57745/BUJORT,282f5076857dd4f8ca38089a6d499909,Analyses!831,Inoculation!317,[1]+,0.4,,Events!5;Events!6;Events!8;Events!9,,False
LBE,2021-03-23T17:00:00,119,10,17,t7,IV.13,LBE_MBE,[2]+,1,2,No,No,Homemade,Low,No,225.542967061599,4.208,221.334967061599,7.82,,,,,,11.62,4.266,0.428,0.212,1.786,0.102,0,0,,sanglier_2022,10.57745/BUJORT,282f5076857dd4f8ca38089a6d499909,Analyses!832,Inoculation!318,[2]+,0.81,,Events!5;Events!6;Events!8;Events!9,,False
LBE,2021-03-23T17:00:00,119,10,17,t7,IV.14,LBE_MBE,[2]+,2,2,No,No,Homemade,Low,No,224.507967061598,4.14399999999999,220.363967061598,7.92,,,,,,10.33,3.664,1.718,0.214,0.754,0.09,0.088,0,,sanglier_2022,10.57745/BUJORT,282f5076857dd4f8ca38089a6d499909,Analyses!833,Inoculation!319,[2]+,0.81,,Events!5;Events!6;Events!8;Events!9,,False
LBE,2021-03-23T17:00:00,119,10,17,t7,IV.15,LBE_MBE,[2]+,3,2,No,No,Homemade,Low,No,224.640967061599,3.92599999999999,220.714967061599,7.81,,,,,,11.342,5.492,2.122,0.396,1.022,0.25,0.068,0,,sanglier_2022,10.57745/BUJORT,282f5076857dd4f8ca38089a6d499909,Analyses!834,Inoculation!320,[2]+,0.81,,Events!5;Events!6;Events!8;Events!9,,False
LBE,2021-04-01T11:00:00,127.75,10,17,tf,IV.1,LBE_MBE,[0],1,0,No,No,Homemade,Low,No,219.106967061598,,219.106967061598,8.3,4.9,,54,,,2.18,11.162,0.6,0.062,2.432,0.298,0,0.068,,sanglier_2022,10.57745/BUJORT,282f5076857dd4f8ca38089a6d499909,Analyses!835,Inoculation!306,[0],0,,Events!5;Events!6;Events!8;Events!9,,False
LBE,2021-04-01T11:00:00,127.75,10,17,tf,IV.2,LBE_MBE,[0],2,0,No,No,Homemade,Low,No,217.628967061598,,217.628967061598,8.36,4.72,,51.6,,,1.64,11.112,0.446,0.586,2.292,0.236,0,0.246,,sanglier_2022,10.57745/BUJORT,282f5076857dd4f8ca38089a6d499909,Analyses!836,Inoculation!307,[0],0,,Events!5;Events!6;Events!8;Events!9,,False
LBE,2021-04-01T11:00:00,127.75,10,17,tf,IV.3,LBE_MBE,[0],3,0,No,No,Homemade,Low,No,225.625967061599,,225.625967061599,,,,,,,,,,,,,,,,sanglier_2022,10.57745/BUJORT,282f5076857dd4f8ca38089a6d499909,Analyses!837,Inoculation!308,[0],0,,Events!5;Events!6;Events!8;Events!9,,False
LBE,2021-04-01T11:00:00,127.75,10,17,tf,IV.4,LBE_MBE,[1],1,1,No,No,Homemade,Low,No,221.064967061599,,221.064967061599,8.56,4.74,,38.4,,,2.142,8.278,0.748,0,0.632,0.044,0,0,,sanglier_2022,10.57745/BUJORT,282f5076857dd4f8ca38089a6d499909,Analyses!838,Inoculation!309,[1],0.4,,Events!5;Events!6;Events!8;Events!9,,False
LBE,2021-04-01T11:00:00,127.75,10,17,tf,IV.5,LBE_MBE,[1],2,1,No,No,Homemade,Low,No,218.651967061598,,218.651967061598,8.62,4.74,,30.4,,,4.29,4.916,0.564,0,1.032,0.034,0,0,,sanglier_2022,10.57745/BUJORT,282f5076857dd4f8ca38089a6d499909,Analyses!839,Inoculation!310,[1],0.4,,Events!5;Events!6;Events!8;Events!9,,False
LBE,2021-04-01T11:00:00,127.75,10,17,tf,IV.6,LBE_MBE,[1],3,1,No,No,Homemade,Low,No,219.746967061599,,219.746967061599,8.55,4.92,,36.4,,,0.446,6.628,0,0,1.88,0,0,0,,sanglier_2022,10.57745/BUJORT,282f5076857dd4f8ca38089a6d499909,Analyses!840,Inoculation!311,[1],0.4,,Events!5;Events!6;Events!8;Events!9,,False
LBE,2021-04-01T11:00:00,127.75,10,17,tf,IV.7,LBE_MBE,[2],1,2,No,No,Homemade,Low,No,219.789967061599,,219.789967061599,8.56,5.04,,31.8,,,2.002,4.648,0,0,0.578,0,0,0,,sanglier_2022,10.57745/BUJORT,282f5076857dd4f8ca38089a6d499909,Analyses!841,Inoculation!312,[2],0.81,,Events!5;Events!6;Events!8;Events!9,,False
LBE,2021-04-01T11:00:00,127.75,10,17,tf,IV.8,LBE_MBE,[2],2,2,No,No,Homemade,Low,No,221.243967061599,,221.243967061599,8.48,5.1,,35.4,,,2.026,10.188,0.29,0,0.702,0,0.034,0,,sanglier_2022,10.57745/BUJORT,282f5076857dd4f8ca38089a6d499909,Analyses!842,Inoculation!313,[2],0.81,,Events!5;Events!6;Events!8;Events!9,,False
LBE,2021-04-01T11:00:00,127.75,10,17,tf,IV.9,LBE_MBE,[2],3,2,No,No,Homemade,Low,No,222.088967061599,,222.088967061599,8.5,5.2,,40.2,,,0.31,12.266,0.07,0,0.498,0,0,0,,sanglier_2022,10.57745/BUJORT,282f5076857dd4f8ca38089a6d499909,Analyses!843,Inoculation!314,[2],0.81,,Events!5;Events!6;Events!8;Events!9,,False
LBE,2021-04-01T11:00:00,127.75,10,17,tf,IV.10,LBE_MBE,[1]+,1,1,No,No,Homemade,Low,No,220.746967061599,,220.746967061599,8.63,5.08,,33.6,,,0.5,6.566,0.484,0,0.508,0,0,0,,sanglier_2022,10.57745/BUJORT,282f5076857dd4f8ca38089a6d499909,Analyses!844,Inoculation!315,[1]+,0.4,,Events!5;Events!6;Events!8;Events!9,,False
LBE,2021-04-01T11:00:00,127.75,10,17,tf,IV.11,LBE_MBE,[1]+,2,1,No,No,Homemade,Low,No,218.062967061599,,218.062967061599,8.5,5.04,,37.2,,,3.834,5.596,0.848,0.028,1.086,0.044,0,0,,sanglier_2022,10.57745/BUJORT,282f5076857dd4f8ca38089a6d499909,Analyses!845,Inoculation!316,[1]+,0.4,,Events!5;Events!6;Events!8;Events!9,,False
LBE,2021-04-01T11:00:00,127.75,10,17,tf,IV.12,LBE_MBE,[1]+,3,1,No,No,Homemade,Low,No,217.624967061599,,217.624967061599,8.57,5,,34.6,,,0.542,7.334,0.498,0,0.73,0,0,0,,sanglier_2022,10.57745/BUJORT,282f5076857dd4f8ca38089a6d499909,Analyses!846,Inoculation!317,[1]+,0.4,,Events!5;Events!6;Events!8;Events!9,,False
LBE,2021-04-01T11:00:00,127.75,10,17,tf,IV.13,LBE_MBE,[2]+,1,2,No,No,Homemade,Low,No,221.334967061599,,221.334967061599,8.51,4.96,,33,,,1.33,5.166,0.582,0,1.612,0,0,0,,sanglier_2022,10.57745/BUJORT,282f5076857dd4f8ca38089a6d499909,Analyses!847,Inoculation!318,[2]+,0.81,,Events!5;Events!6;Events!8;Events!9,,False
LBE,2021-04-01T11:00:00,127.75,10,17,tf,IV.14,LBE_MBE,[2]+,2,2,No,No,Homemade,Low,No,220.363967061598,,220.363967061598,8.49,4.66,,25.6,,,0.902,4.81,0.052,0,0.58,0,0,0,,sanglier_2022,10.57745/BUJORT,282f5076857dd4f8ca38089a6d499909,Analyses!848,Inoculation!319,[2]+,0.81,,Events!5;Events!6;Events!8;Events!9,,False
LBE,2021-04-01T11:00:00,127.75,10,17,tf,IV.15,LBE_MBE,[2]+,3,2,No,No,Homemade,Low,No,220.714967061599,,220.714967061599,8.67,4.82,,31.6,,,1.172,7.014,1.21,0,0.646,0,0,0,,sanglier_2022,10.57745/BUJORT,282f5076857dd4f8ca38089a6d499909,Analyses!849,Inoculation!320,[2]+,0.81,,Events!5;Events!6;Events!8;Events!9,,False
LBE,2021-04-01T17:00:00,128,11,19,t0,IV.1,LBE_MBE,[0],1,0,No,No,Celtics,Increased,No,250.07,,250.07,,,,,,,,,,,,,,,,sanglier_2022,10.57745/BUJORT,282f5076857dd4f8ca38089a6d499909,Analyses!850,Inoculation!321,[0],0,,Events!4;Events!5;Events!6;Events!7;Events!8;Events!9,,False
LBE,2021-04-01T17:00:00,128,11,19,t0,IV.2,LBE_MBE,[0],2,0,No,No,Celtics,Increased,No,250.87,,250.87,,,,,,,,,,,,,,,,sanglier_2022,10.57745/BUJORT,282f5076857dd4f8ca38089a6d499909,Analyses!851,Inoculation!322,[0],0,,Events!4;Events!5;Events!6;Events!7;Events!8;Events!9,,False
LBE,2021-04-01T17:00:00,128,11,19,t0,IV.3,LBE_MBE,[0],3,0,No,No,Celtics,Increased,No,230.160967061599,,230.160967061599,,,,,,,,,,,,,,,,sanglier_2022,10.57745/BUJORT,282f5076857dd4f8ca38089a6d499909,Analyses!852,Inoculation!323,[0],0,,Events!4;Events!5;Events!6;Events!7;Events!8;Events!9,,False
LBE,2021-04-01T17:00:00,128,11,19,t0,IV.4,LBE_MBE,[1],1,1,No,No,Celtics,Increased,No,250.56,,250.56,,,,,,,,,,,,,,,,sanglier_2022,10.57745/BUJORT,282f5076857dd4f8ca38089a6d499909,Analyses!853,Inoculation!324,[1],0.43,,Events!4;Events!5;Events!6;Events!7;Events!8;Events!9,,False
LBE,2021-04-01T17:00:00,128,11,19,t0,IV.5,LBE_MBE,[1],2,1,No,No,Celtics,Increased,No,250.89,,250.89,,,,,,,,,,,,,,,,sanglier_2022,10.57745/BUJORT,282f5076857dd4f8ca38089a6d499909,Analyses!854,Inoculation!325,[1],0.43,,Events!4;Events!5;Events!6;Events!7;Events!8;Events!9,,False
LBE,2021-04-01T17:00:00,128,11,19,t0,IV.6,LBE_MBE,[1],3,1,No,No,Celtics,Increased,No,251.47,,251.47,,,,,,,,,,,,,,,,sanglier_2022,10.57745/BUJORT,282f5076857dd4f8ca38089a6d499909,Analyses!855,Inoculation!326,[1],0.43,,Events!4;Events!5;Events!6;Events!7;Events!8;Events!9,,False
LBE,2021-04-01T17:00:00,128,11,19,t0,IV.7,LBE_MBE,[2],1,2,No,No,Celtics,Increased,No,253.19,,253.19,,,,,,,,,,,,,,,,sanglier_2022,10.57745/BUJORT,282f5076857dd4f8ca38089a6d499909,Analyses!856,Inoculation!327,[2],0.87,,Events!4;Events!5;Events!6;Events!7;Events!8;Events!9,,False
LBE,2021-04-01T17:00:00,128,11,19,t0,IV.8,LBE_MBE,[2],2,2,No,No,Celtics,Increased,No,251.03,,251.03,,,,,,,,,,,,,,,,sanglier_2022,10.57745/BUJORT,282f5076857dd4f8ca38089a6d499909,Analyses!857,Inoculation!328,[2],0.87,,Events!4;Events!5;Events!6;Events!7;Events!8;Events!9,,False
LBE,2021-04-01T17:00:00,128,11,19,t0,IV.9,LBE_MBE,[2],3,2,No,No,Celtics,Increased,No,251.14,,251.14,,,,,,,,,,,,,,,,sanglier_2022,10.57745/BUJORT,282f5076857dd4f8ca38089a6d499909,Analyses!858,Inoculation!329,[2],0.87,,Events!4;Events!5;Events!6;Events!7;Events!8;Events!9,,False
LBE,2021-04-01T17:00:00,128,11,19,t0,IV.10,LBE_MBE,[1]+,1,1,No,No,Homemade,Low,No,248.89,,248.89,,,,,,,,,,,,,,,,sanglier_2022,10.57745/BUJORT,282f5076857dd4f8ca38089a6d499909,Analyses!859,Inoculation!330,[1]+,0.43,,Events!4;Events!5;Events!6;Events!7;Events!8;Events!9,,False
LBE,2021-04-01T17:00:00,128,11,19,t0,IV.11,LBE_MBE,[1]+,2,1,No,No,Homemade,Low,No,248.75,,248.75,,,,,,,,,,,,,,,,sanglier_2022,10.57745/BUJORT,282f5076857dd4f8ca38089a6d499909,Analyses!860,Inoculation!331,[1]+,0.43,,Events!4;Events!5;Events!6;Events!7;Events!8;Events!9,,False
LBE,2021-04-01T17:00:00,128,11,19,t0,IV.12,LBE_MBE,[1]+,3,1,No,No,Homemade,Low,No,248.55,,248.55,,,,,,,,,,,,,,,,sanglier_2022,10.57745/BUJORT,282f5076857dd4f8ca38089a6d499909,Analyses!861,Inoculation!332,[1]+,0.43,,Events!4;Events!5;Events!6;Events!7;Events!8;Events!9,,False
LBE,2021-04-01T17:00:00,128,11,19,t0,IV.13,LBE_MBE,[2]+,1,2,No,No,Homemade,Low,No,248.92,,248.92,,,,,,,,,,,,,,,,sanglier_2022,10.57745/BUJORT,282f5076857dd4f8ca38089a6d499909,Analyses!862,Inoculation!333,[2]+,0.87,,Events!4;Events!5;Events!6;Events!7;Events!8;Events!9,,False
LBE,2021-04-01T17:00:00,128,11,19,t0,IV.14,LBE_MBE,[2]+,2,2,No,No,Homemade,Low,No,248.77,,248.77,,,,,,,,,,,,,,,,sanglier_2022,10.57745/BUJORT,282f5076857dd4f8ca38089a6d499909,Analyses!863,Inoculation!334,[2]+,0.87,,Events!4;Events!5;Events!6;Events!7;Events!8;Events!9,,False
LBE,2021-04-01T17:00:00,128,11,19,t0,IV.15,LBE_MBE,[2]+,3,2,No,No,Homemade,Low,No,249.25,,249.25,,,,,,,,,,,,,,,,sanglier_2022,10.57745/BUJORT,282f5076857dd4f8ca38089a6d499909,Analyses!864,Inoculation!335,[2]+,0.87,,Events!4;Events!5;Events!6;Events!7;Events!8;Events!9,,False
LBE,2021-04-15T10:00:00,141.708333333328,11,19,tf,IV.1,LBE_MBE,[0],1,0,No,No,Celtics,Increased,No,250.07,,250.07,8.1,4.78,,50.4,0.0630425501636542,0.0463924861249467,0.538,12.874,0.908,0,2.35,0,0,0,,sanglier_2022,10.57745/BUJORT,282f5076857dd4f8ca38089a6d499909,Analyses!865,Inoculation!321,[0],0,,Events!4;Events!5;Events!6;Events!7;Events!8;Events!9,,False
LBE,2021-04-15T10:00:00,141.708333333328,11,19,tf,IV.2,LBE_MBE,[0],2,0,No,No,Celtics,Increased,No,250.87,,250.87,6.68,4.96,,65,0.0761802575107299,0.0570457796852651,12.978,11.68,0.71,3.324,2.608,0.332,0,0.278,,sanglier_2022,10.57745/BUJORT,282f5076857dd4f8ca38089a6d499909,Analyses!866,Inoculation!322,[0],0,,Events!4;Events!5;Events!6;Events!7;Events!8;Events!9,,False
LBE,2021-04-15T10:00:00,141.708333333328,11,19,tf,IV.3,LBE_MBE,[0],3,0,No,No,Celtics,Increased,No,230.160967061599,,230.160967061599,5.88,4.4,,108.6,0.104001475198228,0.079660704407155,6.2,2.42,1.426,22.864,2.386,5.104,0,2.024,,sanglier_2022,10.57745/BUJORT,282f5076857dd4f8ca38089a6d499909,Analyses!867,Inoculation!323,[0],0,,Events!4;Events!5;Events!6;Events!7;Events!8;Events!9,,False
LBE,2021-04-15T10:00:00,141.708333333328,11,19,tf,IV.4,LBE_MBE,[1],1,1,No,No,Celtics,Increased,No,250.56,,250.56,8.2,4.76,,37.6,0.0602802215705443,0.0433365917236888,0.364,10.448,0.428,0,0.802,0,0,0,,sanglier_2022,10.57745/BUJORT,282f5076857dd4f8ca38089a6d499909,Analyses!868,Inoculation!324,[1],0.43,,Events!4;Events!5;Events!6;Events!7;Events!8;Events!9,,False
LBE,2021-04-15T10:00:00,141.708333333328,11,19,tf,IV.5,LBE_MBE,[1],2,1,No,No,Celtics,Increased,No,250.89,,250.89,8.23,4.7,,37.2,0.062743664717349,0.0447124756335283,0.302,9.268,0.43,0,2.032,0,0,0,,sanglier_2022,10.57745/BUJORT,282f5076857dd4f8ca38089a6d499909,Analyses!869,Inoculation!325,[1],0.43,,Events!4;Events!5;Events!6;Events!7;Events!8;Events!9,,False
LBE,2021-04-15T10:00:00,141.708333333328,11,19,tf,IV.6,LBE_MBE,[1],3,1,No,No,Celtics,Increased,No,251.47,,251.47,8.37,4.7,,31.2,0.0718760877131912,0.0536025060911938,0.73,7.904,0.386,0.126,1.256,0,0,0,,sanglier_2022,10.57745/BUJORT,282f5076857dd4f8ca38089a6d499909,Analyses!870,Inoculation!326,[1],0.43,,Events!4;Events!5;Events!6;Events!7;Events!8;Events!9,,False
LBE,2021-04-15T10:00:00,141.708333333328,11,19,tf,IV.7,LBE_MBE,[2],1,2,No,No,Celtics,Increased,No,253.19,,253.19,8.28,4.72,,29.6,0.0675814751286446,0.0499142367066896,0.334,7.746,0.492,0,0.602,0,0,0,,sanglier_2022,10.57745/BUJORT,282f5076857dd4f8ca38089a6d499909,Analyses!871,Inoculation!327,[2],0.87,,Events!4;Events!5;Events!6;Events!7;Events!8;Events!9,,False
LBE,2021-04-15T10:00:00,141.708333333328,11,19,tf,IV.8,LBE_MBE,[2],2,2,No,No,Celtics,Increased,No,251.03,,251.03,8.23,4.8,,34.2,0.0617088607594935,0.0458860759493676,,,,,,,,,,sanglier_2022,10.57745/BUJORT,282f5076857dd4f8ca38089a6d499909,Analyses!872,Inoculation!328,[2],0.87,,Events!4;Events!5;Events!6;Events!7;Events!8;Events!9,,False
LBE,2021-04-15T10:00:00,141.708333333328,11,19,tf,IV.9,LBE_MBE,[2],3,2,No,No,Celtics,Increased,No,251.14,,251.14,8.32,4.76,,38.4,0.0689316815895986,0.0510241628848281,0.3,12.644,0.452,0,0.782,0,0,0,,sanglier_2022,10.57745/BUJORT,282f5076857dd4f8ca38089a6d499909,Analyses!873,Inoculation!329,[2],0.87,,Events!4;Events!5;Events!6;Events!7;Events!8;Events!9,,False
LBE,2021-04-15T10:00:00,141.708333333328,11,19,tf,IV.10,LBE_MBE,[1]+,1,1,No,No,Homemade,Low,No,248.89,,248.89,8.19,4.72,,39.6,0.0591900311526483,0.041147455867081,0.316,12.548,0.442,0,0.778,0,0,0,,sanglier_2022,10.57745/BUJORT,282f5076857dd4f8ca38089a6d499909,Analyses!874,Inoculation!330,[1]+,0.43,,Events!4;Events!5;Events!6;Events!7;Events!8;Events!9,,False
LBE,2021-04-15T10:00:00,141.708333333328,11,19,tf,IV.11,LBE_MBE,[1]+,2,1,No,No,Homemade,Low,No,248.75,,248.75,8.26,4.74,,37.2,0.0661443148688045,0.0471938775510204,0.324,8.746,0.742,0,0.8,0,0,0,,sanglier_2022,10.57745/BUJORT,282f5076857dd4f8ca38089a6d499909,Analyses!875,Inoculation!331,[1]+,0.43,,Events!4;Events!5;Events!6;Events!7;Events!8;Events!9,,False
LBE,2021-04-15T10:00:00,141.708333333328,11,19,tf,IV.12,LBE_MBE,[1]+,3,1,No,No,Homemade,Low,No,248.55,,248.55,8.2,4.7,,36.2,0.059604372722541,0.0429463820926607,0.794,7.39,0.96,0,1.216,0,0,0,,sanglier_2022,10.57745/BUJORT,282f5076857dd4f8ca38089a6d499909,Analyses!876,Inoculation!332,[1]+,0.43,,Events!4;Events!5;Events!6;Events!7;Events!8;Events!9,,False
LBE,2021-04-15T10:00:00,141.708333333328,11,19,tf,IV.13,LBE_MBE,[2]+,1,2,No,No,Homemade,Low,No,248.92,,248.92,8.26,4.88,,34.4,0.0669610007358349,0.0478292862398821,0.31,7.566,0.908,0,1.842,0,0,0,,sanglier_2022,10.57745/BUJORT,282f5076857dd4f8ca38089a6d499909,Analyses!877,Inoculation!333,[2]+,0.87,,Events!4;Events!5;Events!6;Events!7;Events!8;Events!9,,False
LBE,2021-04-15T10:00:00,141.708333333328,11,19,tf,IV.14,LBE_MBE,[2]+,2,2,No,No,Homemade,Low,No,248.77,,248.77,8.35,4.72,,30.2,0.0738155354225456,0.0525768602406058,0.232,5.504,0.37,0,0.682,0,0,0,,sanglier_2022,10.57745/BUJORT,282f5076857dd4f8ca38089a6d499909,Analyses!878,Inoculation!334,[2]+,0.87,,Events!4;Events!5;Events!6;Events!7;Events!8;Events!9,,False
LBE,2021-04-15T10:00:00,141.708333333328,11,19,tf,IV.15,LBE_MBE,[2]+,3,2,No,No,Homemade,Low,No,249.25,,249.25,8.33,4.6,,30.8,0.0662198391420911,0.0489722966934764,0.438,10.014,0.526,0,0.966,0,0,0,,sanglier_2022,10.57745/BUJORT,282f5076857dd4f8ca38089a6d499909,Analyses!879,Inoculation!335,[2]+,0.87,,Events!4;Events!5;Events!6;Events!7;Events!8;Events!9,,False
LBE,2021-04-15T17:00:00,142,12,21,t0,IV.1,LBE_MBE,[0],1,0,No,No,Celtics,Increased,No,250.379999999999,,250.379999999999,,,,,,,,,,,,,,,,sanglier_2022,10.57745/BUJORT,282f5076857dd4f8ca38089a6d499909,Analyses!880,Inoculation!336,[0],0,,Events!4;Events!5;Events!6;Events!7;Events!8;Events!9,,False
LBE,2021-04-15T17:00:00,142,12,21,t0,IV.2,LBE_MBE,[0],2,0,No,No,Celtics,Increased,No,251.029999999999,,251.029999999999,,,,,,,,,,,,,,,,sanglier_2022,10.57745/BUJORT,282f5076857dd4f8ca38089a6d499909,Analyses!881,Inoculation!337,[0],0,4.2602191706706725,Events!4;Events!5;Events!6;Events!7;Events!8;Events!9,,False
LBE,2021-04-15T17:00:00,142,12,21,t0,IV.3,LBE_MBE,[0],3,0,No,No,Celtics,Increased,No,250.629999999999,,250.629999999999,,,,,,,,,,,,,,,,sanglier_2022,10.57745/BUJORT,282f5076857dd4f8ca38089a6d499909,Analyses!882,Inoculation!338,[0],0,,Events!4;Events!5;Events!6;Events!7;Events!8;Events!9,,False
LBE,2021-04-15T17:00:00,142,12,21,t0,IV.4,LBE_MBE,[1],1,1,No,No,Celtics,Increased,No,251.879999999999,,251.879999999999,,,,,,,,,,,,,,,,sanglier_2022,10.57745/BUJORT,282f5076857dd4f8ca38089a6d499909,Analyses!883,Inoculation!339,[1],0.44,,Events!4;Events!5;Events!6;Events!7;Events!8;Events!9,,False
LBE,2021-04-15T17:00:00,142,12,21,t0,IV.5,LBE_MBE,[1],2,1,No,No,Celtics,Increased,No,250.73,,250.73,,,,,,,,,,,,,,,,sanglier_2022,10.57745/BUJORT,282f5076857dd4f8ca38089a6d499909,Analyses!884,Inoculation!340,[1],0.44,,Events!4;Events!5;Events!6;Events!7;Events!8;Events!9,,False
LBE,2021-04-15T17:00:00,142,12,21,t0,IV.6,LBE_MBE,[1],3,1,No,No,Celtics,Increased,No,250.39,,250.39,,,,,,,,,,,,,,,,sanglier_2022,10.57745/BUJORT,282f5076857dd4f8ca38089a6d499909,Analyses!885,Inoculation!341,[1],0.44,,Events!4;Events!5;Events!6;Events!7;Events!8;Events!9,,False
LBE,2021-04-15T17:00:00,142,12,21,t0,IV.7,LBE_MBE,[2],1,2,No,No,Celtics,Increased,No,252.29,,252.29,,,,,,,,,,,,,,,,sanglier_2022,10.57745/BUJORT,282f5076857dd4f8ca38089a6d499909,Analyses!886,Inoculation!342,[2],0.87,,Events!4;Events!5;Events!6;Events!7;Events!8;Events!9,,False
LBE,2021-04-15T17:00:00,142,12,21,t0,IV.8,LBE_MBE,[2],2,2,No,No,Celtics,Increased,No,253.26,,253.26,,,,,,,,,,,,,,,,sanglier_2022,10.57745/BUJORT,282f5076857dd4f8ca38089a6d499909,Analyses!887,Inoculation!343,[2],0.87,,Events!4;Events!5;Events!6;Events!7;Events!8;Events!9,,False
LBE,2021-04-15T17:00:00,142,12,21,t0,IV.9,LBE_MBE,[2],3,2,No,No,Celtics,Increased,No,251.64,,251.64,,,,,,,,,,,,,,,,sanglier_2022,10.57745/BUJORT,282f5076857dd4f8ca38089a6d499909,Analyses!888,Inoculation!344,[2],0.87,,Events!4;Events!5;Events!6;Events!7;Events!8;Events!9,,False
LBE,2021-04-15T17:00:00,142,12,21,t0,IV.10,LBE_MBE,[1]+,1,1,No,No,Homemade,Low,No,251.269999999999,,251.269999999999,,,,,,,,,,,,,,,,sanglier_2022,10.57745/BUJORT,282f5076857dd4f8ca38089a6d499909,Analyses!889,Inoculation!345,[1]+,0.44,,Events!4;Events!5;Events!6;Events!7;Events!8;Events!9,,False
LBE,2021-04-15T17:00:00,142,12,21,t0,IV.11,LBE_MBE,[1]+,2,1,No,No,Homemade,Low,No,250.42,,250.42,,,,,,,,,,,,,,,,sanglier_2022,10.57745/BUJORT,282f5076857dd4f8ca38089a6d499909,Analyses!890,Inoculation!346,[1]+,0.44,,Events!4;Events!5;Events!6;Events!7;Events!8;Events!9,,False
LBE,2021-04-15T17:00:00,142,12,21,t0,IV.12,LBE_MBE,[1]+,3,1,No,No,Homemade,Low,No,250.54,,250.54,,,,,,,,,,,,,,,,sanglier_2022,10.57745/BUJORT,282f5076857dd4f8ca38089a6d499909,Analyses!891,Inoculation!347,[1]+,0.44,,Events!4;Events!5;Events!6;Events!7;Events!8;Events!9,,False
LBE,2021-04-15T17:00:00,142,12,21,t0,IV.13,LBE_MBE,[2]+,1,2,No,No,Homemade,Low,No,251.06,,251.06,,,,,,,,,,,,,,,,sanglier_2022,10.57745/BUJORT,282f5076857dd4f8ca38089a6d499909,Analyses!892,Inoculation!348,[2]+,0.87,,Events!4;Events!5;Events!6;Events!7;Events!8;Events!9,,False
LBE,2021-04-15T17:00:00,142,12,21,t0,IV.14,LBE_MBE,[2]+,2,2,No,No,Homemade,Low,No,250.709999999999,,250.709999999999,,,,,,,,,,,,,,,,sanglier_2022,10.57745/BUJORT,282f5076857dd4f8ca38089a6d499909,Analyses!893,Inoculation!349,[2]+,0.87,,Events!4;Events!5;Events!6;Events!7;Events!8;Events!9,,False
LBE,2021-04-15T17:00:00,142,12,21,t0,IV.15,LBE_MBE,[2]+,3,2,No,No,Homemade,Low,No,250.85,,250.85,,,,,,,,,,,,,,,,sanglier_2022,10.57745/BUJORT,282f5076857dd4f8ca38089a6d499909,Analyses!894,Inoculation!350,[2]+,0.87,,Events!4;Events!5;Events!6;Events!7;Events!8;Events!9,,False
LBE,2021-05-06T13:00:00,162.833333333328,12,21,tf,IV.1,LBE_MBE,[0],1,0,No,No,Celtics,Increased,No,250.38,,250.379999999999,8.47,3.76,,46,,,0.88,13.278,0.334,0,2.15,0,0,0,,sanglier_2022,10.57745/BUJORT,282f5076857dd4f8ca38089a6d499909,Analyses!895,Inoculation!336,[0],0,,Events!4;Events!5;Events!6;Events!7;Events!8;Events!9,,False
LBE,2021-05-06T13:00:00,162.833333333328,12,21,tf,IV.2,LBE_MBE,[0],2,0,No,No,Celtics,Increased,No,251.029999999999,,251.029999999999,6.1,4.94,,87.8,,,11.726,10.546,0.87,15.248,2.786,0.522,0,0.258,,sanglier_2022,10.57745/BUJORT,282f5076857dd4f8ca38089a6d499909,Analyses!896,Inoculation!337,[0],0,4.2602191706706725,Events!4;Events!5;Events!6;Events!7;Events!8;Events!9,,False
LBE,2021-05-06T13:00:00,162.833333333328,12,21,tf,IV.3,LBE_MBE,[0],3,0,No,No,Celtics,Increased,No,250.629999999999,,250.629999999999,5.47,4,,177.4,,,7.084,2.212,1.4,23.358,2.2,4.892,0,2.548,,sanglier_2022,10.57745/BUJORT,282f5076857dd4f8ca38089a6d499909,Analyses!897,Inoculation!338,[0],0,,Events!4;Events!5;Events!6;Events!7;Events!8;Events!9,,False
LBE,2021-05-06T13:00:00,162.833333333328,12,21,tf,IV.4,LBE_MBE,[1],1,1,No,No,Celtics,Increased,No,251.879999999999,,251.879999999999,8.42,4.7,,47.8,,,0.44,13.47,0.09,0,0,0,0,0,,sanglier_2022,10.57745/BUJORT,282f5076857dd4f8ca38089a6d499909,Analyses!898,Inoculation!339,[1],0.44,,Events!4;Events!5;Events!6;Events!7;Events!8;Events!9,,False
LBE,2021-05-06T13:00:00,162.833333333328,12,21,tf,IV.5,LBE_MBE,[1],2,1,No,No,Celtics,Increased,No,250.73,,250.73,8.4,4.82,,38,,,1.172,2.716,0,0,0,0,0,0,,sanglier_2022,10.57745/BUJORT,282f5076857dd4f8ca38089a6d499909,Analyses!899,Inoculation!340,[1],0.44,,Events!4;Events!5;Events!6;Events!7;Events!8;Events!9,,False
LBE,2021-05-06T13:00:00,162.833333333328,12,21,tf,IV.6,LBE_MBE,[1],3,1,No,No,Celtics,Increased,No,250.39,,250.39,8.23,4.54,,35.8,,,0.254,12.326,0.15,0,0,0,0,0,,sanglier_2022,10.57745/BUJORT,282f5076857dd4f8ca38089a6d499909,Analyses!900,Inoculation!341,[1],0.44,,Events!4;Events!5;Events!6;Events!7;Events!8;Events!9,,False
LBE,2021-05-06T13:00:00,162.833333333328,12,21,tf,IV.7,LBE_MBE,[2],1,2,No,No,Celtics,Increased,No,252.29,,252.29,8.26,4.48,,32.2,,,0.208,9.274,0.072,0,0,0,0,0,,sanglier_2022,10.57745/BUJORT,282f5076857dd4f8ca38089a6d499909,Analyses!901,Inoculation!342,[2],0.87,,Events!4;Events!5;Events!6;Events!7;Events!8;Events!9,,False
LBE,2021-05-06T13:00:00,162.833333333328,12,21,tf,IV.8,LBE_MBE,[2],2,2,No,No,Celtics,Increased,No,253.26,,253.26,8.42,5.22,,27.8,,,0.19,0,0,0,0,0,0,0,,sanglier_2022,10.57745/BUJORT,282f5076857dd4f8ca38089a6d499909,Analyses!902,Inoculation!343,[2],0.87,,Events!4;Events!5;Events!6;Events!7;Events!8;Events!9,,False
LBE,2021-05-06T13:00:00,162.833333333328,12,21,tf,IV.9,LBE_MBE,[2],3,2,No,No,Celtics,Increased,No,251.64,,251.64,8.42,4.32,,26.8,,,1.258,3.108,0.036,0,0,0,0,0,,sanglier_2022,10.57745/BUJORT,282f5076857dd4f8ca38089a6d499909,Analyses!903,Inoculation!344,[2],0.87,,Events!4;Events!5;Events!6;Events!7;Events!8;Events!9,,False
LBE,2021-05-06T13:00:00,162.833333333328,12,21,tf,IV.10,LBE_MBE,[1]+,1,1,No,No,Homemade,Low,No,251.269999999999,,251.269999999999,8.25,4.42,,36.4,,,0.262,11.224,0.206,0,1.05,0,0,0,,sanglier_2022,10.57745/BUJORT,282f5076857dd4f8ca38089a6d499909,Analyses!904,Inoculation!345,[1]+,0.44,,Events!4;Events!5;Events!6;Events!7;Events!8;Events!9,,False
LBE,2021-05-06T13:00:00,162.833333333328,12,21,tf,IV.11,LBE_MBE,[1]+,2,1,No,No,Homemade,Low,No,250.42,,250.42,8.2,4.38,,34.4,,,0.328,11.522,0.072,0,1.71,0,0,0,,sanglier_2022,10.57745/BUJORT,282f5076857dd4f8ca38089a6d499909,Analyses!905,Inoculation!346,[1]+,0.44,,Events!4;Events!5;Events!6;Events!7;Events!8;Events!9,,False
LBE,2021-05-06T13:00:00,162.833333333328,12,21,tf,IV.12,LBE_MBE,[1]+,3,1,No,No,Homemade,Low,No,250.54,,250.54,8.16,4.06,,31,,,0.224,11.052,0.374,0,1.226,0,0,0,,sanglier_2022,10.57745/BUJORT,282f5076857dd4f8ca38089a6d499909,Analyses!906,Inoculation!347,[1]+,0.44,,Events!4;Events!5;Events!6;Events!7;Events!8;Events!9,,False
LBE,2021-05-06T13:00:00,162.833333333328,12,21,tf,IV.13,LBE_MBE,[2]+,1,2,No,No,Homemade,Low,No,251.06,,251.06,8.16,4.42,,28.6,,,0.29,10.18,0.076,0,1.736,0,0,0,,sanglier_2022,10.57745/BUJORT,282f5076857dd4f8ca38089a6d499909,Analyses!907,Inoculation!348,[2]+,0.87,,Events!4;Events!5;Events!6;Events!7;Events!8;Events!9,,False
LBE,2021-05-06T13:00:00,162.833333333328,12,21,tf,IV.14,LBE_MBE,[2]+,2,2,No,No,Homemade,Low,No,250.709999999999,,250.709999999999,8.24,4.42,,25.8,,,0.538,10.608,0.916,0,0.058,0,0,0,,sanglier_2022,10.57745/BUJORT,282f5076857dd4f8ca38089a6d499909,Analyses!908,Inoculation!349,[2]+,0.87,,Events!4;Events!5;Events!6;Events!7;Events!8;Events!9,,False
LBE,2021-05-06T13:00:00,162.833333333328,12,21,tf,IV.15,LBE_MBE,[2]+,3,2,No,No,Homemade,Low,No,250.85,,250.85,8.21,4.16,,33.6,,,0.198,13.162,0.828,0,0,0,0,0,,sanglier_2022,10.57745/BUJORT,282f5076857dd4f8ca38089a6d499909,Analyses!909,Inoculation!350,[2]+,0.87,,Events!4;Events!5;Events!6;Events!7;Events!8;Events!9,,False
LBE,2021-05-06T18:30:00,163.0625,13,24,t0,IV.1,LBE_MBE,[0],1,0,No,No,Celtics,Increased,No,249.94,,249.94,,,,,,,,,,,,,,,,sanglier_2022,10.57745/BUJORT,282f5076857dd4f8ca38089a6d499909,Analyses!910,Inoculation!351,[0],0,,Events!4;Events!5;Events!6;Events!7;Events!8;Events!9,no_methane_for_bottle_batch,False
LBE,2021-05-06T18:30:00,163.0625,13,24,t0,IV.2,LBE_MBE,[0],2,0,No,No,Celtics,Increased,No,249.97,,249.97,,,,,,,,,,,,,,,,sanglier_2022,10.57745/BUJORT,282f5076857dd4f8ca38089a6d499909,Analyses!911,Inoculation!352,[0],0,4.385209317852608,Events!4;Events!5;Events!6;Events!7;Events!8;Events!9,no_methane_for_bottle_batch,False
LBE,2021-05-06T18:30:00,163.0625,13,24,t0,IV.3,LBE_MBE,[0],3,0,No,No,Celtics,Increased,No,250.66,,250.66,,,,,,,,,,,,,,,,sanglier_2022,10.57745/BUJORT,282f5076857dd4f8ca38089a6d499909,Analyses!912,Inoculation!353,[0],0,,Events!4;Events!5;Events!6;Events!7;Events!8;Events!9,no_methane_for_bottle_batch,False
LBE,2021-05-06T18:30:00,163.0625,13,24,t0,IV.4,LBE_MBE,[1],1,1,No,No,Celtics,Increased,No,251.64,,251.64,,,,,,,,,,,,,,,,sanglier_2022,10.57745/BUJORT,282f5076857dd4f8ca38089a6d499909,Analyses!913,Inoculation!354,[1],1.44,,Events!4;Events!5;Events!6;Events!7;Events!8;Events!9,no_methane_for_bottle_batch,False
LBE,2021-05-06T18:30:00,163.0625,13,24,t0,IV.5,LBE_MBE,[1],2,1,No,No,Celtics,Increased,No,252.64,,252.64,,,,,,,,,,,,,,,,sanglier_2022,10.57745/BUJORT,282f5076857dd4f8ca38089a6d499909,Analyses!914,Inoculation!355,[1],1.44,,Events!4;Events!5;Events!6;Events!7;Events!8;Events!9,no_methane_for_bottle_batch,False
LBE,2021-05-06T18:30:00,163.0625,13,24,t0,IV.6,LBE_MBE,[1],3,1,No,No,Celtics,Increased,No,252.27,,252.27,,,,,,,,,,,,,,,,sanglier_2022,10.57745/BUJORT,282f5076857dd4f8ca38089a6d499909,Analyses!915,Inoculation!356,[1],1.44,,Events!4;Events!5;Events!6;Events!7;Events!8;Events!9,no_methane_for_bottle_batch,False
LBE,2021-05-06T18:30:00,163.0625,13,24,t0,IV.7,LBE_MBE,[2],1,2,No,No,Celtics,Increased,No,257.359999999999,,257.359999999999,,,,,,,,,,,,,,,,sanglier_2022,10.57745/BUJORT,282f5076857dd4f8ca38089a6d499909,Analyses!916,Inoculation!357,[2],2.87,,Events!4;Events!5;Events!6;Events!7;Events!8;Events!9,no_methane_for_bottle_batch,False
LBE,2021-05-06T18:30:00,163.0625,13,24,t0,IV.8,LBE_MBE,[2],2,2,No,No,Celtics,Increased,No,253.04,,253.04,,,,,,,,,,,,,,,,sanglier_2022,10.57745/BUJORT,282f5076857dd4f8ca38089a6d499909,Analyses!917,Inoculation!358,[2],2.87,,Events!4;Events!5;Events!6;Events!7;Events!8;Events!9,no_methane_for_bottle_batch,False
LBE,2021-05-06T18:30:00,163.0625,13,24,t0,IV.9,LBE_MBE,[2],3,2,No,No,Celtics,Increased,No,253.33,,253.33,,,,,,,,,,,,,,,,sanglier_2022,10.57745/BUJORT,282f5076857dd4f8ca38089a6d499909,Analyses!918,Inoculation!359,[2],2.87,,Events!4;Events!5;Events!6;Events!7;Events!8;Events!9,no_methane_for_bottle_batch,False
LBE,2021-05-06T18:30:00,163.0625,13,24,t0,IV.10,LBE_MBE,[1]+,1,1,No,No,Homemade,Low,No,251.15,,251.15,,,,,,,,,,,,,,,,sanglier_2022,10.57745/BUJORT,282f5076857dd4f8ca38089a6d499909,Analyses!919,Inoculation!360,[1]+,1.44,,Events!4;Events!5;Events!6;Events!7;Events!8;Events!9,no_methane_for_bottle_batch,False
LBE,2021-05-06T18:30:00,163.0625,13,24,t0,IV.11,LBE_MBE,[1]+,2,1,No,No,Homemade,Low,No,250.1,,250.1,,,,,,,,,,,,,,,,sanglier_2022,10.57745/BUJORT,282f5076857dd4f8ca38089a6d499909,Analyses!920,Inoculation!361,[1]+,1.44,,Events!4;Events!5;Events!6;Events!7;Events!8;Events!9,no_methane_for_bottle_batch,False
LBE,2021-05-06T18:30:00,163.0625,13,24,t0,IV.12,LBE_MBE,[1]+,3,1,No,No,Homemade,Low,No,250.26,,250.26,,,,,,,,,,,,,,,,sanglier_2022,10.57745/BUJORT,282f5076857dd4f8ca38089a6d499909,Analyses!921,Inoculation!362,[1]+,1.44,,Events!4;Events!5;Events!6;Events!7;Events!8;Events!9,no_methane_for_bottle_batch,False
LBE,2021-05-06T18:30:00,163.0625,13,24,t0,IV.13,LBE_MBE,[2]+,1,2,No,No,Homemade,Low,No,252.78,,252.78,,,,,,,,,,,,,,,,sanglier_2022,10.57745/BUJORT,282f5076857dd4f8ca38089a6d499909,Analyses!922,Inoculation!363,[2]+,2.87,,Events!4;Events!5;Events!6;Events!7;Events!8;Events!9,no_methane_for_bottle_batch,False
LBE,2021-05-06T18:30:00,163.0625,13,24,t0,IV.14,LBE_MBE,[2]+,2,2,No,No,Homemade,Low,No,251.84,,251.84,,,,,,,,,,,,,,,,sanglier_2022,10.57745/BUJORT,282f5076857dd4f8ca38089a6d499909,Analyses!923,Inoculation!364,[2]+,2.87,,Events!4;Events!5;Events!6;Events!7;Events!8;Events!9,no_methane_for_bottle_batch,False
LBE,2021-05-06T18:30:00,163.0625,13,24,t0,IV.15,LBE_MBE,[2]+,3,2,No,No,Homemade,Low,No,251.93,,251.93,,,,,,,,,,,,,,,,sanglier_2022,10.57745/BUJORT,282f5076857dd4f8ca38089a6d499909,Analyses!924,Inoculation!365,[2]+,2.87,,Events!4;Events!5;Events!6;Events!7;Events!8;Events!9,no_methane_for_bottle_batch,False
