lab,batch_id,bottle_id,last_day,family,n_parameters,full_rmse,full_rmse_relative_to_final,full_aicc,full_at_bound,cut_days,extrapolation_rmse,final_relative_error,short_at_bound,best_aicc
BRL,14,II.10,27,first_order,2,12.7225,0.0244056,284.002,False,6.5,15.5305,-0.0447473,False,False
BRL,14,II.10,27,modified_gompertz,3,22.1534,0.042497,347.25,True,6.5,70.8384,-0.203608,False,False
BRL,14,II.10,27,logistic,3,26.5293,0.0508913,367.078,True,6.5,86.8951,-0.237001,False,False
BRL,14,II.10,27,two_pool_first_order,4,4.88624,0.00937329,183.306,True,6.5,15.5305,-0.0447473,True,True
BRL,14,II.10,27,gompertz_plus_linear,4,5.73662,0.0110046,200.956,True,6.5,264.004,0.883334,False,False
BRL,14,II.10,27,first_order,2,12.7225,0.0244056,284.002,False,9.5,24.0576,-0.0881288,False,False
BRL,14,II.10,27,modified_gompertz,3,22.1534,0.042497,347.25,True,9.5,56.8995,-0.164552,True,False
BRL,14,II.10,27,logistic,3,26.5293,0.0508913,367.078,True,9.5,65.0572,-0.181486,True,False
BRL,14,II.10,27,two_pool_first_order,4,4.88624,0.00937329,183.306,True,9.5,24.0576,-0.0881288,True,True
BRL,14,II.10,27,gompertz_plus_linear,4,5.73662,0.0110046,200.956,True,9.5,93.0949,0.307321,False,False
BRL,14,II.10,27,first_order,2,12.7225,0.0244056,284.002,False,12.5,29.2966,-0.0950314,False,False
BRL,14,II.10,27,modified_gompertz,3,22.1534,0.042497,347.25,True,12.5,50.7254,-0.142248,True,False
BRL,14,II.10,27,logistic,3,26.5293,0.0508913,367.078,True,12.5,56.3927,-0.153817,True,False
BRL,14,II.10,27,two_pool_first_order,4,4.88624,0.00937329,183.306,True,12.5,29.2966,-0.0950314,True,True
BRL,14,II.10,27,gompertz_plus_linear,4,5.73662,0.0110046,200.956,True,12.5,39.4199,0.128652,False,False
BRL,14,II.11,27,first_order,2,12.0092,0.0230709,277.655,False,6.5,42.0867,0.0488419,False,False
BRL,14,II.11,27,modified_gompertz,3,20.3872,0.0391659,338.11,True,6.5,64.3633,-0.186303,False,False
BRL,14,II.11,27,logistic,3,25.0789,0.0481792,360.893,True,6.5,84.2067,-0.228142,False,False
BRL,14,II.11,27,two_pool_first_order,4,7.1659,0.0137665,225.427,True,6.5,42.0867,0.0488419,True,False
BRL,14,II.11,27,gompertz_plus_linear,4,4.62138,0.00887817,177.176,False,6.5,224.539,0.76003,False,True
BRL,14,II.11,27,first_order,2,12.0092,0.0230709,277.655,False,9.5,15.7088,-0.0580333,False,False
BRL,14,II.11,27,modified_gompertz,3,20.3872,0.0391659,338.11,True,9.5,53.8636,-0.154392,False,False
BRL,14,II.11,27,logistic,3,25.0789,0.0481792,360.893,True,9.5,64.3064,-0.176255,False,False
BRL,14,II.11,27,two_pool_first_order,4,7.1659,0.0137665,225.427,True,9.5,15.7088,-0.0580333,True,False
BRL,14,II.11,27,gompertz_plus_linear,4,4.62138,0.00887817,177.176,False,9.5,62.4586,0.215066,False,True
BRL,14,II.11,27,first_order,2,12.0092,0.0230709,277.655,False,12.5,23.7887,-0.0779058,False,False
BRL,14,II.11,27,modified_gompertz,3,20.3872,0.0391659,338.11,True,12.5,48.4471,-0.133719,True,False
BRL,14,II.11,27,logistic,3,25.0789,0.0481792,360.893,True,12.5,55.1659,-0.147522,True,False
BRL,14,II.11,27,two_pool_first_order,4,7.1659,0.0137665,225.427,True,12.5,23.7887,-0.0779058,True,False
BRL,14,II.11,27,gompertz_plus_linear,4,4.62138,0.00887817,177.176,False,12.5,28.6325,0.0999672,False,True
BRL,14,II.12,27,first_order,2,10.2978,0.0197208,260.743,False,6.5,17.9508,-0.0148386,False,False
BRL,14,II.12,27,modified_gompertz,3,20.2156,0.038714,337.181,True,6.5,74.2895,-0.210535,True,False
BRL,14,II.12,27,logistic,3,24.8765,0.0476398,360.002,True,6.5,93.3011,-0.249956,False,False
BRL,14,II.12,27,two_pool_first_order,4,4.87226,0.00933064,182.991,True,6.5,17.9508,-0.0148386,True,True
BRL,14,II.12,27,gompertz_plus_linear,4,6.36497,0.0121893,212.389,True,6.5,316.021,1.05842,False,False
BRL,14,II.12,27,first_order,2,10.2978,0.0197208,260.743,False,9.5,14.6791,-0.0601152,False,False
BRL,14,II.12,27,modified_gompertz,3,20.2156,0.038714,337.181,True,9.5,54.3266,-0.15917,True,False
BRL,14,II.12,27,logistic,3,24.8765,0.0476398,360.002,True,9.5,64.0872,-0.179546,True,False
BRL,14,II.12,27,two_pool_first_order,4,4.87226,0.00933064,182.991,True,9.5,14.6791,-0.0601152,True,True
BRL,14,II.12,27,gompertz_plus_linear,4,6.36497,0.0121893,212.389,True,9.5,125.666,0.410434,False,False
BRL,14,II.12,27,first_order,2,10.2978,0.0197208,260.743,False,12.5,21.339,-0.0760595,False,False
BRL,14,II.12,27,modified_gompertz,3,20.2156,0.038714,337.181,True,12.5,47.2065,-0.13532,True,False
BRL,14,II.12,27,logistic,3,24.8765,0.0476398,360.002,True,12.5,53.7882,-0.148856,True,False
BRL,14,II.12,27,two_pool_first_order,4,4.87226,0.00933064,182.991,True,12.5,21.339,-0.0760595,True,True
BRL,14,II.12,27,gompertz_plus_linear,4,6.36497,0.0121893,212.389,True,12.5,49.6972,0.158522,True,False
BRL,14,II.13,27.71,first_order,2,10.8005,0.020646,275.496,False,6.5,13.0277,-0.0426451,False,False
BRL,14,II.13,27.71,modified_gompertz,3,21.5186,0.0411345,356.31,True,6.5,82.3796,-0.227876,True,False
BRL,14,II.13,27.71,logistic,3,26.2067,0.0500961,378.779,True,6.5,101.263,-0.266821,False,False
BRL,14,II.13,27.71,two_pool_first_order,4,3.96623,0.00758175,165.84,True,6.5,13.0277,-0.0426452,True,True
BRL,14,II.13,27.71,gompertz_plus_linear,4,6.54926,0.0125194,223.015,True,6.5,266.643,0.890886,False,False
BRL,14,II.13,27.71,first_order,2,10.8005,0.020646,275.496,False,9.5,20.3178,-0.0776869,False,False
BRL,14,II.13,27.71,modified_gompertz,3,21.5186,0.0411345,356.31,True,9.5,61.8874,-0.175086,True,False
BRL,14,II.13,27.71,logistic,3,26.2067,0.0500961,378.779,True,9.5,71.8089,-0.195578,True,False
BRL,14,II.13,27.71,two_pool_first_order,4,3.96623,0.00758175,165.84,True,9.5,20.3178,-0.0776869,True,True
BRL,14,II.13,27.71,gompertz_plus_linear,4,6.54926,0.0125194,223.015,True,9.5,124.417,0.405552,False,False
BRL,14,II.13,27.71,first_order,2,10.8005,0.020646,275.496,False,12.5,25.1493,-0.0850614,False,False
BRL,14,II.13,27.71,modified_gompertz,3,21.5186,0.0411345,356.31,True,12.5,52.3634,-0.14615,True,False
BRL,14,II.13,27.71,logistic,3,26.2067,0.0500961,378.779,True,12.5,59.2698,-0.160244,True,False
BRL,14,II.13,27.71,two_pool_first_order,4,3.96623,0.00758175,165.84,True,12.5,25.1493,-0.0850614,True,True
BRL,14,II.13,27.71,gompertz_plus_linear,4,6.54926,0.0125194,223.015,True,12.5,61.6467,0.195055,True,False
BRL,14,II.14,27.71,first_order,2,10.2953,0.0191178,270.034,False,6.5,28.4981,-0.095296,False,False
BRL,14,II.14,27.71,modified_gompertz,3,23.4951,0.0436292,366.327,True,6.5,103.287,-0.260685,True,False
BRL,14,II.14,27.71,logistic,3,28.4841,0.0528934,388.278,True,6.5,120.137,-0.294209,False,False
BRL,14,II.14,27.71,two_pool_first_order,4,2.82988,0.00525493,127.356,False,6.5,28.4981,-0.095296,True,True
BRL,14,II.14,27.71,gompertz_plus_linear,4,9.31407,0.0172957,263.163,True,6.5,278.626,0.92142,False,False
BRL,14,II.14,27.71,first_order,2,10.2953,0.0191178,270.034,False,9.5,28.5314,-0.0902533,False,False
BRL,14,II.14,27.71,modified_gompertz,3,23.4951,0.0436292,366.327,True,9.5,73.9567,-0.190244,True,False
BRL,14,II.14,27.71,logistic,3,28.4841,0.0528934,388.278,True,9.5,84.0675,-0.210406,True,False
BRL,14,II.14,27.71,two_pool_first_order,4,2.82988,0.00525493,127.356,False,9.5,28.5314,-0.0902532,False,True
BRL,14,II.14,27.71,gompertz_plus_linear,4,9.31407,0.0172957,263.163,True,9.5,162.525,0.523515,False,False
BRL,14,II.14,27.71,first_order,2,10.2953,0.0191178,270.034,False,12.5,29.4951,-0.0866259,False,False
BRL,14,II.14,27.71,modified_gompertz,3,23.4951,0.0436292,366.327,True,12.5,60.2538,-0.152735,True,False
BRL,14,II.14,27.71,logistic,3,28.4841,0.0528934,388.278,True,12.5,67.53,-0.16707,True,False
BRL,14,II.14,27.71,two_pool_first_order,4,2.82988,0.00525493,127.356,False,12.5,19.757,-0.0561837,True,True
BRL,14,II.14,27.71,gompertz_plus_linear,4,9.31407,0.0172957,263.163,True,12.5,86.7609,0.27414,True,False
BRL,14,II.15,27.71,first_order,2,9.83439,0.0191072,264.813,False,6.5,12.6874,-0.0257922,False,False
BRL,14,II.15,27.71,modified_gompertz,3,20.3879,0.0396116,350.156,True,6.5,85.7319,-0.232063,False,False
BRL,14,II.15,27.71,logistic,3,25.3114,0.0491774,374.816,True,6.5,104.169,-0.270442,False,False
BRL,14,II.15,27.71,two_pool_first_order,4,4.50403,0.00875086,180.336,True,6.5,12.6874,-0.0257922,True,True
BRL,14,II.15,27.71,gompertz_plus_linear,4,6.50582,0.0126401,222.257,True,6.5,227.341,0.785244,False,False
BRL,14,II.15,27.71,first_order,2,9.83439,0.0191072,264.813,False,9.5,15.7483,-0.0604748,False,False
BRL,14,II.15,27.71,modified_gompertz,3,20.3879,0.0396116,350.156,True,9.5,59.728,-0.167194,True,False
BRL,14,II.15,27.71,logistic,3,25.3114,0.0491774,374.816,True,9.5,70.3778,-0.189536,True,False
BRL,14,II.15,27.71,two_pool_first_order,4,4.50403,0.00875086,180.336,True,9.5,15.7483,-0.0604748,True,True
BRL,14,II.15,27.71,gompertz_plus_linear,4,6.50582,0.0126401,222.257,True,9.5,135.243,0.451542,False,False
BRL,14,II.15,27.71,first_order,2,9.83439,0.0191072,264.813,False,12.5,21.5402,-0.072375,False,False
BRL,14,II.15,27.71,modified_gompertz,3,20.3879,0.0396116,350.156,True,12.5,50.1614,-0.138081,True,False
BRL,14,II.15,27.71,logistic,3,25.3114,0.0491774,374.816,True,12.5,57.4585,-0.153203,True,False
BRL,14,II.15,27.71,two_pool_first_order,4,4.50403,0.00875086,180.336,True,12.5,21.5402,-0.072375,True,True
BRL,14,II.15,27.71,gompertz_plus_linear,4,6.50582,0.0126401,222.257,True,12.5,65.0526,0.213006,False,False
BRL,14,II.4,27.5,first_order,2,8.13071,0.0746492,238.939,False,6.5,19.2409,-0.257521,False,False
BRL,14,II.4,27.5,modified_gompertz,3,9.64943,0.0885928,260.354,True,6.5,21.5448,-0.280871,True,False
BRL,14,II.4,27.5,logistic,3,10.0337,0.0921204,264.727,True,6.5,22.026,-0.285677,True,False
BRL,14,II.4,27.5,two_pool_first_order,4,2.102,0.0192988,91.9881,False,6.5,12.938,-0.188416,False,True
BRL,14,II.4,27.5,gompertz_plus_linear,4,3.07084,0.0281938,134.443,True,6.5,52.057,0.820768,False,False
BRL,14,II.4,27.5,first_order,2,8.13071,0.0746492,238.939,False,9.5,17.496,-0.225854,False,False
BRL,14,II.4,27.5,modified_gompertz,3,9.64943,0.0885928,260.354,True,9.5,19.202,-0.243155,True,False
BRL,14,II.4,27.5,logistic,3,10.0337,0.0921204,264.727,True,9.5,19.5675,-0.246819,True,False
BRL,14,II.4,27.5,two_pool_first_order,4,2.102,0.0192988,91.9881,False,9.5,13.6496,-0.184821,False,True
BRL,14,II.4,27.5,gompertz_plus_linear,4,3.07084,0.0281938,134.443,True,9.5,22.3832,0.356083,True,False
BRL,14,II.4,27.5,first_order,2,8.13071,0.0746492,238.939,False,12.5,17.7343,-0.212571,False,False
BRL,14,II.4,27.5,modified_gompertz,3,9.64943,0.0885928,260.354,True,12.5,19.0797,-0.225668,True,False
BRL,14,II.4,27.5,logistic,3,10.0337,0.0921204,264.727,True,12.5,19.3726,-0.228503,True,False
BRL,14,II.4,27.5,two_pool_first_order,4,2.102,0.0192988,91.9881,False,12.5,15.1504,-0.186832,False,True
BRL,14,II.4,27.5,gompertz_plus_linear,4,3.07084,0.0281938,134.443,True,12.5,5.64019,0.109173,True,False
BRL,14,II.5,27.5,first_order,2,28.2434,0.0391709,378.403,True,6.5,155.698,-0.406943,False,False
BRL,14,II.5,27.5,modified_gompertz,3,24.5528,0.0340524,364.954,False,6.5,254.063,-0.620818,True,False
BRL,14,II.5,27.5,logistic,3,26.424,0.0366475,373.18,False,6.5,281.264,-0.669137,False,False
BRL,14,II.5,27.5,two_pool_first_order,4,27.2267,0.0377607,378.854,True,6.5,63.4997,0.0950987,True,False
BRL,14,II.5,27.5,gompertz_plus_linear,4,23.4997,0.0325917,362.367,False,6.5,201.682,-0.488392,True,True
BRL,14,II.5,27.5,first_order,2,28.2434,0.0391709,378.403,True,9.5,199.606,-0.473205,False,False
BRL,14,II.5,27.5,modified_gompertz,3,24.5528,0.0340524,364.954,False,9.5,262.974,-0.601467,True,False
BRL,14,II.5,27.5,logistic,3,26.424,0.0366475,373.18,False,9.5,278.441,-0.628157,False,False
BRL,14,II.5,27.5,two_pool_first_order,4,27.2267,0.0377607,378.854,True,9.5,199.606,-0.473205,True,False
BRL,14,II.5,27.5,gompertz_plus_linear,4,23.4997,0.0325917,362.367,False,9.5,159.204,-0.348223,True,True
BRL,14,II.5,27.5,first_order,2,28.2434,0.0391709,378.403,True,12.5,185.869,-0.409037,False,False
BRL,14,II.5,27.5,modified_gompertz,3,24.5528,0.0340524,364.954,False,12.5,243.328,-0.528575,True,False
BRL,14,II.5,27.5,logistic,3,26.424,0.0366475,373.18,False,12.5,257.402,-0.553639,True,False
BRL,14,II.5,27.5,two_pool_first_order,4,27.2267,0.0377607,378.854,True,12.5,108.867,-0.212535,True,False
BRL,14,II.5,27.5,gompertz_plus_linear,4,23.4997,0.0325917,362.367,False,12.5,90.4758,-0.163568,True,True
BRL,14,II.6,27.5,first_order,2,29.6962,0.0392116,384.02,False,6.5,133.159,-0.195439,False,False
BRL,14,II.6,27.5,modified_gompertz,3,18.5087,0.0244394,333.305,False,6.5,310.64,-0.53113,False,True
BRL,14,II.6,27.5,logistic,3,18.7559,0.0247658,334.791,False,6.5,344.079,-0.580771,False,False
BRL,14,II.6,27.5,two_pool_first_order,4,29.6962,0.0392116,388.578,True,6.5,133.159,-0.195439,True,False
BRL,14,II.6,27.5,gompertz_plus_linear,4,18.5087,0.0244394,335.628,True,6.5,89.1796,0.283994,True,False
BRL,14,II.6,27.5,first_order,2,29.6962,0.0392116,384.02,False,9.5,129.413,-0.165787,False,False
BRL,14,II.6,27.5,modified_gompertz,3,18.5087,0.0244394,333.305,False,9.5,252.553,-0.412587,True,True
BRL,14,II.6,27.5,logistic,3,18.7559,0.0247658,334.791,False,9.5,285.025,-0.462521,False,False
BRL,14,II.6,27.5,two_pool_first_order,4,29.6962,0.0392116,388.578,True,9.5,67.9539,0.114816,True,False
BRL,14,II.6,27.5,gompertz_plus_linear,4,18.5087,0.0244394,335.628,True,9.5,101.784,0.302562,True,False
BRL,14,II.6,27.5,first_order,2,29.6962,0.0392116,384.02,False,12.5,147.847,0.370707,False,False
BRL,14,II.6,27.5,modified_gompertz,3,18.5087,0.0244394,333.305,False,12.5,40.6253,0.0923231,True,True
BRL,14,II.6,27.5,logistic,3,18.7559,0.0247658,334.791,False,12.5,46.387,-0.0819626,False,False
BRL,14,II.6,27.5,two_pool_first_order,4,29.6962,0.0392116,388.578,True,12.5,166.607,0.422091,True,False
BRL,14,II.6,27.5,gompertz_plus_linear,4,18.5087,0.0244394,335.628,True,12.5,229.755,0.57909,True,False
BRL,14,II.7,27,first_order,2,10.3646,0.020738,261.454,False,6.5,15.7415,-0.0157338,False,False
BRL,14,II.7,27,modified_gompertz,3,20.6813,0.0413801,339.686,True,6.5,77.52,-0.218548,False,False
BRL,14,II.7,27,logistic,3,25.5988,0.0512194,363.151,True,6.5,94.4013,-0.25497,False,False
BRL,14,II.7,27,two_pool_first_order,4,5.3616,0.0107277,193.519,True,6.5,15.7415,-0.0157338,True,True
BRL,14,II.7,27,gompertz_plus_linear,4,6.55402,0.0131136,215.609,True,6.5,156.855,0.574491,False,False
BRL,14,II.7,27,first_order,2,10.3646,0.020738,261.454,False,9.5,21.6464,-0.0780101,False,False
BRL,14,II.7,27,modified_gompertz,3,20.6813,0.0413801,339.686,True,9.5,60.5064,-0.170627,False,False
BRL,14,II.7,27,logistic,3,25.5988,0.0512194,363.151,True,9.5,70.7079,-0.192459,False,False
BRL,14,II.7,27,two_pool_first_order,4,5.3616,0.0107277,193.519,True,9.5,21.6464,-0.0780101,True,True
BRL,14,II.7,27,gompertz_plus_linear,4,6.55402,0.0131136,215.609,True,9.5,81.3058,0.294992,False,False
BRL,14,II.7,27,first_order,2,10.3646,0.020738,261.454,False,12.5,26.5848,-0.08469,False,False
BRL,14,II.7,27,modified_gompertz,3,20.6813,0.0413801,339.686,True,12.5,52.1741,-0.142785,True,False
BRL,14,II.7,27,logistic,3,25.5988,0.0512194,363.151,True,12.5,58.9716,-0.15704,True,False
BRL,14,II.7,27,two_pool_first_order,4,5.3616,0.0107277,193.519,True,12.5,26.5848,-0.08469,True,True
BRL,14,II.7,27,gompertz_plus_linear,4,6.55402,0.0131136,215.609,True,12.5,47.2167,0.168502,False,False
BRL,14,II.8,27,first_order,2,13.0428,0.0252756,286.737,False,6.5,16.3396,-0.0680632,False,False
BRL,14,II.8,27,modified_gompertz,3,23.0408,0.0446506,351.57,True,6.5,75.6975,-0.222719,False,False
BRL,14,II.8,27,logistic,3,27.4266,0.0531499,370.737,True,6.5,91.067,-0.255002,False,False
BRL,14,II.8,27,two_pool_first_order,4,4.29085,0.00831522,169.013,True,6.5,16.3396,-0.0680632,True,True
BRL,14,II.8,27,gompertz_plus_linear,4,5.85342,0.0113433,203.173,True,6.5,238.804,0.808172,False,False
BRL,14,II.8,27,first_order,2,13.0428,0.0252756,286.737,False,9.5,28.3341,-0.10555,False,False
BRL,14,II.8,27,modified_gompertz,3,23.0408,0.0446506,351.57,True,9.5,61.3204,-0.18169,True,False
BRL,14,II.8,27,logistic,3,27.4266,0.0531499,370.737,True,9.5,69.3703,-0.198512,True,False
BRL,14,II.8,27,two_pool_first_order,4,4.29085,0.00831522,169.013,True,9.5,28.3341,-0.10555,True,True
BRL,14,II.8,27,gompertz_plus_linear,4,5.85342,0.0113433,203.173,True,9.5,91.7311,0.304325,False,False
BRL,14,II.8,27,first_order,2,13.0428,0.0252756,286.737,False,12.5,31.8372,-0.107204,False,False
BRL,14,II.8,27,modified_gompertz,3,23.0408,0.0446506,351.57,True,12.5,53.7848,-0.155857,True,False
BRL,14,II.8,27,logistic,3,27.4266,0.0531499,370.737,True,12.5,59.5293,-0.167679,True,False
BRL,14,II.8,27,two_pool_first_order,4,4.29085,0.00831522,169.013,True,12.5,31.8372,-0.107204,True,True
BRL,14,II.8,27,gompertz_plus_linear,4,5.85342,0.0113433,203.173,True,12.5,44.6791,0.143154,False,False
BRL,14,II.9,27,first_order,2,10.1084,0.0193626,258.702,False,6.5,14.8838,-0.0249554,False,False
BRL,14,II.9,27,modified_gompertz,3,20.5746,0.0394104,339.117,True,6.5,79.1288,-0.222572,True,False
BRL,14,II.9,27,logistic,3,25.3223,0.0485045,361.956,True,6.5,98.4892,-0.262689,False,False
BRL,14,II.9,27,two_pool_first_order,4,4.54292,0.0087019,175.293,True,6.5,14.8838,-0.0249554,False,True
BRL,14,II.9,27,gompertz_plus_linear,4,6.54744,0.0125415,215.498,True,6.5,306.235,1.03045,False,False
BRL,14,II.9,27,first_order,2,10.1084,0.0193626,258.702,False,9.5,15.1171,-0.0627252,False,False
BRL,14,II.9,27,modified_gompertz,3,20.5746,0.0394104,339.117,True,9.5,56.7851,-0.165778,True,False
BRL,14,II.9,27,logistic,3,25.3223,0.0485045,361.956,True,9.5,66.8255,-0.186756,True,False
BRL,14,II.9,27,two_pool_first_order,4,4.54292,0.0087019,175.293,True,9.5,15.1171,-0.0627252,True,True
BRL,14,II.9,27,gompertz_plus_linear,4,6.54744,0.0125415,215.498,True,9.5,129.515,0.424514,False,False
BRL,14,II.9,27,first_order,2,10.1084,0.0193626,258.702,False,12.5,22.2329,-0.0790298,False,False
BRL,14,II.9,27,modified_gompertz,3,20.5746,0.0394104,339.117,True,12.5,49.3565,-0.140873,True,False
BRL,14,II.9,27,logistic,3,25.3223,0.0485045,361.956,True,12.5,56.1499,-0.154823,True,False
BRL,14,II.9,27,two_pool_first_order,4,4.54292,0.0087019,175.293,True,12.5,22.2329,-0.0790298,True,True
BRL,14,II.9,27,gompertz_plus_linear,4,6.54744,0.0125415,215.498,True,12.5,51.1677,0.164338,True,False
LBE,1,IV.1,13.6667,first_order,2,15.3005,0.0435487,162.679,True,6.5,118.937,-0.53969,False,False
LBE,1,IV.1,13.6667,modified_gompertz,3,7.42251,0.0211262,123.222,False,6.5,134.247,-0.603005,True,True
LBE,1,IV.1,13.6667,logistic,3,8.10574,0.0230708,128.329,False,6.5,134.536,-0.605431,True,False
LBE,1,IV.1,13.6667,two_pool_first_order,4,14.5039,0.0412815,164.783,True,6.5,65.9039,-0.294531,True,False
LBE,1,IV.1,13.6667,gompertz_plus_linear,4,13.8017,0.0392828,161.905,True,6.5,62.9374,-0.280221,False,False
LBE,1,IV.1,13.6667,first_order,2,15.3005,0.0435487,162.679,True,9.5,49.6232,-0.188686,False,False
LBE,1,IV.1,13.6667,modified_gompertz,3,7.42251,0.0211262,123.222,False,9.5,29.3814,-0.111588,False,True
LBE,1,IV.1,13.6667,logistic,3,8.10574,0.0230708,128.329,False,9.5,42.5021,-0.177417,False,False
LBE,1,IV.1,13.6667,two_pool_first_order,4,14.5039,0.0412815,164.783,True,9.5,50.2243,-0.185679,True,False
LBE,1,IV.1,13.6667,gompertz_plus_linear,4,13.8017,0.0392828,161.905,True,9.5,46.9839,-0.172148,False,False
LBE,1,IV.1,13.6667,first_order,2,15.3005,0.0435487,162.679,True,12.5,28.9342,-0.0839551,True,False
LBE,1,IV.1,13.6667,modified_gompertz,3,7.42251,0.0211262,123.222,False,12.5,5.53947,0.0217204,False,True
LBE,1,IV.1,13.6667,logistic,3,8.10574,0.0230708,128.329,False,12.5,1.43621,-0.00131495,False,False
LBE,1,IV.1,13.6667,two_pool_first_order,4,14.5039,0.0412815,164.783,True,12.5,28.9342,-0.0839551,True,False
LBE,1,IV.1,13.6667,gompertz_plus_linear,4,13.8017,0.0392828,161.905,True,12.5,24.6163,-0.0705268,False,False
LBE,1,IV.10,13.6667,first_order,2,13.9259,0.0350593,157.219,True,6.5,121.026,-0.460412,False,False
LBE,1,IV.10,13.6667,modified_gompertz,3,7.97994,0.02009,127.422,False,6.5,43.4722,-0.169001,True,True
LBE,1,IV.10,13.6667,logistic,3,8.4748,0.0213359,130.912,False,6.5,133.989,-0.521041,True,False
LBE,1,IV.10,13.6667,two_pool_first_order,4,13.9259,0.0350593,162.424,True,6.5,66.049,-0.230657,True,False
LBE,1,IV.10,13.6667,gompertz_plus_linear,4,12.0838,0.0304218,154.195,False,6.5,62.3396,-0.214053,False,False
LBE,1,IV.10,13.6667,first_order,2,13.9259,0.0350593,157.219,True,9.5,31.1996,-0.0811804,True,False
LBE,1,IV.10,13.6667,modified_gompertz,3,7.97994,0.02009,127.422,False,9.5,8.27759,-0.000949698,False,True
LBE,1,IV.10,13.6667,logistic,3,8.4748,0.0213359,130.912,False,9.5,26.6514,-0.0912914,False,False
LBE,1,IV.10,13.6667,two_pool_first_order,4,13.9259,0.0350593,162.424,True,9.5,27.4162,-0.0672019,True,False
LBE,1,IV.10,13.6667,gompertz_plus_linear,4,12.0838,0.0304218,154.195,False,9.5,16.5825,0.0833219,True,False
LBE,1,IV.10,13.6667,first_order,2,13.9259,0.0350593,157.219,True,12.5,15.3376,-0.0339863,True,False
LBE,1,IV.10,13.6667,modified_gompertz,3,7.97994,0.02009,127.422,False,12.5,13.0288,0.0407926,False,True
LBE,1,IV.10,13.6667,logistic,3,8.4748,0.0213359,130.912,False,12.5,2.26711,0.00816195,False,False
LBE,1,IV.10,13.6667,two_pool_first_order,4,13.9259,0.0350593,162.424,True,12.5,11.5419,-0.0233927,True,False
LBE,1,IV.10,13.6667,gompertz_plus_linear,4,12.0838,0.0304218,154.195,False,12.5,9.54892,-0.0175637,False,False
LBE,1,IV.11,13.6667,first_order,2,13.8829,0.0347825,157.04,True,6.5,120.328,-0.451543,False,False
LBE,1,IV.11,13.6667,modified_gompertz,3,8.07836,0.0202397,128.133,False,6.5,44.1805,-0.167481,True,True
LBE,1,IV.11,13.6667,logistic,3,8.50431,0.0213069,131.113,False,6.5,131.375,-0.506923,True,False
LBE,1,IV.11,13.6667,two_pool_first_order,4,13.8829,0.0347825,162.245,True,6.5,65.8152,-0.224179,True,False
LBE,1,IV.11,13.6667,gompertz_plus_linear,4,12.2529,0.0306986,155.001,True,6.5,62.0291,-0.207252,False,False
LBE,1,IV.11,13.6667,first_order,2,13.8829,0.0347825,157.04,True,9.5,30.885,-0.0757053,True,False
LBE,1,IV.11,13.6667,modified_gompertz,3,8.07836,0.0202397,128.133,False,9.5,7.63444,0.00799895,False,True
LBE,1,IV.11,13.6667,logistic,3,8.50431,0.0213069,131.113,False,9.5,25.5839,-0.0842803,False,False
LBE,1,IV.11,13.6667,two_pool_first_order,4,13.8829,0.0347825,162.245,True,9.5,27.04,-0.0614674,True,False
LBE,1,IV.11,13.6667,gompertz_plus_linear,4,12.2529,0.0306986,155.001,True,9.5,18.64,0.0937437,True,False
LBE,1,IV.11,13.6667,first_order,2,13.8829,0.0347825,157.04,True,12.5,14.0763,-0.028448,True,False
LBE,1,IV.11,13.6667,modified_gompertz,3,8.07836,0.0202397,128.133,False,12.5,14.1417,0.0450244,False,True
LBE,1,IV.11,13.6667,logistic,3,8.50431,0.0213069,131.113,False,12.5,3.13475,0.0117341,False,False
LBE,1,IV.11,13.6667,two_pool_first_order,4,13.8829,0.0347825,162.245,True,12.5,10.2517,-0.0176693,True,False
LBE,1,IV.11,13.6667,gompertz_plus_linear,4,12.2529,0.0306986,155.001,True,12.5,5.46884,0.0195457,False,False
LBE,1,IV.12,13.6667,first_order,2,14.8367,0.0370625,160.894,True,6.5,124.72,-0.47579,False,False
LBE,1,IV.12,13.6667,modified_gompertz,3,8.03302,0.0200667,127.807,False,6.5,45.2571,-0.178625,True,True
LBE,1,IV.12,13.6667,logistic,3,8.57217,0.0214135,131.574,False,6.5,139.907,-0.541559,True,False
LBE,1,IV.12,13.6667,two_pool_first_order,4,13.7663,0.0343887,161.756,True,6.5,68.9785,-0.245504,True,False
LBE,1,IV.12,13.6667,gompertz_plus_linear,4,13.052,0.0326044,158.665,True,6.5,65.2747,-0.229183,False,False
LBE,1,IV.12,13.6667,first_order,2,14.8367,0.0370625,160.894,True,9.5,34.6247,-0.095597,True,False
LBE,1,IV.12,13.6667,modified_gompertz,3,8.03302,0.0200667,127.807,False,9.5,10.7298,-0.0143916,False,True
LBE,1,IV.12,13.6667,logistic,3,8.57217,0.0214135,131.574,False,9.5,29.1643,-0.101025,False,False
LBE,1,IV.12,13.6667,two_pool_first_order,4,13.7663,0.0343887,161.756,True,9.5,30.8658,-0.0819644,True,False
LBE,1,IV.12,13.6667,gompertz_plus_linear,4,13.052,0.0326044,158.665,True,9.5,12.9624,0.0645481,True,False
LBE,1,IV.12,13.6667,first_order,2,14.8367,0.0370625,160.894,True,12.5,19.4582,-0.0453619,True,False
LBE,1,IV.12,13.6667,modified_gompertz,3,8.03302,0.0200667,127.807,False,12.5,12.1486,0.0380093,False,True
LBE,1,IV.12,13.6667,logistic,3,8.57217,0.0214135,131.574,False,12.5,1.7267,0.00641885,False,False
LBE,1,IV.12,13.6667,two_pool_first_order,4,13.7663,0.0343887,161.756,True,12.5,19.4582,-0.0453619,True,False
LBE,1,IV.12,13.6667,gompertz_plus_linear,4,13.052,0.0326044,158.665,True,12.5,13.2639,-0.028231,False,False
LBE,1,IV.13,13.6667,first_order,2,12.3503,0.0318627,150.255,True,6.5,112.183,-0.41461,False,False
LBE,1,IV.13,13.6667,modified_gompertz,3,8.19411,0.0211401,128.958,False,6.5,44.4249,-0.15835,True,False
LBE,1,IV.13,13.6667,logistic,3,8.17051,0.0210792,128.791,False,6.5,120.374,-0.465742,True,True
LBE,1,IV.13,13.6667,two_pool_first_order,4,12.3503,0.0318627,155.46,True,6.5,61.5657,-0.193876,True,False
LBE,1,IV.13,13.6667,gompertz_plus_linear,4,11.24,0.0289983,149.997,True,6.5,57.7647,-0.175988,False,False
LBE,1,IV.13,13.6667,first_order,2,12.3503,0.0318627,150.255,True,9.5,23.3581,-0.0376748,True,False
LBE,1,IV.13,13.6667,modified_gompertz,3,8.19411,0.0211401,128.958,False,9.5,14.2867,0.0737197,False,False
LBE,1,IV.13,13.6667,logistic,3,8.17051,0.0210792,128.791,False,9.5,12.5182,-0.0332499,False,True
LBE,1,IV.13,13.6667,two_pool_first_order,4,12.3503,0.0318627,155.46,True,9.5,19.7477,-0.0225856,True,False
LBE,1,IV.13,13.6667,gompertz_plus_linear,4,11.24,0.0289983,149.997,True,9.5,35.1852,0.168886,True,False
LBE,1,IV.13,13.6667,first_order,2,12.3503,0.0318627,150.255,True,12.5,4.46931,0.00354908,True,False
LBE,1,IV.13,13.6667,modified_gompertz,3,8.19411,0.0211401,128.958,False,12.5,17.8845,0.057247,False,False
LBE,1,IV.13,13.6667,logistic,3,8.17051,0.0210792,128.791,False,12.5,5.61588,0.0196464,False,True
LBE,1,IV.13,13.6667,two_pool_first_order,4,12.3503,0.0318627,155.46,True,12.5,4.15774,0.0146663,True,False
LBE,1,IV.13,13.6667,gompertz_plus_linear,4,11.24,0.0289983,149.997,True,12.5,12.0235,0.0403711,False,False
LBE,1,IV.14,13.6667,first_order,2,13.1712,0.0335936,153.987,True,6.5,113.973,-0.426097,False,False
LBE,1,IV.14,13.6667,modified_gompertz,3,7.93477,0.020238,127.093,False,6.5,48.1056,-0.179922,True,True
LBE,1,IV.14,13.6667,logistic,3,8.11169,0.0206892,128.372,False,6.5,123.95,-0.482122,True,False
LBE,1,IV.14,13.6667,two_pool_first_order,4,12.226,0.031183,154.874,True,6.5,64.001,-0.21142,True,False
LBE,1,IV.14,13.6667,gompertz_plus_linear,4,11.4663,0.0292453,151.153,True,6.5,60.2429,-0.19412,False,False
LBE,1,IV.14,13.6667,first_order,2,13.1712,0.0335936,153.987,True,9.5,28.3615,-0.0618461,True,False
LBE,1,IV.14,13.6667,modified_gompertz,3,7.93477,0.020238,127.093,False,9.5,8.90947,0.0451493,False,True
LBE,1,IV.14,13.6667,logistic,3,8.11169,0.0206892,128.372,False,9.5,18.3119,-0.0573552,False,False
LBE,1,IV.14,13.6667,two_pool_first_order,4,12.226,0.031183,154.874,True,9.5,24.6225,-0.0473617,True,False
LBE,1,IV.14,13.6667,gompertz_plus_linear,4,11.4663,0.0292453,151.153,True,9.5,28.2936,0.13737,True,False
LBE,1,IV.14,13.6667,first_order,2,13.1712,0.0335936,153.987,True,12.5,9.4055,-0.0152895,True,False
LBE,1,IV.14,13.6667,modified_gompertz,3,7.93477,0.020238,127.093,False,12.5,16.3229,0.0514201,False,True
LBE,1,IV.14,13.6667,logistic,3,8.11169,0.0206892,128.372,False,12.5,4.41234,0.015174,False,False
LBE,1,IV.14,13.6667,two_pool_first_order,4,12.226,0.031183,154.874,True,12.5,9.4055,-0.0152895,True,False
LBE,1,IV.14,13.6667,gompertz_plus_linear,4,11.4663,0.0292453,151.153,True,12.5,8.47276,0.0284773,False,False
LBE,1,IV.15,13.6667,first_order,2,13.7055,0.0347279,156.294,True,6.5,111.902,-0.41834,False,False
LBE,1,IV.15,13.6667,modified_gompertz,3,7.71648,0.0195524,125.475,False,6.5,54.167,-0.207051,True,True
LBE,1,IV.15,13.6667,logistic,3,8.01558,0.0203103,127.68,False,6.5,125.324,-0.487066,True,False
LBE,1,IV.15,13.6667,two_pool_first_order,4,12.6383,0.0320236,156.797,True,6.5,65.0557,-0.217442,True,False
LBE,1,IV.15,13.6667,gompertz_plus_linear,4,7.68711,0.019478,127.96,False,6.5,61.3418,-0.200442,False,False
LBE,1,IV.15,13.6667,first_order,2,13.7055,0.0347279,156.294,True,9.5,31.5127,-0.0740551,True,False
LBE,1,IV.15,13.6667,modified_gompertz,3,7.71648,0.0195524,125.475,False,9.5,7.12894,0.0321125,False,True
LBE,1,IV.15,13.6667,logistic,3,8.01558,0.0203103,127.68,False,9.5,21.9967,-0.0715083,False,False
LBE,1,IV.15,13.6667,two_pool_first_order,4,12.6383,0.0320236,156.797,True,9.5,27.7491,-0.0598336,True,False
LBE,1,IV.15,13.6667,gompertz_plus_linear,4,7.68711,0.019478,127.96,False,9.5,26.4038,0.128919,True,False
LBE,1,IV.15,13.6667,first_order,2,13.7055,0.0347279,156.294,True,12.5,12.6564,-0.0240962,True,False
LBE,1,IV.15,13.6667,modified_gompertz,3,7.71648,0.0195524,125.475,False,12.5,15.1954,0.048478,False,True
LBE,1,IV.15,13.6667,logistic,3,8.01558,0.0203103,127.68,False,12.5,3.25765,0.0121797,False,False
LBE,1,IV.15,13.6667,two_pool_first_order,4,12.6383,0.0320236,156.797,True,12.5,12.6564,-0.0240962,True,False
LBE,1,IV.15,13.6667,gompertz_plus_linear,4,7.68711,0.019478,127.96,False,12.5,6.86499,0.02402,False,False
LBE,1,IV.2,13.6667,first_order,2,15.9584,0.0445184,165.121,True,6.5,122.768,-0.545268,False,False
LBE,1,IV.2,13.6667,modified_gompertz,3,7.45655,0.0208012,123.487,False,6.5,39.5299,-0.190441,True,True
LBE,1,IV.2,13.6667,logistic,3,8.08451,0.0225529,128.177,False,6.5,137.006,-0.60514,True,False
LBE,1,IV.2,13.6667,two_pool_first_order,4,15.1134,0.042161,167.17,True,6.5,69.0022,-0.301818,True,False
LBE,1,IV.2,13.6667,gompertz_plus_linear,4,14.3744,0.0400995,164.263,True,6.5,66.0993,-0.288027,False,False
LBE,1,IV.2,13.6667,first_order,2,15.9584,0.0445184,165.121,True,9.5,48.8772,-0.181857,False,False
LBE,1,IV.2,13.6667,modified_gompertz,3,7.45655,0.0208012,123.487,False,9.5,26.0088,-0.0950671,False,True
LBE,1,IV.2,13.6667,logistic,3,8.08451,0.0225529,128.177,False,9.5,39.7112,-0.163062,False,False
LBE,1,IV.2,13.6667,two_pool_first_order,4,15.1134,0.042161,167.17,True,9.5,51.9038,-0.188434,True,False
LBE,1,IV.2,13.6667,gompertz_plus_linear,4,14.3744,0.0400995,164.263,True,9.5,48.3945,-0.174149,False,False
LBE,1,IV.2,13.6667,first_order,2,15.9584,0.0445184,165.121,True,12.5,30.3425,-0.0865758,True,False
LBE,1,IV.2,13.6667,modified_gompertz,3,7.45655,0.0208012,123.487,False,12.5,6.06898,0.0229721,False,True
LBE,1,IV.2,13.6667,logistic,3,8.08451,0.0225529,128.177,False,12.5,1.28513,-0.00093781,False,False
LBE,1,IV.2,13.6667,two_pool_first_order,4,15.1134,0.042161,167.17,True,12.5,27.5342,-0.078082,True,False
LBE,1,IV.2,13.6667,gompertz_plus_linear,4,14.3744,0.0400995,164.263,True,12.5,25.4006,-0.0715654,False,False
LBE,1,IV.3,13.6667,first_order,2,15.7384,0.0461153,164.316,True,6.5,119.221,-0.566321,False,False
LBE,1,IV.3,13.6667,modified_gompertz,3,7.92514,0.0232216,127.022,False,6.5,132.941,-0.621918,True,True
LBE,1,IV.3,13.6667,logistic,3,8.59868,0.0251951,131.753,False,6.5,133.765,-0.625562,True,False
LBE,1,IV.3,13.6667,two_pool_first_order,4,15.0823,0.0441928,167.051,True,6.5,65.0178,-0.311055,True,False
LBE,1,IV.3,13.6667,gompertz_plus_linear,4,14.6068,0.0427997,165.193,True,6.5,62.0371,-0.296503,False,False
LBE,1,IV.3,13.6667,first_order,2,15.7384,0.0461153,164.316,True,9.5,61.8808,-0.252705,False,False
LBE,1,IV.3,13.6667,modified_gompertz,3,7.92514,0.0232216,127.022,False,9.5,40.175,-0.166895,True,True
LBE,1,IV.3,13.6667,logistic,3,8.59868,0.0251951,131.753,False,9.5,51.8205,-0.225364,False,False
LBE,1,IV.3,13.6667,two_pool_first_order,4,15.0823,0.0441928,167.051,True,9.5,52.8414,-0.209389,True,False
LBE,1,IV.3,13.6667,gompertz_plus_linear,4,14.6068,0.0427997,165.193,True,9.5,50.4061,-0.19879,False,False
LBE,1,IV.3,13.6667,first_order,2,15.7384,0.0461153,164.316,True,12.5,31.4808,-0.095889,True,False
LBE,1,IV.3,13.6667,modified_gompertz,3,7.92514,0.0232216,127.022,False,12.5,2.54415,0.011565,False,True
LBE,1,IV.3,13.6667,logistic,3,8.59868,0.0251951,131.753,False,12.5,2.52261,-0.00494449,False,False
LBE,1,IV.3,13.6667,two_pool_first_order,4,15.0823,0.0441928,167.051,True,12.5,31.4808,-0.095889,True,False
LBE,1,IV.3,13.6667,gompertz_plus_linear,4,14.6068,0.0427997,165.193,True,12.5,30.2145,-0.0915513,False,False
LBE,1,IV.4,13.6667,first_order,2,15.3144,0.039774,162.732,True,6.5,120.715,-0.480648,False,False
LBE,1,IV.4,13.6667,modified_gompertz,3,7.60127,0.0197417,124.602,False,6.5,47.8313,-0.197416,True,True
LBE,1,IV.4,13.6667,logistic,3,8.11025,0.0210636,128.361,False,6.5,134.323,-0.543529,True,False
LBE,1,IV.4,13.6667,two_pool_first_order,4,14.2544,0.0370209,163.776,True,6.5,68.6477,-0.256733,True,False
LBE,1,IV.4,13.6667,gompertz_plus_linear,4,8.22319,0.0213569,131.87,False,6.5,65.3669,-0.241697,False,False
LBE,1,IV.4,13.6667,first_order,2,15.3144,0.039774,162.732,True,9.5,37.7472,-0.110444,True,False
LBE,1,IV.4,13.6667,modified_gompertz,3,7.60127,0.0197417,124.602,False,9.5,14.2417,-0.0285061,False,True
LBE,1,IV.4,13.6667,logistic,3,8.11025,0.0210636,128.361,False,9.5,32.3968,-0.115046,False,False
LBE,1,IV.4,13.6667,two_pool_first_order,4,14.2544,0.0370209,163.776,True,9.5,34.3752,-0.0977989,True,False
LBE,1,IV.4,13.6667,gompertz_plus_linear,4,8.22319,0.0213569,131.87,False,9.5,10.3024,0.0515583,True,False
LBE,1,IV.4,13.6667,first_order,2,15.3144,0.039774,162.732,True,12.5,22.767,-0.0546419,True,False
LBE,1,IV.4,13.6667,modified_gompertz,3,7.60127,0.0197417,124.602,False,12.5,12.3084,0.041778,False,True
LBE,1,IV.4,13.6667,logistic,3,8.11025,0.0210636,128.361,False,12.5,2.63725,0.0108696,False,False
LBE,1,IV.4,13.6667,two_pool_first_order,4,14.2544,0.0370209,163.776,True,12.5,19.2842,-0.0447474,True,False
LBE,1,IV.4,13.6667,gompertz_plus_linear,4,8.22319,0.0213569,131.87,False,12.5,16.5087,-0.0367596,True,False
LBE,1,IV.6,13.6667,first_order,2,15.0292,0.0403498,161.641,True,6.5,117.647,-0.482841,False,False
LBE,1,IV.6,13.6667,modified_gompertz,3,7.3441,0.0197171,122.606,False,6.5,48.8911,-0.207318,True,True
LBE,1,IV.6,13.6667,logistic,3,7.66072,0.0205672,125.054,False,6.5,128.879,-0.539612,True,False
LBE,1,IV.6,13.6667,two_pool_first_order,4,14.0249,0.0376536,162.835,True,6.5,68.2514,-0.262776,True,False
LBE,1,IV.6,13.6667,gompertz_plus_linear,4,13.1205,0.0352254,158.969,False,6.5,65.2878,-0.248665,False,False
LBE,1,IV.6,13.6667,first_order,2,15.0292,0.0403498,161.641,True,9.5,36.9768,-0.112102,True,False
LBE,1,IV.6,13.6667,modified_gompertz,3,7.3441,0.0197171,122.606,False,9.5,7.21561,0.00425571,False,True
LBE,1,IV.6,13.6667,logistic,3,7.66072,0.0205672,125.054,False,9.5,23.3268,-0.0852311,False,False
LBE,1,IV.6,13.6667,two_pool_first_order,4,14.0249,0.0376536,162.835,True,9.5,33.832,-0.0998959,True,False
LBE,1,IV.6,13.6667,gompertz_plus_linear,4,13.1205,0.0352254,158.969,False,9.5,13.8721,0.0748794,True,False
LBE,1,IV.6,13.6667,first_order,2,15.0292,0.0403498,161.641,True,12.5,21.5776,-0.0548342,True,False
LBE,1,IV.6,13.6667,modified_gompertz,3,7.3441,0.0197171,122.606,False,12.5,12.6721,0.0426916,False,True
LBE,1,IV.6,13.6667,logistic,3,7.66072,0.0205672,125.054,False,12.5,2.58017,0.00990448,False,False
LBE,1,IV.6,13.6667,two_pool_first_order,4,14.0249,0.0376536,162.835,True,12.5,18.313,-0.0452613,True,False
LBE,1,IV.6,13.6667,gompertz_plus_linear,4,13.1205,0.0352254,158.969,False,12.5,15.7373,-0.0376135,True,False
LBE,1,IV.7,13.6667,first_order,2,13.7851,0.0351268,156.63,True,6.5,117.832,-0.442324,False,False
LBE,1,IV.7,13.6667,modified_gompertz,3,8.09792,0.0206349,128.273,False,6.5,46.686,-0.173679,True,True
LBE,1,IV.7,13.6667,logistic,3,8.16698,0.0208108,128.766,False,6.5,114.134,-0.450969,True,False
LBE,1,IV.7,13.6667,two_pool_first_order,4,13.7851,0.0351268,161.835,True,6.5,66.265,-0.222063,True,False
LBE,1,IV.7,13.6667,gompertz_plus_linear,4,12.0373,0.030673,153.971,False,6.5,62.6538,-0.20548,False,False
LBE,1,IV.7,13.6667,first_order,2,13.7851,0.0351268,156.63,True,9.5,30.0345,-0.0687556,True,False
LBE,1,IV.7,13.6667,modified_gompertz,3,8.09792,0.0206349,128.273,False,9.5,9.89881,0.0503647,False,True
LBE,1,IV.7,13.6667,logistic,3,8.16698,0.0208108,128.766,False,9.5,16.3735,-0.049548,False,False
LBE,1,IV.7,13.6667,two_pool_first_order,4,13.7851,0.0351268,161.835,True,9.5,26.3129,-0.0544866,True,False
LBE,1,IV.7,13.6667,gompertz_plus_linear,4,12.0373,0.030673,153.971,False,9.5,26.8977,0.131303,True,False
LBE,1,IV.7,13.6667,first_order,2,13.7851,0.0351268,156.63,True,12.5,10.9325,-0.0201394,True,False
LBE,1,IV.7,13.6667,modified_gompertz,3,8.09792,0.0206349,128.273,False,12.5,17.0051,0.0532553,False,True
LBE,1,IV.7,13.6667,logistic,3,8.16698,0.0208108,128.766,False,12.5,5.21874,0.0174163,False,False
LBE,1,IV.7,13.6667,two_pool_first_order,4,13.7851,0.0351268,161.835,True,12.5,10.9325,-0.0201394,True,False
LBE,1,IV.7,13.6667,gompertz_plus_linear,4,12.0373,0.030673,153.971,False,12.5,7.60232,0.0256675,False,False
LBE,1,IV.9,13.6667,first_order,2,15.8044,0.0403567,164.558,True,6.5,123.35,-0.477481,False,False
LBE,1,IV.9,13.6667,modified_gompertz,3,7.69327,0.0196448,125.3,False,6.5,52.7145,-0.209218,True,True
LBE,1,IV.9,13.6667,logistic,3,7.99004,0.0204026,127.495,False,6.5,135.968,-0.537557,True,False
LBE,1,IV.9,13.6667,two_pool_first_order,4,14.6738,0.0374697,165.458,True,6.5,72.1183,-0.260036,True,False
LBE,1,IV.9,13.6667,gompertz_plus_linear,4,13.6617,0.0348852,161.313,False,6.5,68.7711,-0.244884,False,False
LBE,1,IV.9,13.6667,first_order,2,15.8044,0.0403567,164.558,True,9.5,38.8761,-0.108801,True,False
LBE,1,IV.9,13.6667,modified_gompertz,3,7.69327,0.0196448,125.3,False,9.5,6.85684,0.0132695,False,True
LBE,1,IV.9,13.6667,logistic,3,7.99004,0.0204026,127.495,False,9.5,23.6011,-0.0795677,False,False
LBE,1,IV.9,13.6667,two_pool_first_order,4,14.6738,0.0374697,165.458,True,9.5,35.3606,-0.095803,True,False
LBE,1,IV.9,13.6667,gompertz_plus_linear,4,13.6617,0.0348852,161.313,False,9.5,16.2597,0.0849892,True,False
LBE,1,IV.9,13.6667,first_order,2,15.8044,0.0403567,164.558,True,12.5,22.1131,-0.0512598,True,False
LBE,1,IV.9,13.6667,modified_gompertz,3,7.69327,0.0196448,125.3,False,12.5,14.1168,0.0463788,False,True
LBE,1,IV.9,13.6667,logistic,3,7.99004,0.0204026,127.495,False,12.5,3.3149,0.0128327,False,False
LBE,1,IV.9,13.6667,two_pool_first_order,4,14.6738,0.0374697,165.458,True,12.5,18.4702,-0.04106,True,False
LBE,1,IV.9,13.6667,gompertz_plus_linear,4,13.6617,0.0348852,161.313,False,12.5,15.5331,-0.0327198,True,False
LBE,3,IV.1,20.7917,first_order,2,8.57871,0.0145602,189.138,False,6.5,117.249,0.30266,False,False
LBE,3,IV.1,20.7917,modified_gompertz,3,20.7208,0.0351684,267.293,True,6.5,89.7034,-0.280109,False,False
LBE,3,IV.1,20.7917,logistic,3,27.3399,0.0464026,291.133,True,6.5,143.86,-0.399295,False,False
LBE,3,IV.1,20.7917,two_pool_first_order,4,6.85295,0.0116311,174.575,True,6.5,189.468,0.535969,True,False
LBE,3,IV.1,20.7917,gompertz_plus_linear,4,4.72363,0.00801718,142.574,False,6.5,108.115,0.314266,True,True
LBE,3,IV.1,20.7917,first_order,2,8.57871,0.0145602,189.138,False,9.5,12.2385,-0.0122409,False,False
LBE,3,IV.1,20.7917,modified_gompertz,3,20.7208,0.0351684,267.293,True,9.5,94.8705,-0.268015,False,False
LBE,3,IV.1,20.7917,logistic,3,27.3399,0.0464026,291.133,True,9.5,123.727,-0.329611,False,False
LBE,3,IV.1,20.7917,two_pool_first_order,4,6.85295,0.0116311,174.575,True,9.5,12.2385,-0.0122409,True,False
LBE,3,IV.1,20.7917,gompertz_plus_linear,4,4.72363,0.00801718,142.574,False,9.5,27.6747,-0.0727164,False,True
LBE,3,IV.1,20.7917,first_order,2,8.57871,0.0145602,189.138,False,12.5,26.21,-0.0770915,False,False
LBE,3,IV.1,20.7917,modified_gompertz,3,20.7208,0.0351684,267.293,True,12.5,84.8507,-0.219986,False,False
LBE,3,IV.1,20.7917,logistic,3,27.3399,0.0464026,291.133,True,12.5,105.715,-0.263726,False,False
LBE,3,IV.1,20.7917,two_pool_first_order,4,6.85295,0.0116311,174.575,True,12.5,26.21,-0.0770915,True,False
LBE,3,IV.1,20.7917,gompertz_plus_linear,4,4.72363,0.00801718,142.574,False,12.5,17.3794,-0.0348677,False,True
LBE,3,IV.10,20.7917,first_order,2,11.2652,0.0178353,212.568,False,6.5,129.168,0.295756,False,False
LBE,3,IV.10,20.7917,modified_gompertz,3,24.193,0.0383028,280.617,True,6.5,100.364,-0.306278,False,False
LBE,3,IV.10,20.7917,logistic,3,30.851,0.0488439,301.524,True,6.5,156.186,-0.421524,False,False
LBE,3,IV.10,20.7917,two_pool_first_order,4,7.95399,0.0125929,187.389,True,6.5,191.682,0.486036,True,False
LBE,3,IV.10,20.7917,gompertz_plus_linear,4,4.57915,0.00724979,139.903,False,6.5,108.163,0.273863,True,True
LBE,3,IV.10,20.7917,first_order,2,11.2652,0.0178353,212.568,False,9.5,15.6535,-0.053096,False,False
LBE,3,IV.10,20.7917,modified_gompertz,3,24.193,0.0383028,280.617,True,9.5,109.918,-0.300854,False,False
LBE,3,IV.10,20.7917,logistic,3,30.851,0.0488439,301.524,True,9.5,138.756,-0.358186,False,False
LBE,3,IV.10,20.7917,two_pool_first_order,4,7.95399,0.0125929,187.389,True,9.5,15.6535,-0.0530959,True,False
LBE,3,IV.10,20.7917,gompertz_plus_linear,4,4.57915,0.00724979,139.903,False,9.5,46.9044,-0.130616,False,True
LBE,3,IV.10,20.7917,first_order,2,11.2652,0.0178353,212.568,False,12.5,36.3562,-0.107318,False,False
LBE,3,IV.10,20.7917,modified_gompertz,3,24.193,0.0383028,280.617,True,12.5,97.6223,-0.247496,False,False
LBE,3,IV.10,20.7917,logistic,3,30.851,0.0488439,301.524,True,12.5,119.069,-0.289664,False,False
LBE,3,IV.10,20.7917,two_pool_first_order,4,7.95399,0.0125929,187.389,True,12.5,36.3562,-0.107318,True,False
LBE,3,IV.10,20.7917,gompertz_plus_linear,4,4.57915,0.00724979,139.903,False,12.5,22.3298,-0.0562785,False,True
LBE,3,IV.11,20.7917,first_order,2,16.2798,0.026929,244.234,False,6.5,96.8608,0.174673,False,False
LBE,3,IV.11,20.7917,modified_gompertz,3,29.0495,0.0480516,296.349,True,6.5,96.636,-0.322803,False,False
LBE,3,IV.11,20.7917,logistic,3,34.816,0.0575902,311.922,True,6.5,141.295,-0.419807,False,False
LBE,3,IV.11,20.7917,two_pool_first_order,4,9.66393,0.0159854,204.135,True,6.5,96.8609,0.174673,False,False
LBE,3,IV.11,20.7917,gompertz_plus_linear,4,6.1717,0.0102088,165.57,False,6.5,93.8209,0.223585,True,True
LBE,3,IV.11,20.7917,first_order,2,16.2798,0.026929,244.234,False,9.5,37.6972,-0.142022,False,False
LBE,3,IV.11,20.7917,modified_gompertz,3,29.0495,0.0480516,296.349,True,9.5,112.541,-0.330957,False,False
LBE,3,IV.11,20.7917,logistic,3,34.816,0.0575902,311.922,True,9.5,134.086,-0.375,False,False
LBE,3,IV.11,20.7917,two_pool_first_order,4,9.66393,0.0159854,204.135,True,9.5,37.6972,-0.142022,True,False
LBE,3,IV.11,20.7917,gompertz_plus_linear,4,6.1717,0.0102088,165.57,False,9.5,68.4073,-0.207752,False,True
LBE,3,IV.11,20.7917,first_order,2,16.2798,0.026929,244.234,False,12.5,56.3691,-0.171801,False,False
LBE,3,IV.11,20.7917,modified_gompertz,3,29.0495,0.0480516,296.349,True,12.5,104.383,-0.282946,True,False
LBE,3,IV.11,20.7917,logistic,3,34.816,0.0575902,311.922,True,12.5,120.586,-0.315422,False,False
LBE,3,IV.11,20.7917,two_pool_first_order,4,9.66393,0.0159854,204.135,True,12.5,56.3691,-0.171801,True,False
LBE,3,IV.11,20.7917,gompertz_plus_linear,4,6.1717,0.0102088,165.57,False,12.5,33.5393,-0.0980781,False,True
LBE,3,IV.12,20.7917,first_order,2,14.0852,0.0230002,231.781,False,6.5,100.716,0.200755,False,False
LBE,3,IV.12,20.7917,modified_gompertz,3,27.1548,0.0443419,290.549,True,6.5,99.8483,-0.317567,False,False
LBE,3,IV.12,20.7917,logistic,3,33.2724,0.0543316,308.022,True,6.5,147.055,-0.417648,False,False
LBE,3,IV.12,20.7917,two_pool_first_order,4,8.60344,0.0140488,194.139,True,6.5,177.959,0.437555,True,False
LBE,3,IV.12,20.7917,gompertz_plus_linear,4,5.04356,0.00823579,148.21,False,6.5,100.994,0.255714,True,True
LBE,3,IV.12,20.7917,first_order,2,14.0852,0.0230002,231.781,False,9.5,29.1399,-0.108355,False,False
LBE,3,IV.12,20.7917,modified_gompertz,3,27.1548,0.0443419,290.549,True,9.5,110.812,-0.314934,False,False
LBE,3,IV.12,20.7917,logistic,3,33.2724,0.0543316,308.022,True,9.5,134.648,-0.363198,False,False
LBE,3,IV.12,20.7917,two_pool_first_order,4,8.60344,0.0140488,194.139,True,9.5,29.1399,-0.108355,True,False
LBE,3,IV.12,20.7917,gompertz_plus_linear,4,5.04356,0.00823579,148.21,False,9.5,53.5953,-0.156843,False,True
LBE,3,IV.12,20.7917,first_order,2,14.0852,0.0230002,231.781,False,12.5,48.9114,-0.1449,False,False
LBE,3,IV.12,20.7917,modified_gompertz,3,27.1548,0.0443419,290.549,True,12.5,100.841,-0.264592,True,False
LBE,3,IV.12,20.7917,logistic,3,33.2724,0.0543316,308.022,True,12.5,118.743,-0.300258,False,False
LBE,3,IV.12,20.7917,two_pool_first_order,4,8.60344,0.0140488,194.139,True,12.5,48.9114,-0.1449,False,False
LBE,3,IV.12,20.7917,gompertz_plus_linear,4,5.04356,0.00823579,148.21,False,12.5,27.339,-0.0743755,False,True
LBE,3,IV.13,20.7917,first_order,2,16.9678,0.0264796,247.793,False,6.5,101.688,0.177905,False,False
LBE,3,IV.13,20.7917,modified_gompertz,3,29.9608,0.0467563,299.006,True,6.5,109.634,-0.344912,False,False
LBE,3,IV.13,20.7917,logistic,3,35.5682,0.0555071,313.76,True,6.5,158.199,-0.444993,False,False
LBE,3,IV.13,20.7917,two_pool_first_order,4,10.018,0.0156339,207.229,True,6.5,101.688,0.177905,True,False
LBE,3,IV.13,20.7917,gompertz_plus_linear,4,6.64298,0.0103669,171.899,False,6.5,85.6951,0.182589,True,True
LBE,3,IV.13,20.7917,first_order,2,16.9678,0.0264796,247.793,False,9.5,43.3834,-0.151873,False,False
LBE,3,IV.13,20.7917,modified_gompertz,3,29.9608,0.0467563,299.006,True,9.5,126.746,-0.351879,False,False
LBE,3,IV.13,20.7917,logistic,3,35.5682,0.0555071,313.76,True,9.5,150.45,-0.397977,False,False
LBE,3,IV.13,20.7917,two_pool_first_order,4,10.018,0.0156339,207.229,True,9.5,43.3834,-0.151873,True,False
LBE,3,IV.13,20.7917,gompertz_plus_linear,4,6.64298,0.0103669,171.899,False,9.5,78.3368,-0.223862,False,True
LBE,3,IV.13,20.7917,first_order,2,16.9678,0.0264796,247.793,False,12.5,63.0216,-0.179877,False,False
LBE,3,IV.13,20.7917,modified_gompertz,3,29.9608,0.0467563,299.006,True,12.5,116.091,-0.297675,True,False
LBE,3,IV.13,20.7917,logistic,3,35.5682,0.0555071,313.76,True,12.5,134.595,-0.333214,False,False
LBE,3,IV.13,20.7917,two_pool_first_order,4,10.018,0.0156339,207.229,True,12.5,63.0216,-0.179877,False,False
LBE,3,IV.13,20.7917,gompertz_plus_linear,4,6.64298,0.0103669,171.899,False,12.5,38.4214,-0.105096,False,True
LBE,3,IV.14,20.7917,first_order,2,19.486,0.0326925,259.694,False,6.5,87.5747,0.129981,False,False
LBE,3,IV.14,20.7917,modified_gompertz,3,31.8974,0.0535156,304.393,True,6.5,97.454,-0.337333,False,False
LBE,3,IV.14,20.7917,logistic,3,37.2312,0.0624643,317.69,True,6.5,138.305,-0.428256,False,False
LBE,3,IV.14,20.7917,two_pool_first_order,4,11.4314,0.0191789,218.58,True,6.5,87.5747,0.129981,False,False
LBE,3,IV.14,20.7917,gompertz_plus_linear,4,8.11676,0.0136178,189.131,False,6.5,72.8773,0.149359,True,True
LBE,3,IV.14,20.7917,first_order,2,19.486,0.0326925,259.694,False,9.5,47.8208,-0.178022,False,False
LBE,3,IV.14,20.7917,modified_gompertz,3,31.8974,0.0535156,304.393,True,9.5,115.251,-0.349425,False,False
LBE,3,IV.14,20.7917,logistic,3,37.2312,0.0624643,317.69,True,9.5,134.467,-0.389323,False,False
LBE,3,IV.14,20.7917,two_pool_first_order,4,11.4314,0.0191789,218.58,True,9.5,47.8208,-0.178022,True,False
LBE,3,IV.14,20.7917,gompertz_plus_linear,4,8.11676,0.0136178,189.131,False,9.5,81.4892,-0.254006,False,True
LBE,3,IV.14,20.7917,first_order,2,19.486,0.0326925,259.694,False,12.5,66.7246,-0.204324,False,False
LBE,3,IV.14,20.7917,modified_gompertz,3,31.8974,0.0535156,304.393,True,12.5,110.214,-0.305558,True,False
LBE,3,IV.14,20.7917,logistic,3,37.2312,0.0624643,317.69,True,12.5,124.622,-0.334695,False,False
LBE,3,IV.14,20.7917,two_pool_first_order,4,11.4314,0.0191789,218.58,True,12.5,66.7246,-0.204324,False,False
LBE,3,IV.14,20.7917,gompertz_plus_linear,4,8.11676,0.0136178,189.131,False,12.5,44.4268,-0.13212,False,True
LBE,3,IV.15,20.7917,first_order,2,19.6695,0.0317398,260.5,False,6.5,110.083,0.190604,False,False
LBE,3,IV.15,20.7917,modified_gompertz,3,32.136,0.0518563,305.033,True,6.5,99.2584,-0.337052,False,False
LBE,3,IV.15,20.7917,logistic,3,37.5949,0.0606651,318.526,True,6.5,144.922,-0.436203,False,False
LBE,3,IV.15,20.7917,two_pool_first_order,4,12.1112,0.0195432,223.548,True,6.5,110.083,0.190604,False,False
LBE,3,IV.15,20.7917,gompertz_plus_linear,4,8.75057,0.0141204,195.597,False,6.5,95.9778,0.202317,True,True
LBE,3,IV.15,20.7917,first_order,2,19.6695,0.0317398,260.5,False,9.5,43.5871,-0.161923,False,False
LBE,3,IV.15,20.7917,modified_gompertz,3,32.136,0.0518563,305.033,True,9.5,119.4,-0.353206,False,False
LBE,3,IV.15,20.7917,logistic,3,37.5949,0.0606651,318.526,True,9.5,140.827,-0.396546,False,False
LBE,3,IV.15,20.7917,two_pool_first_order,4,12.1112,0.0195432,223.548,True,9.5,43.5871,-0.161923,True,False
LBE,3,IV.15,20.7917,gompertz_plus_linear,4,8.75057,0.0141204,195.597,False,9.5,82.8713,-0.253269,False,True
LBE,3,IV.15,20.7917,first_order,2,19.6695,0.0317398,260.5,False,12.5,66.5616,-0.200003,False,False
LBE,3,IV.15,20.7917,modified_gompertz,3,32.136,0.0518563,305.033,True,12.5,114.504,-0.309314,False,False
LBE,3,IV.15,20.7917,logistic,3,37.5949,0.0606651,318.526,True,12.5,130.814,-0.341467,False,False
LBE,3,IV.15,20.7917,two_pool_first_order,4,12.1112,0.0195432,223.548,True,12.5,66.5616,-0.200003,True,False
LBE,3,IV.15,20.7917,gompertz_plus_linear,4,8.75057,0.0141204,195.597,False,12.5,49.3003,-0.14258,False,True
LBE,3,IV.2,20.7917,first_order,2,9.7284,0.0170484,199.954,False,6.5,124.036,0.324719,False,False
LBE,3,IV.2,20.7917,modified_gompertz,3,21.0737,0.0369302,268.745,True,6.5,79.3204,-0.263898,False,False
LBE,3,IV.2,20.7917,logistic,3,27.6107,0.0483858,291.981,True,6.5,132.353,-0.384893,False,False
LBE,3,IV.2,20.7917,two_pool_first_order,4,7.86845,0.0137889,186.459,True,6.5,199.74,0.576805,True,False
LBE,3,IV.2,20.7917,gompertz_plus_linear,4,4.67253,0.00818829,141.639,False,6.5,115.83,0.340931,True,True
LBE,3,IV.2,20.7917,first_order,2,9.7284,0.0170484,199.954,False,9.5,20.3404,0.00685559,False,False
LBE,3,IV.2,20.7917,modified_gompertz,3,21.0737,0.0369302,268.745,True,9.5,83.3488,-0.251599,False,False
LBE,3,IV.2,20.7917,logistic,3,27.6107,0.0483858,291.981,True,9.5,111.234,-0.313541,False,False
LBE,3,IV.2,20.7917,two_pool_first_order,4,7.86845,0.0137889,186.459,True,9.5,20.3404,0.00685561,True,False
LBE,3,IV.2,20.7917,gompertz_plus_linear,4,4.67253,0.00818829,141.639,False,9.5,24.358,-0.0741871,False,True
LBE,3,IV.2,20.7917,first_order,2,9.7284,0.0170484,199.954,False,12.5,24.7063,-0.0797749,False,False
LBE,3,IV.2,20.7917,modified_gompertz,3,21.0737,0.0369302,268.745,True,12.5,79.9135,-0.218206,False,False
LBE,3,IV.2,20.7917,logistic,3,27.6107,0.0483858,291.981,True,12.5,98.9484,-0.259073,False,False
LBE,3,IV.2,20.7917,two_pool_first_order,4,7.86845,0.0137889,186.459,True,12.5,24.7063,-0.0797749,True,False
LBE,3,IV.2,20.7917,gompertz_plus_linear,4,4.67253,0.00818829,141.639,False,12.5,26.5916,-0.0684712,False,True
LBE,3,IV.3,20.7917,first_order,2,8.65897,0.0151165,189.939,False,6.5,130.849,0.356369,False,False
LBE,3,IV.3,20.7917,modified_gompertz,3,19.3597,0.0337974,261.45,True,6.5,76.294,-0.252847,False,False
LBE,3,IV.3,20.7917,logistic,3,26.082,0.0455329,287.082,True,6.5,133.738,-0.384202,False,False
LBE,3,IV.3,20.7917,two_pool_first_order,4,7.63524,0.0133293,183.871,True,6.5,188.679,0.551243,True,False
LBE,3,IV.3,20.7917,gompertz_plus_linear,4,4.58437,0.00800322,140.001,False,6.5,113.544,0.333462,True,True
LBE,3,IV.3,20.7917,first_order,2,8.65897,0.0151165,189.939,False,9.5,30.441,0.046392,False,False
LBE,3,IV.3,20.7917,modified_gompertz,3,19.3597,0.0337974,261.45,True,9.5,78.0252,-0.236281,False,False
LBE,3,IV.3,20.7917,logistic,3,26.082,0.0455329,287.082,True,9.5,109.102,-0.30599,False,False
LBE,3,IV.3,20.7917,two_pool_first_order,4,7.63524,0.0133293,183.871,True,9.5,30.441,0.0463921,True,False
LBE,3,IV.3,20.7917,gompertz_plus_linear,4,4.58437,0.00800322,140.001,False,9.5,10.8102,-0.0320067,False,True
LBE,3,IV.3,20.7917,first_order,2,8.65897,0.0151165,189.939,False,12.5,16.7084,-0.0564114,False,False
LBE,3,IV.3,20.7917,modified_gompertz,3,19.3597,0.0337974,261.45,True,12.5,75.4709,-0.205989,False,False
LBE,3,IV.3,20.7917,logistic,3,26.082,0.0455329,287.082,True,12.5,96.1108,-0.250709,False,False
LBE,3,IV.3,20.7917,two_pool_first_order,4,7.63524,0.0133293,183.871,True,12.5,16.7084,-0.0564114,True,False
LBE,3,IV.3,20.7917,gompertz_plus_linear,4,4.58437,0.00800322,140.001,False,12.5,24.8516,-0.0633772,False,True
LBE,3,IV.4,20.7917,first_order,2,16.8,0.0280376,246.939,False,6.5,84.9814,0.144709,False,False
LBE,3,IV.4,20.7917,modified_gompertz,3,29.648,0.0494798,298.103,True,6.5,102.262,-0.333953,False,False
LBE,3,IV.4,20.7917,logistic,3,35.1759,0.0587053,312.806,True,6.5,144.449,-0.425901,False,False
LBE,3,IV.4,20.7917,two_pool_first_order,4,9.48739,0.0158336,202.549,True,6.5,84.9814,0.144709,False,False
LBE,3,IV.4,20.7917,gompertz_plus_linear,4,6.0862,0.0101573,164.371,False,6.5,85.3944,0.207723,True,True
LBE,3,IV.4,20.7917,first_order,2,16.8,0.0280376,246.939,False,9.5,44.4492,-0.156348,False,False
LBE,3,IV.4,20.7917,modified_gompertz,3,29.648,0.0494798,298.103,True,9.5,117.04,-0.338409,False,False
LBE,3,IV.4,20.7917,logistic,3,35.1759,0.0587053,312.806,True,9.5,137.668,-0.380795,False,False
LBE,3,IV.4,20.7917,two_pool_first_order,4,9.48739,0.0158336,202.549,True,9.5,44.4492,-0.156348,True,False
LBE,3,IV.4,20.7917,gompertz_plus_linear,4,6.0862,0.0101573,164.371,False,9.5,69.701,-0.205409,False,True
LBE,3,IV.4,20.7917,first_order,2,16.8,0.0280376,246.939,False,12.5,61.4566,-0.178922,False,False
LBE,3,IV.4,20.7917,modified_gompertz,3,29.648,0.0494798,298.103,True,12.5,108.515,-0.288203,True,False
LBE,3,IV.4,20.7917,logistic,3,35.1759,0.0587053,312.806,True,12.5,124.019,-0.319479,False,False
LBE,3,IV.4,20.7917,two_pool_first_order,4,9.48739,0.0158336,202.549,True,12.5,61.4566,-0.178922,False,False
LBE,3,IV.4,20.7917,gompertz_plus_linear,4,6.0862,0.0101573,164.371,False,12.5,34.7966,-0.0947318,False,True
LBE,3,IV.5,20.7917,first_order,2,13.6801,0.0227613,229.271,False,6.5,98.8775,0.199855,False,False
LBE,3,IV.5,20.7917,modified_gompertz,3,26.5401,0.0441583,288.58,True,6.5,95.6552,-0.311388,False,False
LBE,3,IV.5,20.7917,logistic,3,32.5707,0.0541921,306.189,True,6.5,142.35,-0.412382,False,False
LBE,3,IV.5,20.7917,two_pool_first_order,4,8.4138,0.0139992,192.222,True,6.5,180.217,0.453539,True,False
LBE,3,IV.5,20.7917,gompertz_plus_linear,4,5.0598,0.00841866,148.487,False,6.5,96.8297,0.248556,True,True
LBE,3,IV.5,20.7917,first_order,2,13.6801,0.0227613,229.271,False,9.5,28.9174,-0.11021,False,False
LBE,3,IV.5,20.7917,modified_gompertz,3,26.5401,0.0441583,288.58,True,9.5,108.094,-0.312742,False,False
LBE,3,IV.5,20.7917,logistic,3,32.5707,0.0541921,306.189,True,9.5,131.311,-0.360484,False,False
LBE,3,IV.5,20.7917,two_pool_first_order,4,8.4138,0.0139992,192.222,True,9.5,28.9174,-0.11021,True,False
LBE,3,IV.5,20.7917,gompertz_plus_linear,4,5.0598,0.00841866,148.487,False,9.5,56.2552,-0.166902,False,True
LBE,3,IV.5,20.7917,first_order,2,13.6801,0.0227613,229.271,False,12.5,47.7784,-0.144731,False,False
LBE,3,IV.5,20.7917,modified_gompertz,3,26.5401,0.0441583,288.58,True,12.5,98.4044,-0.263063,True,False
LBE,3,IV.5,20.7917,logistic,3,32.5707,0.0541921,306.189,True,12.5,115.698,-0.298016,False,False
LBE,3,IV.5,20.7917,two_pool_first_order,4,8.4138,0.0139992,192.222,True,12.5,47.7784,-0.144731,True,False
LBE,3,IV.5,20.7917,gompertz_plus_linear,4,5.0598,0.00841866,148.487,False,12.5,26.0833,-0.0726333,False,True
LBE,3,IV.6,20.7917,first_order,2,15.4048,0.0259867,239.482,False,6.5,103.495,0.215134,False,False
LBE,3,IV.6,20.7917,modified_gompertz,3,27.9201,0.0470991,292.939,True,6.5,94.8404,-0.314515,False,False
LBE,3,IV.6,20.7917,logistic,3,33.5554,0.0566054,308.75,True,6.5,141.341,-0.418396,False,False
LBE,3,IV.6,20.7917,two_pool_first_order,4,9.24791,0.0156005,200.351,True,6.5,189.155,0.489817,True,False
LBE,3,IV.6,20.7917,gompertz_plus_linear,4,5.90906,0.00996814,161.831,False,6.5,92.4851,0.233878,True,True
LBE,3,IV.6,20.7917,first_order,2,15.4048,0.0259867,239.482,False,9.5,35.4866,-0.127104,False,False
LBE,3,IV.6,20.7917,modified_gompertz,3,27.9201,0.0470991,292.939,True,9.5,112.675,-0.327395,False,False
LBE,3,IV.6,20.7917,logistic,3,33.5554,0.0566054,308.75,True,9.5,134.883,-0.373917,False,False
LBE,3,IV.6,20.7917,two_pool_first_order,4,9.24791,0.0156005,200.351,True,9.5,35.4866,-0.127104,True,False
LBE,3,IV.6,20.7917,gompertz_plus_linear,4,5.90906,0.00996814,161.831,False,9.5,71.3924,-0.209544,False,True
LBE,3,IV.6,20.7917,first_order,2,15.4048,0.0259867,239.482,False,12.5,55.9593,-0.16284,False,False
LBE,3,IV.6,20.7917,modified_gompertz,3,27.9201,0.0470991,292.939,True,12.5,104.851,-0.278713,True,False
LBE,3,IV.6,20.7917,logistic,3,33.5554,0.0566054,308.75,True,12.5,121.836,-0.313544,False,False
LBE,3,IV.6,20.7917,two_pool_first_order,4,9.24791,0.0156005,200.351,True,12.5,55.9593,-0.16284,True,False
LBE,3,IV.6,20.7917,gompertz_plus_linear,4,5.90906,0.00996814,161.831,False,12.5,37.0445,-0.0976309,False,True
LBE,3,IV.7,20.7917,first_order,2,16.636,0.0270722,246.095,False,6.5,98.2336,0.179373,False,False
LBE,3,IV.7,20.7917,modified_gompertz,3,29.4391,0.047907,297.495,True,6.5,104.343,-0.336867,False,False
LBE,3,IV.7,20.7917,logistic,3,34.9811,0.0569257,312.329,True,6.5,149.885,-0.434221,False,False
LBE,3,IV.7,20.7917,two_pool_first_order,4,9.72606,0.0158275,204.686,True,6.5,98.2336,0.179373,False,False
LBE,3,IV.7,20.7917,gompertz_plus_linear,4,6.3176,0.0102808,167.58,False,6.5,77.8359,0.173823,True,True
LBE,3,IV.7,20.7917,first_order,2,16.636,0.0270722,246.095,False,9.5,44.7078,-0.156347,False,False
LBE,3,IV.7,20.7917,modified_gompertz,3,29.4391,0.047907,297.495,True,9.5,122.471,-0.347378,False,False
LBE,3,IV.7,20.7917,logistic,3,34.9811,0.0569257,312.329,True,9.5,144.356,-0.391255,False,False
LBE,3,IV.7,20.7917,two_pool_first_order,4,9.72606,0.0158275,204.686,True,9.5,44.7078,-0.156347,True,False
LBE,3,IV.7,20.7917,gompertz_plus_linear,4,6.3176,0.0102808,167.58,False,9.5,78.4585,-0.226558,False,True
LBE,3,IV.7,20.7917,first_order,2,16.636,0.0270722,246.095,False,12.5,60.1067,-0.174782,False,False
LBE,3,IV.7,20.7917,modified_gompertz,3,29.4391,0.047907,297.495,True,12.5,110.383,-0.290204,True,False
LBE,3,IV.7,20.7917,logistic,3,34.9811,0.0569257,312.329,True,12.5,127.438,-0.324115,False,False
LBE,3,IV.7,20.7917,two_pool_first_order,4,9.72606,0.0158275,204.686,True,12.5,60.1067,-0.174782,True,False
LBE,3,IV.7,20.7917,gompertz_plus_linear,4,6.3176,0.0102808,167.58,False,12.5,31.832,-0.088077,False,True
LBE,3,IV.8,20.7917,first_order,2,17.6341,0.0292944,251.106,False,6.5,103.026,0.185571,False,False
LBE,3,IV.8,20.7917,modified_gompertz,3,30.4502,0.050585,300.399,True,6.5,96.0725,-0.321859,False,False
LBE,3,IV.8,20.7917,logistic,3,36.3181,0.060333,315.555,True,6.5,138.507,-0.414141,False,False
LBE,3,IV.8,20.7917,two_pool_first_order,4,10.6147,0.0176335,212.205,True,6.5,103.026,0.185571,True,False
LBE,3,IV.8,20.7917,gompertz_plus_linear,4,6.726,0.0111735,172.967,False,6.5,97.4513,0.231245,True,True
LBE,3,IV.8,20.7917,first_order,2,17.6341,0.0292944,251.106,False,9.5,40.0166,-0.148859,False,False
LBE,3,IV.8,20.7917,modified_gompertz,3,30.4502,0.050585,300.399,True,9.5,112.628,-0.331486,False,False
LBE,3,IV.8,20.7917,logistic,3,36.3181,0.060333,315.555,True,9.5,132.733,-0.372446,False,False
LBE,3,IV.8,20.7917,two_pool_first_order,4,10.6147,0.0176335,212.205,True,9.5,40.0166,-0.148859,True,False
LBE,3,IV.8,20.7917,gompertz_plus_linear,4,6.726,0.0111735,172.967,False,9.5,74.0415,-0.223739,False,True
LBE,3,IV.8,20.7917,first_order,2,17.6341,0.0292944,251.106,False,12.5,58.3612,-0.177069,False,False
LBE,3,IV.8,20.7917,modified_gompertz,3,30.4502,0.050585,300.399,True,12.5,104.55,-0.283612,True,False
LBE,3,IV.8,20.7917,logistic,3,36.3181,0.060333,315.555,True,12.5,120.212,-0.31487,False,False
LBE,3,IV.8,20.7917,two_pool_first_order,4,10.6147,0.0176335,212.205,True,12.5,58.3612,-0.177069,True,False
LBE,3,IV.8,20.7917,gompertz_plus_linear,4,6.726,0.0111735,172.967,False,12.5,34.5538,-0.100771,False,True
LBE,3,IV.9,20.7917,first_order,2,15.8146,0.0258316,241.74,False,6.5,107.175,0.202907,False,False
LBE,3,IV.9,20.7917,modified_gompertz,3,28.5674,0.046662,294.91,True,6.5,93.3245,-0.311314,False,False
LBE,3,IV.9,20.7917,logistic,3,34.6293,0.0565634,311.46,True,6.5,140.202,-0.411842,False,False
LBE,3,IV.9,20.7917,two_pool_first_order,4,9.90096,0.0161722,206.219,True,6.5,107.175,0.202907,False,False
LBE,3,IV.9,20.7917,gompertz_plus_linear,4,6.2407,0.0101935,166.527,False,6.5,102.992,0.24642,True,True
LBE,3,IV.9,20.7917,first_order,2,15.8146,0.0258316,241.74,False,9.5,30.7791,-0.120629,False,False
LBE,3,IV.9,20.7917,modified_gompertz,3,28.5674,0.046662,294.91,True,9.5,108.292,-0.318318,False,False
LBE,3,IV.9,20.7917,logistic,3,34.6293,0.0565634,311.46,True,9.5,131.113,-0.364557,False,False
LBE,3,IV.9,20.7917,two_pool_first_order,4,9.90096,0.0161722,206.219,True,9.5,30.7791,-0.120629,True,False
LBE,3,IV.9,20.7917,gompertz_plus_linear,4,6.2407,0.0101935,166.527,False,9.5,59.6082,-0.183798,False,True
LBE,3,IV.9,20.7917,first_order,2,15.8146,0.0258316,241.74,False,12.5,50.059,-0.15646,False,False
LBE,3,IV.9,20.7917,modified_gompertz,3,28.5674,0.046662,294.91,True,12.5,99.6306,-0.27094,True,False
LBE,3,IV.9,20.7917,logistic,3,34.6293,0.0565634,311.46,True,12.5,116.651,-0.30483,False,False
LBE,3,IV.9,20.7917,two_pool_first_order,4,9.90096,0.0161722,206.219,True,12.5,50.059,-0.15646,True,False
LBE,3,IV.9,20.7917,gompertz_plus_linear,4,6.2407,0.0101935,166.527,False,12.5,29.4435,-0.089262,False,True
LBE,9,IV.1,34.5833,first_order,2,10.7808,0.016432,341.82,False,6.5,181.631,0.433755,False,False
LBE,9,IV.1,34.5833,modified_gompertz,3,26.4185,0.0402668,471.275,True,6.5,177.325,-0.458718,False,False
LBE,9,IV.1,34.5833,logistic,3,32.0104,0.0487899,498.539,True,6.5,236.076,-0.565765,False,False
LBE,9,IV.1,34.5833,two_pool_first_order,4,4.27327,0.00651327,214.844,False,6.5,258.606,0.671449,True,True
LBE,9,IV.1,34.5833,gompertz_plus_linear,4,5.63838,0.00859397,254.209,True,6.5,384.475,1.04359,True,False
LBE,9,IV.1,34.5833,first_order,2,10.7808,0.016432,341.82,False,9.5,17.9786,-0.0398664,False,False
LBE,9,IV.1,34.5833,modified_gompertz,3,26.4185,0.0402668,471.275,True,9.5,174.929,-0.436232,False,False
LBE,9,IV.1,34.5833,logistic,3,32.0104,0.0487899,498.539,True,9.5,209.704,-0.498858,False,False
LBE,9,IV.1,34.5833,two_pool_first_order,4,4.27327,0.00651327,214.844,False,9.5,17.9786,-0.0398663,True,True
LBE,9,IV.1,34.5833,gompertz_plus_linear,4,5.63838,0.00859397,254.209,True,9.5,11.1356,0.00722383,False,False
LBE,9,IV.1,34.5833,first_order,2,10.7808,0.016432,341.82,False,12.5,53.8696,-0.156654,False,False
LBE,9,IV.1,34.5833,modified_gompertz,3,26.4185,0.0402668,471.275,True,12.5,161.117,-0.392368,False,False
LBE,9,IV.1,34.5833,logistic,3,32.0104,0.0487899,498.539,True,12.5,187.189,-0.439292,False,False
LBE,9,IV.1,34.5833,two_pool_first_order,4,4.27327,0.00651327,214.844,False,12.5,53.8696,-0.156654,True,True
LBE,9,IV.1,34.5833,gompertz_plus_linear,4,5.63838,0.00859397,254.209,True,12.5,11.9058,0.00919295,False,False
LBE,9,IV.10,34.5833,first_order,2,32.7623,0.0416678,499.654,False,6.5,125.502,0.138319,False,False
LBE,9,IV.10,34.5833,modified_gompertz,3,45.0807,0.0573346,547.159,True,6.5,190.685,-0.502069,False,False
LBE,9,IV.10,34.5833,logistic,3,46.5311,0.0591793,551.655,True,6.5,259.477,-0.615288,False,False
LBE,9,IV.10,34.5833,two_pool_first_order,4,20.2735,0.0257843,435.929,True,6.5,208.471,0.367979,True,False
LBE,9,IV.10,34.5833,gompertz_plus_linear,4,16.8589,0.0214415,409.738,False,6.5,596.963,1.38865,True,True
LBE,9,IV.10,34.5833,first_order,2,32.7623,0.0416678,499.654,False,9.5,69.9012,-0.0251185,False,False
LBE,9,IV.10,34.5833,modified_gompertz,3,45.0807,0.0573346,547.159,True,9.5,181.549,-0.468305,False,False
LBE,9,IV.10,34.5833,logistic,3,46.5311,0.0591793,551.655,True,9.5,227.626,-0.54526,False,False
LBE,9,IV.10,34.5833,two_pool_first_order,4,20.2735,0.0257843,435.929,True,9.5,69.9012,-0.0251185,True,False
LBE,9,IV.10,34.5833,gompertz_plus_linear,4,16.8589,0.0214415,409.738,False,9.5,34.03,-0.0615759,True,True
LBE,9,IV.10,34.5833,first_order,2,32.7623,0.0416678,499.654,False,12.5,84.887,-0.246915,False,False
LBE,9,IV.10,34.5833,modified_gompertz,3,45.0807,0.0573346,547.159,True,12.5,194.014,-0.469505,False,False
LBE,9,IV.10,34.5833,logistic,3,46.5311,0.0591793,551.655,True,12.5,221.692,-0.514349,False,False
LBE,9,IV.10,34.5833,two_pool_first_order,4,20.2735,0.0257843,435.929,True,12.5,84.887,-0.246915,True,False
LBE,9,IV.10,34.5833,gompertz_plus_linear,4,16.8589,0.0214415,409.738,False,12.5,126.495,-0.319583,False,True
LBE,9,IV.11,34.5833,first_order,2,37.4401,0.0502263,518.606,False,6.5,141.821,0.109888,False,False
LBE,9,IV.11,34.5833,modified_gompertz,3,53.0501,0.0711673,570.274,True,6.5,180.122,-0.496678,False,False
LBE,9,IV.11,34.5833,logistic,3,56.7589,0.0761428,579.87,True,6.5,224.205,-0.570356,False,False
LBE,9,IV.11,34.5833,two_pool_first_order,4,17.7323,0.0237881,416.911,True,6.5,141.821,0.109888,False,False
LBE,9,IV.11,34.5833,gompertz_plus_linear,4,13.9585,0.0187255,382.931,False,6.5,225.879,0.442065,True,True
LBE,9,IV.11,34.5833,first_order,2,37.4401,0.0502263,518.606,False,9.5,87.9842,-0.291299,False,False
LBE,9,IV.11,34.5833,modified_gompertz,3,53.0501,0.0711673,570.274,True,9.5,189.511,-0.495171,False,False
LBE,9,IV.11,34.5833,logistic,3,56.7589,0.0761428,579.87,True,9.5,211.202,-0.530557,False,False
LBE,9,IV.11,34.5833,two_pool_first_order,4,17.7323,0.0237881,416.911,True,9.5,87.9842,-0.291299,True,False
LBE,9,IV.11,34.5833,gompertz_plus_linear,4,13.9585,0.0187255,382.931,False,9.5,85.0405,-0.252859,False,True
LBE,9,IV.11,34.5833,first_order,2,37.4401,0.0502263,518.606,False,12.5,125.781,-0.359179,False,False
LBE,9,IV.11,34.5833,modified_gompertz,3,53.0501,0.0711673,570.274,True,12.5,187.065,-0.47198,False,False
LBE,9,IV.11,34.5833,logistic,3,56.7589,0.0761428,579.87,True,12.5,202.099,-0.496128,False,False
LBE,9,IV.11,34.5833,two_pool_first_order,4,17.7323,0.0237881,416.911,True,12.5,125.781,-0.359179,True,False
LBE,9,IV.11,34.5833,gompertz_plus_linear,4,13.9585,0.0187255,382.931,False,12.5,71.9228,-0.21131,False,True
LBE,9,IV.12,34.5833,first_order,2,35.3624,0.0454577,510.499,False,6.5,78.7124,-0.0476562,False,False
LBE,9,IV.12,34.5833,modified_gompertz,3,53.1675,0.0683457,570.588,True,6.5,203.46,-0.499367,False,False
LBE,9,IV.12,34.5833,logistic,3,57.9234,0.0744594,582.753,True,6.5,240.956,-0.557293,False,False
LBE,9,IV.12,34.5833,two_pool_first_order,4,12.4148,0.0159589,366.288,True,6.5,78.7124,-0.0476562,True,False
LBE,9,IV.12,34.5833,gompertz_plus_linear,4,8.00687,0.0102927,304.009,False,6.5,311.023,0.638398,True,True
LBE,9,IV.12,34.5833,first_order,2,35.3624,0.0454577,510.499,False,9.5,111.187,-0.318598,False,False
LBE,9,IV.12,34.5833,modified_gompertz,3,53.1675,0.0683457,570.588,True,9.5,204.819,-0.483837,False,False
LBE,9,IV.12,34.5833,logistic,3,57.9234,0.0744594,582.753,True,9.5,224.745,-0.51405,False,False
LBE,9,IV.12,34.5833,two_pool_first_order,4,12.4148,0.0159589,366.288,True,9.5,111.187,-0.318598,True,False
LBE,9,IV.12,34.5833,gompertz_plus_linear,4,8.00687,0.0102927,304.009,False,9.5,42.4977,-0.127969,False,True
LBE,9,IV.12,34.5833,first_order,2,35.3624,0.0454577,510.499,False,12.5,138.11,-0.353941,False,False
LBE,9,IV.12,34.5833,modified_gompertz,3,53.1675,0.0683457,570.588,True,12.5,196.931,-0.45298,True,False
LBE,9,IV.12,34.5833,logistic,3,57.9234,0.0744594,582.753,True,12.5,211.633,-0.474994,False,False
LBE,9,IV.12,34.5833,two_pool_first_order,4,12.4148,0.0159589,366.288,True,12.5,138.11,-0.353941,True,False
LBE,9,IV.12,34.5833,gompertz_plus_linear,4,8.00687,0.0102927,304.009,False,12.5,35.2904,-0.106717,False,True
LBE,9,IV.13,34.5833,first_order,2,46.7578,0.0584678,550.164,False,6.5,90.2281,-0.104279,False,False
LBE,9,IV.13,34.5833,modified_gompertz,3,61.5561,0.076972,591.391,True,6.5,215.548,-0.532638,False,False
LBE,9,IV.13,34.5833,logistic,3,61.4335,0.0768187,591.108,True,6.5,248.796,-0.5848,False,False
LBE,9,IV.13,34.5833,two_pool_first_order,4,23.1816,0.0289871,454.963,True,6.5,90.2282,-0.104279,True,False
LBE,9,IV.13,34.5833,gompertz_plus_linear,4,18.8176,0.0235302,425.346,False,6.5,86.6312,0.0957682,False,True
LBE,9,IV.13,34.5833,first_order,2,46.7578,0.0584678,550.164,False,9.5,154.061,-0.405636,False,False
LBE,9,IV.13,34.5833,modified_gompertz,3,61.5561,0.076972,591.391,True,9.5,229.212,-0.53468,False,False
LBE,9,IV.13,34.5833,logistic,3,61.4335,0.0768187,591.108,True,9.5,244.564,-0.55792,False,False
LBE,9,IV.13,34.5833,two_pool_first_order,4,23.1816,0.0289871,454.963,True,9.5,154.061,-0.405636,True,False
LBE,9,IV.13,34.5833,gompertz_plus_linear,4,18.8176,0.0235302,425.346,False,9.5,163.698,-0.395258,False,True
LBE,9,IV.13,34.5833,first_order,2,46.7578,0.0584678,550.164,False,12.5,182.457,-0.437294,False,False
LBE,9,IV.13,34.5833,modified_gompertz,3,61.5561,0.076972,591.391,True,12.5,228.33,-0.511847,False,False
LBE,9,IV.13,34.5833,logistic,3,61.4335,0.0768187,591.108,True,12.5,239.662,-0.52863,False,False
LBE,9,IV.13,34.5833,two_pool_first_order,4,23.1816,0.0289871,454.963,True,12.5,182.457,-0.437294,True,False
LBE,9,IV.13,34.5833,gompertz_plus_linear,4,18.8176,0.0235302,425.346,False,12.5,107.884,-0.261819,False,True
LBE,9,IV.14,34.5833,first_order,2,44.9697,0.0574153,544.627,False,6.5,79.079,-0.140043,False,False
LBE,9,IV.14,34.5833,modified_gompertz,3,60.0275,0.0766403,587.82,True,6.5,209.902,-0.535754,False,False
LBE,9,IV.14,34.5833,logistic,3,61.3379,0.0783134,590.887,True,6.5,242.177,-0.586919,False,False
LBE,9,IV.14,34.5833,two_pool_first_order,4,22.0706,0.0281788,447.989,True,6.5,79.079,-0.140043,False,False
LBE,9,IV.14,34.5833,gompertz_plus_linear,4,18.1607,0.0231868,420.301,False,6.5,70.9405,0.0602945,False,True
LBE,9,IV.14,34.5833,first_order,2,44.9697,0.0574153,544.627,False,9.5,149.319,-0.409744,False,False
LBE,9,IV.14,34.5833,modified_gompertz,3,60.0275,0.0766403,587.82,True,9.5,221.615,-0.535303,False,False
LBE,9,IV.14,34.5833,logistic,3,61.3379,0.0783134,590.887,True,9.5,236.896,-0.558731,False,False
LBE,9,IV.14,34.5833,two_pool_first_order,4,22.0706,0.0281788,447.989,True,9.5,149.319,-0.409744,True,False
LBE,9,IV.14,34.5833,gompertz_plus_linear,4,18.1607,0.0231868,420.301,False,9.5,144.744,-0.368302,False,True
LBE,9,IV.14,34.5833,first_order,2,44.9697,0.0574153,544.627,False,12.5,171.687,-0.431879,False,False
LBE,9,IV.14,34.5833,modified_gompertz,3,60.0275,0.0766403,587.82,True,12.5,217.331,-0.507832,False,False
LBE,9,IV.14,34.5833,logistic,3,61.3379,0.0783134,590.887,True,12.5,229.077,-0.525558,False,False
LBE,9,IV.14,34.5833,two_pool_first_order,4,22.0706,0.0281788,447.989,True,12.5,171.687,-0.431879,True,False
LBE,9,IV.14,34.5833,gompertz_plus_linear,4,18.1607,0.0231868,420.301,False,12.5,82.2353,-0.220164,False,True
LBE,9,IV.15,34.5833,first_order,2,45.3008,0.0612872,545.669,False,6.5,146.291,0.0755415,False,False
LBE,9,IV.15,34.5833,modified_gompertz,3,59.5531,0.080569,586.693,True,6.5,172.163,-0.500342,False,False
LBE,9,IV.15,34.5833,logistic,3,61.153,0.0827334,590.458,True,6.5,212.464,-0.570962,False,False
LBE,9,IV.15,34.5833,two_pool_first_order,4,24.9393,0.0337402,465.341,True,6.5,146.291,0.0755415,False,False
LBE,9,IV.15,34.5833,gompertz_plus_linear,4,21.6082,0.0292336,444.982,False,6.5,173.323,0.287746,True,True
LBE,9,IV.15,34.5833,first_order,2,45.3008,0.0612872,545.669,False,9.5,110.322,-0.353949,False,False
LBE,9,IV.15,34.5833,modified_gompertz,3,59.5531,0.080569,586.693,True,9.5,191.681,-0.516993,False,False
LBE,9,IV.15,34.5833,logistic,3,61.153,0.0827334,590.458,True,9.5,209.085,-0.546138,False,False
LBE,9,IV.15,34.5833,two_pool_first_order,4,24.9393,0.0337402,465.341,True,9.5,110.322,-0.353949,True,False
LBE,9,IV.15,34.5833,gompertz_plus_linear,4,21.6082,0.0292336,444.982,False,9.5,161.985,-0.447723,False,True
LBE,9,IV.15,34.5833,first_order,2,45.3008,0.0612872,545.669,False,12.5,145.112,-0.411074,False,False
LBE,9,IV.15,34.5833,modified_gompertz,3,59.5531,0.080569,586.693,True,12.5,193.133,-0.499315,False,False
LBE,9,IV.15,34.5833,logistic,3,61.153,0.0827334,590.458,True,12.5,204.947,-0.51867,False,False
LBE,9,IV.15,34.5833,two_pool_first_order,4,24.9393,0.0337402,465.341,True,12.5,145.112,-0.411074,True,False
LBE,9,IV.15,34.5833,gompertz_plus_linear,4,21.6082,0.0292336,444.982,False,12.5,108.289,-0.305883,False,True
LBE,9,IV.2,34.5833,first_order,2,10.0003,0.0156966,331.148,False,6.5,269.978,0.688875,False,False
LBE,9,IV.2,34.5833,modified_gompertz,3,26.8729,0.0421801,473.697,True,6.5,145.537,-0.365412,False,False
LBE,9,IV.2,34.5833,logistic,3,33.7323,0.0529467,505.979,True,6.5,209.336,-0.483559,False,False
LBE,9,IV.2,34.5833,two_pool_first_order,4,6.08878,0.00955705,265.122,False,6.5,357.006,0.960604,True,True
LBE,9,IV.2,34.5833,gompertz_plus_linear,4,8.50972,0.013357,312.658,True,6.5,282.323,0.804603,True,False
LBE,9,IV.2,34.5833,first_order,2,10.0003,0.0156966,331.148,False,9.5,43.6086,0.06799,False,False
LBE,9,IV.2,34.5833,modified_gompertz,3,26.8729,0.0421801,473.697,True,9.5,144.983,-0.349231,False,False
LBE,9,IV.2,34.5833,logistic,3,33.7323,0.0529467,505.979,True,9.5,180.63,-0.414302,False,False
LBE,9,IV.2,34.5833,two_pool_first_order,4,6.08878,0.00955705,265.122,False,9.5,43.6086,0.0679901,True,True
LBE,9,IV.2,34.5833,gompertz_plus_linear,4,8.50972,0.013357,312.658,True,9.5,30.8049,0.118873,False,False
LBE,9,IV.2,34.5833,first_order,2,10.0003,0.0156966,331.148,False,12.5,31.3515,-0.0881952,False,False
LBE,9,IV.2,34.5833,modified_gompertz,3,26.8729,0.0421801,473.697,True,12.5,135.387,-0.315803,False,False
LBE,9,IV.2,34.5833,logistic,3,33.7323,0.0529467,505.979,True,12.5,160.04,-0.360343,False,False
LBE,9,IV.2,34.5833,two_pool_first_order,4,6.08878,0.00955705,265.122,False,12.5,31.3515,-0.0881951,True,True
LBE,9,IV.2,34.5833,gompertz_plus_linear,4,8.50972,0.013357,312.658,True,12.5,14.2282,0.0455136,False,False
LBE,9,IV.3,34.5833,first_order,2,3.38717,0.0699397,177.416,False,6.5,23.609,-0.565409,False,False
LBE,9,IV.3,34.5833,modified_gompertz,3,3.66618,0.0757009,190.838,True,6.5,23.8403,-0.570398,False,False
LBE,9,IV.3,34.5833,logistic,3,3.35332,0.0692408,178.171,True,6.5,23.9418,-0.572585,False,False
LBE,9,IV.3,34.5833,two_pool_first_order,4,2.6148,0.0539915,145.095,False,6.5,23.609,-0.565409,False,True
LBE,9,IV.3,34.5833,gompertz_plus_linear,4,3.66618,0.0757009,193.086,True,6.5,20.2498,-0.444919,False,False
LBE,9,IV.3,34.5833,first_order,2,3.38717,0.0699397,177.416,False,9.5,21.855,-0.5031,False,False
LBE,9,IV.3,34.5833,modified_gompertz,3,3.66618,0.0757009,190.838,True,9.5,22.4356,-0.515303,True,False
LBE,9,IV.3,34.5833,logistic,3,3.35332,0.0692408,178.171,True,9.5,22.581,-0.518359,False,False
LBE,9,IV.3,34.5833,two_pool_first_order,4,2.6148,0.0539915,145.095,False,9.5,6.742,0.266572,True,True
LBE,9,IV.3,34.5833,gompertz_plus_linear,4,3.66618,0.0757009,193.086,True,9.5,6.76511,0.267322,False,False
LBE,9,IV.3,34.5833,first_order,2,3.38717,0.0699397,177.416,False,12.5,13.3908,-0.302816,False,False
LBE,9,IV.3,34.5833,modified_gompertz,3,3.66618,0.0757009,190.838,True,12.5,14.8437,-0.335823,True,False
LBE,9,IV.3,34.5833,logistic,3,3.35332,0.0692408,178.171,True,12.5,28.7511,0.974631,True,False
LBE,9,IV.3,34.5833,two_pool_first_order,4,2.6148,0.0539915,145.095,False,12.5,13.7655,0.549365,True,True
LBE,9,IV.3,34.5833,gompertz_plus_linear,4,3.66618,0.0757009,193.086,True,12.5,13.6904,0.547854,False,False
LBE,9,IV.4,34.5833,first_order,2,36.1577,0.0540067,513.657,False,6.5,289.14,0.547692,False,False
LBE,9,IV.4,34.5833,modified_gompertz,3,50.8512,0.0759537,564.263,True,6.5,134.097,-0.432646,False,False
LBE,9,IV.4,34.5833,logistic,3,55.8081,0.0833575,577.471,True,6.5,184.195,-0.528486,False,False
LBE,9,IV.4,34.5833,two_pool_first_order,4,18.9002,0.0282302,425.969,True,6.5,289.14,0.547692,True,False
LBE,9,IV.4,34.5833,gompertz_plus_linear,4,15.1376,0.0226101,394.445,False,6.5,273.854,0.612602,False,True
LBE,9,IV.4,34.5833,first_order,2,36.1577,0.0540067,513.657,False,9.5,54.2793,-0.194222,False,False
LBE,9,IV.4,34.5833,modified_gompertz,3,50.8512,0.0759537,564.263,True,9.5,152.809,-0.453704,False,False
LBE,9,IV.4,34.5833,logistic,3,55.8081,0.0833575,577.471,True,9.5,174.751,-0.493987,False,False
LBE,9,IV.4,34.5833,two_pool_first_order,4,18.9002,0.0282302,425.969,True,9.5,54.2793,-0.194222,True,False
LBE,9,IV.4,34.5833,gompertz_plus_linear,4,15.1376,0.0226101,394.445,False,9.5,113.257,-0.35121,False,True
LBE,9,IV.4,34.5833,first_order,2,36.1577,0.0540067,513.657,False,12.5,91.176,-0.305035,False,False
LBE,9,IV.4,34.5833,modified_gompertz,3,50.8512,0.0759537,564.263,True,12.5,152.938,-0.43631,False,False
LBE,9,IV.4,34.5833,logistic,3,55.8081,0.0833575,577.471,True,12.5,167.141,-0.461944,False,False
LBE,9,IV.4,34.5833,two_pool_first_order,4,18.9002,0.0282302,425.969,True,12.5,91.176,-0.305035,True,False
LBE,9,IV.4,34.5833,gompertz_plus_linear,4,15.1376,0.0226101,394.445,False,12.5,75.4709,-0.23987,False,True
LBE,9,IV.5,34.5833,first_order,2,30.1668,0.0437383,487.934,False,6.5,223.295,0.37661,False,False
LBE,9,IV.5,34.5833,modified_gompertz,3,45.9805,0.0666661,549.965,True,6.5,150.39,-0.440256,False,False
LBE,9,IV.5,34.5833,logistic,3,51.4422,0.074585,565.903,True,6.5,200.218,-0.528873,False,False
LBE,9,IV.5,34.5833,two_pool_first_order,4,13.1787,0.0191076,374.768,True,6.5,223.295,0.37661,True,False
LBE,9,IV.5,34.5833,gompertz_plus_linear,4,8.91453,0.012925,319.257,False,6.5,254.087,0.574651,True,True
LBE,9,IV.5,34.5833,first_order,2,30.1668,0.0437383,487.934,False,9.5,52.3416,-0.19726,False,False
LBE,9,IV.5,34.5833,modified_gompertz,3,45.9805,0.0666661,549.965,True,9.5,162.59,-0.446565,False,False
LBE,9,IV.5,34.5833,logistic,3,51.4422,0.074585,565.903,True,9.5,186.204,-0.48737,False,False
LBE,9,IV.5,34.5833,two_pool_first_order,4,13.1787,0.0191076,374.768,True,9.5,52.3416,-0.19726,True,False
LBE,9,IV.5,34.5833,gompertz_plus_linear,4,8.91453,0.012925,319.257,False,9.5,72.7552,-0.222545,False,True
LBE,9,IV.5,34.5833,first_order,2,30.1668,0.0437383,487.934,False,12.5,88.2112,-0.281928,False,False
LBE,9,IV.5,34.5833,modified_gompertz,3,45.9805,0.0666661,549.965,True,12.5,156.63,-0.418962,False,False
LBE,9,IV.5,34.5833,logistic,3,51.4422,0.074585,565.903,True,12.5,173.034,-0.447029,False,False
LBE,9,IV.5,34.5833,two_pool_first_order,4,13.1787,0.0191076,374.768,True,12.5,88.2112,-0.281928,False,False
LBE,9,IV.5,34.5833,gompertz_plus_linear,4,8.91453,0.012925,319.257,False,12.5,38.018,-0.128658,False,True
LBE,9,IV.6,34.5833,first_order,2,38.9854,0.0509567,524.349,False,6.5,137.569,0.0868907,False,False
LBE,9,IV.6,34.5833,modified_gompertz,3,54.9263,0.0717926,575.209,True,6.5,189.459,-0.502062,False,False
LBE,9,IV.6,34.5833,logistic,3,58.2648,0.0761562,583.588,True,6.5,232.265,-0.571722,False,False
LBE,9,IV.6,34.5833,two_pool_first_order,4,18.0639,0.0236107,419.542,True,6.5,137.569,0.0868907,True,False
LBE,9,IV.6,34.5833,gompertz_plus_linear,4,13.9953,0.0182928,383.304,False,6.5,218.059,0.412785,True,True
LBE,9,IV.6,34.5833,first_order,2,38.9854,0.0509567,524.349,False,9.5,102.081,-0.314926,False,False
LBE,9,IV.6,34.5833,modified_gompertz,3,54.9263,0.0717926,575.209,True,9.5,200.764,-0.502807,False,False
LBE,9,IV.6,34.5833,logistic,3,58.2648,0.0761562,583.588,True,9.5,221.355,-0.535382,False,False
LBE,9,IV.6,34.5833,two_pool_first_order,4,18.0639,0.0236107,419.542,True,9.5,102.081,-0.314926,True,False
LBE,9,IV.6,34.5833,gompertz_plus_linear,4,13.9953,0.0182928,383.304,False,9.5,103.487,-0.28421,False,True
LBE,9,IV.6,34.5833,first_order,2,38.9854,0.0509567,524.349,False,12.5,137.785,-0.372329,False,False
LBE,9,IV.6,34.5833,modified_gompertz,3,54.9263,0.0717926,575.209,True,12.5,197.471,-0.477935,False,False
LBE,9,IV.6,34.5833,logistic,3,58.2648,0.0761562,583.588,True,12.5,212.043,-0.500638,False,False
LBE,9,IV.6,34.5833,two_pool_first_order,4,18.0639,0.0236107,419.542,True,12.5,137.785,-0.372329,False,False
LBE,9,IV.6,34.5833,gompertz_plus_linear,4,13.9953,0.0182928,383.304,False,12.5,75.065,-0.209092,False,True
LBE,9,IV.7,34.5833,first_order,2,39.4533,0.0508658,526.043,False,6.5,81.0256,-0.0779056,False,False
LBE,9,IV.7,34.5833,modified_gompertz,3,54.4273,0.0701713,573.913,True,6.5,215.501,-0.527428,False,False
LBE,9,IV.7,34.5833,logistic,3,55.4427,0.0714804,576.538,True,6.5,250.572,-0.583306,False,False
LBE,9,IV.7,34.5833,two_pool_first_order,4,16.6398,0.0214532,407.882,True,6.5,81.0256,-0.0779056,True,False
LBE,9,IV.7,34.5833,gompertz_plus_linear,4,12.155,0.0156711,363.286,False,6.5,93.8225,0.147477,False,True
LBE,9,IV.7,34.5833,first_order,2,39.4533,0.0508658,526.043,False,9.5,147.994,-0.387641,False,False
LBE,9,IV.7,34.5833,modified_gompertz,3,54.4273,0.0701713,573.913,True,9.5,228.271,-0.528115,False,False
LBE,9,IV.7,34.5833,logistic,3,55.4427,0.0714804,576.538,True,9.5,244.905,-0.553715,False,False
LBE,9,IV.7,34.5833,two_pool_first_order,4,16.6398,0.0214532,407.882,True,9.5,147.994,-0.387641,True,False
LBE,9,IV.7,34.5833,gompertz_plus_linear,4,12.155,0.0156711,363.286,False,9.5,147.71,-0.351766,False,True
LBE,9,IV.7,34.5833,first_order,2,39.4533,0.0508658,526.043,False,12.5,174.714,-0.417591,False,False
LBE,9,IV.7,34.5833,modified_gompertz,3,54.4273,0.0701713,573.913,True,12.5,224.655,-0.50094,False,False
LBE,9,IV.7,34.5833,logistic,3,55.4427,0.0714804,576.538,True,12.5,237.208,-0.519889,False,False
LBE,9,IV.7,34.5833,two_pool_first_order,4,16.6398,0.0214532,407.882,True,12.5,174.714,-0.417591,True,False
LBE,9,IV.7,34.5833,gompertz_plus_linear,4,12.155,0.0156711,363.286,False,12.5,91.2901,-0.216196,False,True
LBE,9,IV.8,34.5833,first_order,2,32.0655,0.0445539,496.602,False,6.5,71.5139,-0.0390603,False,False
LBE,9,IV.8,34.5833,modified_gompertz,3,49.0781,0.0681923,559.223,True,6.5,194.873,-0.489064,False,False
LBE,9,IV.8,34.5833,logistic,3,53.0936,0.0737717,570.39,True,6.5,229.423,-0.546649,False,False
LBE,9,IV.8,34.5833,two_pool_first_order,4,9.46401,0.0131499,327.751,True,6.5,71.5139,-0.0390603,True,False
LBE,9,IV.8,34.5833,gompertz_plus_linear,4,4.68309,0.00650698,227.848,False,6.5,82.4206,0.17084,False,True
LBE,9,IV.8,34.5833,first_order,2,32.0655,0.0445539,496.602,False,9.5,121.336,-0.334124,False,False
LBE,9,IV.8,34.5833,modified_gompertz,3,49.0781,0.0681923,559.223,True,9.5,202.381,-0.483164,False,False
LBE,9,IV.8,34.5833,logistic,3,53.0936,0.0737717,570.39,True,9.5,219.452,-0.510788,False,False
LBE,9,IV.8,34.5833,two_pool_first_order,4,9.46401,0.0131499,327.751,True,9.5,121.336,-0.334124,True,False
LBE,9,IV.8,34.5833,gompertz_plus_linear,4,4.68309,0.00650698,227.848,False,9.5,102.4,-0.248391,False,True
LBE,9,IV.8,34.5833,first_order,2,32.0655,0.0445539,496.602,False,12.5,143.181,-0.359849,False,False
LBE,9,IV.8,34.5833,modified_gompertz,3,49.0781,0.0681923,559.223,True,12.5,194.414,-0.450422,False,False
LBE,9,IV.8,34.5833,logistic,3,53.0936,0.0737717,570.39,True,12.5,207.551,-0.471354,False,False
LBE,9,IV.8,34.5833,two_pool_first_order,4,9.46401,0.0131499,327.751,True,12.5,143.181,-0.359849,True,False
LBE,9,IV.8,34.5833,gompertz_plus_linear,4,4.68309,0.00650698,227.848,False,12.5,46.4354,-0.111403,False,True
LBE,9,IV.9,34.5833,first_order,2,30.6587,0.0452349,490.231,False,6.5,181.47,0.287554,False,False
LBE,9,IV.9,34.5833,modified_gompertz,3,46.8927,0.0691872,552.755,True,6.5,157.778,-0.439628,False,False
LBE,9,IV.9,34.5833,logistic,3,51.5782,0.0761003,566.278,True,6.5,203.734,-0.523393,False,False
LBE,9,IV.9,34.5833,two_pool_first_order,4,11.5161,0.0169913,355.618,True,6.5,181.47,0.287554,False,False
LBE,9,IV.9,34.5833,gompertz_plus_linear,4,6.89015,0.010166,282.679,False,6.5,212.685,0.502749,True,True
LBE,9,IV.9,34.5833,first_order,2,30.6587,0.0452349,490.231,False,9.5,72.8761,-0.23569,False,False
LBE,9,IV.9,34.5833,modified_gompertz,3,46.8927,0.0691872,552.755,True,9.5,173.093,-0.450887,False,False
LBE,9,IV.9,34.5833,logistic,3,51.5782,0.0761003,566.278,True,9.5,194.033,-0.487697,False,False
LBE,9,IV.9,34.5833,two_pool_first_order,4,11.5161,0.0169913,355.618,True,9.5,72.8761,-0.23569,True,False
LBE,9,IV.9,34.5833,gompertz_plus_linear,4,6.89015,0.010166,282.679,False,9.5,112.565,-0.298223,False,True
LBE,9,IV.9,34.5833,first_order,2,30.6587,0.0452349,490.231,False,12.5,110.908,-0.310641,False,False
LBE,9,IV.9,34.5833,modified_gompertz,3,46.8927,0.0691872,552.755,True,12.5,170.532,-0.427576,False,False
LBE,9,IV.9,34.5833,logistic,3,51.5782,0.0761003,566.278,True,12.5,184.88,-0.452317,False,False
LBE,9,IV.9,34.5833,two_pool_first_order,4,11.5161,0.0169913,355.618,True,12.5,110.908,-0.310641,False,False
LBE,9,IV.9,34.5833,gompertz_plus_linear,4,6.89015,0.010166,282.679,False,12.5,68.2214,-0.176041,False,True
LBE,10,IV.1,15.5833,first_order,2,11.6781,0.0542482,166.609,False,6.5,84.5616,-0.635933,False,False
LBE,10,IV.1,15.5833,modified_gompertz,3,6.71092,0.0311742,132.474,False,6.5,88.7632,-0.657965,True,True
LBE,10,IV.1,15.5833,logistic,3,7.06732,0.0328298,135.889,False,6.5,89.682,-0.662685,True,False
LBE,10,IV.1,15.5833,two_pool_first_order,4,7.51079,0.0348899,142.507,True,6.5,41.9159,-0.331621,True,False
LBE,10,IV.1,15.5833,gompertz_plus_linear,4,7.11427,0.0330479,138.927,False,6.5,39.5438,-0.314126,False,False
LBE,10,IV.1,15.5833,first_order,2,11.6781,0.0542482,166.609,False,9.5,59.5094,-0.424447,False,False
LBE,10,IV.1,15.5833,modified_gompertz,3,6.71092,0.0311742,132.474,False,9.5,5.2322,-0.0494097,True,True
LBE,10,IV.1,15.5833,logistic,3,7.06732,0.0328298,135.889,False,9.5,5.49068,-0.0563244,True,False
LBE,10,IV.1,15.5833,two_pool_first_order,4,7.51079,0.0348899,142.507,True,9.5,27.3798,-0.200076,True,False
LBE,10,IV.1,15.5833,gompertz_plus_linear,4,7.11427,0.0330479,138.927,False,9.5,26.5911,-0.194167,False,False
LBE,10,IV.1,15.5833,first_order,2,11.6781,0.0542482,166.609,False,12.5,28.6665,-0.182202,False,False
LBE,10,IV.1,15.5833,modified_gompertz,3,6.71092,0.0311742,132.474,False,12.5,5.74444,-0.0423085,True,True
LBE,10,IV.1,15.5833,logistic,3,7.06732,0.0328298,135.889,False,12.5,7.59226,-0.0569961,True,False
LBE,10,IV.1,15.5833,two_pool_first_order,4,7.51079,0.0348899,142.507,True,12.5,19.1823,-0.121417,True,False
LBE,10,IV.1,15.5833,gompertz_plus_linear,4,7.11427,0.0330479,138.927,False,12.5,18.2374,-0.115643,False,False
LBE,10,IV.10,15.5833,first_order,2,6.36173,0.0170869,126.52,False,6.5,76.0898,-0.314341,False,False
LBE,10,IV.10,15.5833,modified_gompertz,3,5.52601,0.0148423,119.652,False,6.5,31.2796,-0.149793,True,False
LBE,10,IV.10,15.5833,logistic,3,8.10925,0.0217806,144.966,False,6.5,103.903,-0.447853,True,False
LBE,10,IV.10,15.5833,two_pool_first_order,4,4.87276,0.0130877,113.95,True,6.5,24.0809,-0.067377,True,False
LBE,10,IV.10,15.5833,gompertz_plus_linear,4,4.4606,0.0119807,108.117,True,6.5,18.754,-0.0389725,False,True
LBE,10,IV.10,15.5833,first_order,2,6.36173,0.0170869,126.52,False,9.5,10.316,-0.0226805,False,False
LBE,10,IV.10,15.5833,modified_gompertz,3,5.52601,0.0148423,119.652,False,9.5,23.378,-0.0957495,False,False
LBE,10,IV.10,15.5833,logistic,3,8.10925,0.0217806,144.966,False,9.5,53.2807,-0.22227,False,False
LBE,10,IV.10,15.5833,two_pool_first_order,4,4.87276,0.0130877,113.95,True,9.5,8.02986,-0.00145443,True,False
LBE,10,IV.10,15.5833,gompertz_plus_linear,4,4.4606,0.0119807,108.117,True,9.5,26.5708,0.132242,True,True
LBE,10,IV.10,15.5833,first_order,2,6.36173,0.0170869,126.52,False,12.5,6.62672,0.0304298,False,False
LBE,10,IV.10,15.5833,modified_gompertz,3,5.52601,0.0148423,119.652,False,12.5,6.84688,-0.0222444,False,False
LBE,10,IV.10,15.5833,logistic,3,8.10925,0.0217806,144.966,False,12.5,24.4546,-0.0880135,False,False
LBE,10,IV.10,15.5833,two_pool_first_order,4,4.87276,0.0130877,113.95,True,12.5,4.73133,0.023813,True,False
LBE,10,IV.10,15.5833,gompertz_plus_linear,4,4.4606,0.0119807,108.117,True,12.5,9.78103,0.0431882,False,True
LBE,10,IV.11,15.5833,first_order,2,14.9794,0.0483187,183.041,False,6.5,95.9194,-0.545328,False,False
LBE,10,IV.11,15.5833,modified_gompertz,3,9.90872,0.0319623,158.193,False,6.5,106.982,-0.592754,True,True
LBE,10,IV.11,15.5833,logistic,3,10.8449,0.0349822,164.152,False,6.5,108,-0.596974,True,False
LBE,10,IV.11,15.5833,two_pool_first_order,4,10.717,0.0345696,165.97,True,6.5,43.0699,-0.275099,False,False
LBE,10,IV.11,15.5833,gompertz_plus_linear,4,9.91879,0.0319948,160.861,False,6.5,20.2198,-0.138505,False,False
LBE,10,IV.11,15.5833,first_order,2,14.9794,0.0483187,183.041,False,9.5,80.707,-0.412479,False,False
LBE,10,IV.11,15.5833,modified_gompertz,3,9.90872,0.0319623,158.193,False,9.5,93.031,-0.46832,True,True
LBE,10,IV.11,15.5833,logistic,3,10.8449,0.0349822,164.152,False,9.5,94.8832,-0.476877,True,False
LBE,10,IV.11,15.5833,two_pool_first_order,4,10.717,0.0345696,165.97,True,9.5,44.9111,-0.240211,False,False
LBE,10,IV.11,15.5833,gompertz_plus_linear,4,9.91879,0.0319948,160.861,False,9.5,32.1455,-0.174877,False,False
LBE,10,IV.11,15.5833,first_order,2,14.9794,0.0483187,183.041,False,12.5,53.9619,-0.230188,False,False
LBE,10,IV.11,15.5833,modified_gompertz,3,9.90872,0.0319623,158.193,False,12.5,50.6665,-0.223462,True,True
LBE,10,IV.11,15.5833,logistic,3,10.8449,0.0349822,164.152,False,12.5,19.0764,-0.0904276,True,False
LBE,10,IV.11,15.5833,two_pool_first_order,4,10.717,0.0345696,165.97,True,12.5,34.1712,-0.145623,True,False
LBE,10,IV.11,15.5833,gompertz_plus_linear,4,9.91879,0.0319948,160.861,False,12.5,32.18,-0.137202,False,False
LBE,10,IV.12,15.5833,first_order,2,7.9381,0.0218066,141.13,False,6.5,100.46,-0.426105,False,False
LBE,10,IV.12,15.5833,modified_gompertz,3,6.35951,0.0174701,128.924,False,6.5,8.8068,-0.0429316,True,False
LBE,10,IV.12,15.5833,logistic,3,8.27285,0.0227262,146.284,False,6.5,120.846,-0.515889,True,False
LBE,10,IV.12,15.5833,two_pool_first_order,4,5.0757,0.0139434,116.643,True,6.5,28.8944,-0.0946306,True,False
LBE,10,IV.12,15.5833,gompertz_plus_linear,4,4.49674,0.0123529,108.65,False,6.5,24.4242,-0.0711623,False,True
LBE,10,IV.12,15.5833,first_order,2,7.9381,0.0218066,141.13,False,9.5,31.9981,-0.113892,False,False
LBE,10,IV.12,15.5833,modified_gompertz,3,6.35951,0.0174701,128.924,False,9.5,10.7452,-0.0422254,True,False
LBE,10,IV.12,15.5833,logistic,3,8.27285,0.0227262,146.284,False,9.5,55.4211,-0.231391,False,False
LBE,10,IV.12,15.5833,two_pool_first_order,4,5.0757,0.0139434,116.643,True,9.5,14.3709,-0.0290493,True,False
LBE,10,IV.12,15.5833,gompertz_plus_linear,4,4.49674,0.0123529,108.65,False,9.5,9.7392,-0.00529812,False,True
LBE,10,IV.12,15.5833,first_order,2,7.9381,0.0218066,141.13,False,12.5,3.16559,0.00566351,False,False
LBE,10,IV.12,15.5833,modified_gompertz,3,6.35951,0.0174701,128.924,False,12.5,4.81425,-0.0120177,False,False
LBE,10,IV.12,15.5833,logistic,3,8.27285,0.0227262,146.284,False,12.5,20.0945,-0.0722165,False,False
LBE,10,IV.12,15.5833,two_pool_first_order,4,5.0757,0.0139434,116.643,True,12.5,4.01848,0.00807972,True,False
LBE,10,IV.12,15.5833,gompertz_plus_linear,4,4.49674,0.0123529,108.65,False,12.5,16.6023,0.0711455,True,True
LBE,10,IV.13,15.5833,first_order,2,12.5412,0.0327216,171.315,True,6.5,126.003,-0.540909,False,False
LBE,10,IV.13,15.5833,modified_gompertz,3,8.83297,0.0230464,150.608,False,6.5,143.68,-0.603514,True,True
LBE,10,IV.13,15.5833,logistic,3,10.3317,0.0269568,160.952,False,6.5,146.417,-0.612445,True,False
LBE,10,IV.13,15.5833,two_pool_first_order,4,10.7366,0.0280132,166.09,True,6.5,67.1848,-0.29923,False,False
LBE,10,IV.13,15.5833,gompertz_plus_linear,4,9.15606,0.0238894,155.58,False,6.5,37.2059,-0.162223,False,False
LBE,10,IV.13,15.5833,first_order,2,12.5412,0.0327216,171.315,True,9.5,81.6066,-0.31785,False,False
LBE,10,IV.13,15.5833,modified_gompertz,3,8.83297,0.0230464,150.608,False,9.5,93.9616,-0.373126,True,True
LBE,10,IV.13,15.5833,logistic,3,10.3317,0.0269568,160.952,False,9.5,88.4253,-0.359309,True,False
LBE,10,IV.13,15.5833,two_pool_first_order,4,10.7366,0.0280132,166.09,True,9.5,40.5664,-0.151371,True,False
LBE,10,IV.13,15.5833,gompertz_plus_linear,4,9.15606,0.0238894,155.58,False,9.5,36.5623,-0.134799,False,False
LBE,10,IV.13,15.5833,first_order,2,12.5412,0.0327216,171.315,True,12.5,32.7968,-0.104562,False,False
LBE,10,IV.13,15.5833,modified_gompertz,3,8.83297,0.0230464,150.608,False,12.5,17.2789,-0.0557078,True,True
LBE,10,IV.13,15.5833,logistic,3,10.3317,0.0269568,160.952,False,12.5,29.4354,-0.102689,False,False
LBE,10,IV.13,15.5833,two_pool_first_order,4,10.7366,0.0280132,166.09,True,12.5,29.535,-0.0900761,True,False
LBE,10,IV.13,15.5833,gompertz_plus_linear,4,9.15606,0.0238894,155.58,False,12.5,25.1876,-0.0752806,False,False
LBE,10,IV.14,15.5833,first_order,2,9.22127,0.0221754,151.02,True,6.5,118.813,-0.455009,False,False
LBE,10,IV.14,15.5833,modified_gompertz,3,7.27339,0.0174912,137.786,False,6.5,20.6416,-0.0939374,True,False
LBE,10,IV.14,15.5833,logistic,3,9.50148,0.0228493,155.423,False,6.5,144.511,-0.550616,True,False
LBE,10,IV.14,15.5833,two_pool_first_order,4,9.22127,0.0221754,156.048,True,6.5,40.324,-0.139288,True,False
LBE,10,IV.14,15.5833,gompertz_plus_linear,4,6.05158,0.0145529,128.25,False,6.5,34.5164,-0.113931,False,True
LBE,10,IV.14,15.5833,first_order,2,9.22127,0.0221754,151.02,True,9.5,49.6635,-0.166515,False,False
LBE,10,IV.14,15.5833,modified_gompertz,3,7.27339,0.0174912,137.786,False,9.5,25.4872,-0.0932129,True,False
LBE,10,IV.14,15.5833,logistic,3,9.50148,0.0228493,155.423,False,9.5,75.7048,-0.27853,False,False
LBE,10,IV.14,15.5833,two_pool_first_order,4,9.22127,0.0221754,156.048,True,9.5,28.9943,-0.0835439,True,False
LBE,10,IV.14,15.5833,gompertz_plus_linear,4,6.05158,0.0145529,128.25,False,9.5,22.7234,-0.0593266,False,True
LBE,10,IV.14,15.5833,first_order,2,9.22127,0.0221754,151.02,True,12.5,11.8502,-0.0233282,False,False
LBE,10,IV.14,15.5833,modified_gompertz,3,7.27339,0.0174912,137.786,False,12.5,12.314,-0.03166,False,False
LBE,10,IV.14,15.5833,logistic,3,9.50148,0.0228493,155.423,False,12.5,28.7455,-0.0892173,False,False
LBE,10,IV.14,15.5833,two_pool_first_order,4,9.22127,0.0221754,156.048,True,12.5,17.0763,-0.0367126,True,False
LBE,10,IV.14,15.5833,gompertz_plus_linear,4,6.05158,0.0145529,128.25,False,12.5,11.2484,-0.0175172,False,True
LBE,10,IV.15,15.5833,first_order,2,10.8888,0.0273479,161.99,True,6.5,131.95,-0.529807,False,False
LBE,10,IV.15,15.5833,modified_gompertz,3,6.80538,0.0170922,133.397,False,6.5,28.1832,-0.132067,True,True
LBE,10,IV.15,15.5833,logistic,3,8.28267,0.0208025,146.363,False,6.5,152.077,-0.60431,True,False
LBE,10,IV.15,15.5833,two_pool_first_order,4,10.1752,0.0255557,162.545,True,6.5,56.7286,-0.21737,True,False
LBE,10,IV.15,15.5833,gompertz_plus_linear,4,8.98457,0.0225654,154.332,False,6.5,52.3734,-0.197654,False,False
LBE,10,IV.15,15.5833,first_order,2,10.8888,0.0273479,161.99,True,9.5,52.9796,-0.190132,False,False
LBE,10,IV.15,15.5833,modified_gompertz,3,6.80538,0.0170922,133.397,False,9.5,33.4984,-0.128531,True,True
LBE,10,IV.15,15.5833,logistic,3,8.28267,0.0208025,146.363,False,9.5,64.9561,-0.258038,False,False
LBE,10,IV.15,15.5833,two_pool_first_order,4,10.1752,0.0255557,162.545,True,9.5,40.0421,-0.13295,True,False
LBE,10,IV.15,15.5833,gompertz_plus_linear,4,8.98457,0.0225654,154.332,False,9.5,34.7957,-0.112027,False,False
LBE,10,IV.15,15.5833,first_order,2,10.8888,0.0273479,161.99,True,12.5,16.1223,-0.0439474,True,False
LBE,10,IV.15,15.5833,modified_gompertz,3,6.80538,0.0170922,133.397,False,12.5,2.52754,-0.00575993,False,True
LBE,10,IV.15,15.5833,logistic,3,8.28267,0.0208025,146.363,False,12.5,18.9224,-0.0668197,False,False
LBE,10,IV.15,15.5833,two_pool_first_order,4,10.1752,0.0255557,162.545,True,12.5,23.1116,-0.0644138,True,False
LBE,10,IV.15,15.5833,gompertz_plus_linear,4,8.98457,0.0225654,154.332,False,12.5,17.6031,-0.046275,False,False
LBE,10,IV.2,15.5833,first_order,2,14.2445,0.0729696,179.72,False,6.5,75.343,-0.633058,False,False
LBE,10,IV.2,15.5833,modified_gompertz,3,7.66892,0.0392852,141.281,True,6.5,77.7051,-0.64689,True,True
LBE,10,IV.2,15.5833,logistic,3,7.75868,0.039745,142.049,False,6.5,78.2762,-0.650207,True,False
LBE,10,IV.2,15.5833,two_pool_first_order,4,9.60481,0.0492021,158.738,True,6.5,45.179,-0.397079,True,False
LBE,10,IV.2,15.5833,gompertz_plus_linear,4,9.31132,0.0476986,156.69,False,6.5,41.7145,-0.369366,False,False
LBE,10,IV.2,15.5833,first_order,2,14.2445,0.0729696,179.72,False,9.5,69.9262,-0.524729,False,False
LBE,10,IV.2,15.5833,modified_gompertz,3,7.66892,0.0392852,141.281,True,9.5,75.8493,-0.558956,True,True
LBE,10,IV.2,15.5833,logistic,3,7.75868,0.039745,142.049,False,9.5,12.0643,-0.0977327,True,False
LBE,10,IV.2,15.5833,two_pool_first_order,4,9.60481,0.0492021,158.738,True,9.5,37.4322,-0.287258,True,False
LBE,10,IV.2,15.5833,gompertz_plus_linear,4,9.31132,0.0476986,156.69,False,9.5,36.6345,-0.281143,False,False
LBE,10,IV.2,15.5833,first_order,2,14.2445,0.0729696,179.72,False,12.5,41.3073,-0.268633,False,False
LBE,10,IV.2,15.5833,modified_gompertz,3,7.66892,0.0392852,141.281,True,12.5,9.20068,-0.0551147,False,True
LBE,10,IV.2,15.5833,logistic,3,7.75868,0.039745,142.049,False,12.5,7.78902,-0.0477316,False,False
LBE,10,IV.2,15.5833,two_pool_first_order,4,9.60481,0.0492021,158.738,True,12.5,27.3311,-0.173451,True,False
LBE,10,IV.2,15.5833,gompertz_plus_linear,4,9.31132,0.0476986,156.69,False,12.5,26.7894,-0.169777,False,False
LBE,10,IV.3,15.5833,first_order,2,1.19231,0.0484963,16.0087,False,6.5,6.47815,-0.291138,False,False
LBE,10,IV.3,15.5833,modified_gompertz,3,0.812511,0.0330483,-6.87576,False,6.5,9.22868,-0.473296,True,False
LBE,10,IV.3,15.5833,logistic,3,0.643299,0.0261658,-22.288,False,6.5,10.0399,-0.517269,False,True
LBE,10,IV.3,15.5833,two_pool_first_order,4,1.19231,0.0484963,21.0373,True,6.5,3.23281,-0.0225387,True,False
LBE,10,IV.3,15.5833,gompertz_plus_linear,4,0.812511,0.0330483,-4.27477,True,6.5,3.20021,-0.0190716,False,False
LBE,10,IV.3,15.5833,first_order,2,1.19231,0.0484963,16.0087,False,9.5,2.38498,0.18863,True,False
LBE,10,IV.3,15.5833,modified_gompertz,3,0.812511,0.0330483,-6.87576,False,9.5,4.47073,0.32218,False,False
LBE,10,IV.3,15.5833,logistic,3,0.643299,0.0261658,-22.288,False,9.5,1.38027,0.102294,False,True
LBE,10,IV.3,15.5833,two_pool_first_order,4,1.19231,0.0484963,21.0373,True,9.5,2.38658,0.18877,True,False
LBE,10,IV.3,15.5833,gompertz_plus_linear,4,0.812511,0.0330483,-4.27477,True,9.5,9.1848,0.670486,True,False
LBE,10,IV.3,15.5833,first_order,2,1.19231,0.0484963,16.0087,False,12.5,3.72116,0.220774,True,False
LBE,10,IV.3,15.5833,modified_gompertz,3,0.812511,0.0330483,-6.87576,False,12.5,3.19069,0.181007,False,False
LBE,10,IV.3,15.5833,logistic,3,0.643299,0.0261658,-22.288,False,12.5,1.46875,0.0833658,False,True
LBE,10,IV.3,15.5833,two_pool_first_order,4,1.19231,0.0484963,21.0373,True,12.5,3.72116,0.220774,True,False
LBE,10,IV.3,15.5833,gompertz_plus_linear,4,0.812511,0.0330483,-4.27477,True,12.5,4.03777,0.229739,False,False
LBE,10,IV.4,15.5833,first_order,2,16.8774,0.0509967,190.914,False,6.5,97.0553,-0.509612,False,False
LBE,10,IV.4,15.5833,modified_gompertz,3,12.8196,0.0387356,175.192,True,6.5,111.285,-0.56522,True,False
LBE,10,IV.4,15.5833,logistic,3,13.977,0.042233,180.897,False,6.5,113.934,-0.574776,True,False
LBE,10,IV.4,15.5833,two_pool_first_order,4,9.99173,0.030191,161.345,True,6.5,76.2709,-0.418149,False,False
LBE,10,IV.4,15.5833,gompertz_plus_linear,4,9.23303,0.0278985,156.133,False,6.5,23.5769,-0.141251,True,True
LBE,10,IV.4,15.5833,first_order,2,16.8774,0.0509967,190.914,False,9.5,87.0908,-0.405392,False,False
LBE,10,IV.4,15.5833,modified_gompertz,3,12.8196,0.0387356,175.192,True,9.5,101.844,-0.463724,True,False
LBE,10,IV.4,15.5833,logistic,3,13.977,0.042233,180.897,False,9.5,104.639,-0.474059,True,False
LBE,10,IV.4,15.5833,two_pool_first_order,4,9.99173,0.030191,161.345,True,9.5,40.8574,-0.194739,True,False
LBE,10,IV.4,15.5833,gompertz_plus_linear,4,9.23303,0.0278985,156.133,False,9.5,36.0951,-0.173152,True,True
LBE,10,IV.4,15.5833,first_order,2,16.8774,0.0509967,190.914,False,12.5,58.9806,-0.229847,False,False
LBE,10,IV.4,15.5833,modified_gompertz,3,12.8196,0.0387356,175.192,True,12.5,66.8536,-0.263432,True,False
LBE,10,IV.4,15.5833,logistic,3,13.977,0.042233,180.897,False,12.5,6.96271,-0.0311476,True,False
LBE,10,IV.4,15.5833,two_pool_first_order,4,9.99173,0.030191,161.345,True,12.5,32.1385,-0.12355,True,False
LBE,10,IV.4,15.5833,gompertz_plus_linear,4,9.23303,0.0278985,156.133,False,12.5,29.9092,-0.114727,True,True
LBE,10,IV.5,15.5833,first_order,2,9.57457,0.0251508,153.501,True,6.5,118.846,-0.483276,False,False
LBE,10,IV.5,15.5833,modified_gompertz,3,6.51848,0.0171229,130.554,False,6.5,23.4738,-0.101825,True,False
LBE,10,IV.5,15.5833,logistic,3,7.7891,0.0204607,142.307,False,6.5,75.7065,-0.343314,True,False
LBE,10,IV.5,15.5833,two_pool_first_order,4,9.24657,0.0242892,156.229,True,6.5,48.1,-0.172215,True,False
LBE,10,IV.5,15.5833,gompertz_plus_linear,4,5.89233,0.0154782,126.49,False,6.5,43.6045,-0.150718,False,True
LBE,10,IV.5,15.5833,first_order,2,9.57457,0.0251508,153.501,True,9.5,43.1933,-0.145307,False,False
LBE,10,IV.5,15.5833,modified_gompertz,3,6.51848,0.0171229,130.554,False,9.5,27.8801,-0.0984587,True,False
LBE,10,IV.5,15.5833,logistic,3,7.7891,0.0204607,142.307,False,9.5,60.5114,-0.237842,False,False
LBE,10,IV.5,15.5833,two_pool_first_order,4,9.24657,0.0242892,156.229,True,9.5,32.6319,-0.0939833,True,False
LBE,10,IV.5,15.5833,gompertz_plus_linear,4,5.89233,0.0154782,126.49,False,9.5,27.49,-0.0720263,False,True
LBE,10,IV.5,15.5833,first_order,2,9.57457,0.0251508,153.501,True,12.5,9.67151,-0.00855273,True,False
LBE,10,IV.5,15.5833,modified_gompertz,3,6.51848,0.0171229,130.554,False,12.5,3.42565,0.0125998,False,False
LBE,10,IV.5,15.5833,logistic,3,7.7891,0.0204607,142.307,False,12.5,16.5094,-0.051195,False,False
LBE,10,IV.5,15.5833,two_pool_first_order,4,9.24657,0.0242892,156.229,True,12.5,16.5739,-0.0311565,True,False
LBE,10,IV.5,15.5833,gompertz_plus_linear,4,5.89233,0.0154782,126.49,False,12.5,21.2869,0.0913043,True,True
LBE,10,IV.6,15.5833,first_order,2,13.849,0.0504026,177.862,True,6.5,95.2683,-0.597053,False,False
LBE,10,IV.6,15.5833,modified_gompertz,3,8.70166,0.0316692,149.619,False,6.5,103.478,-0.634283,True,True
LBE,10,IV.6,15.5833,logistic,3,9.29989,0.0338464,154.008,False,6.5,104.665,-0.639369,True,False
LBE,10,IV.6,15.5833,two_pool_first_order,4,11.0765,0.0403124,168.147,True,6.5,40.5327,-0.277042,True,False
LBE,10,IV.6,15.5833,gompertz_plus_linear,4,10.431,0.0379629,164.184,False,6.5,35.4567,-0.246568,False,False
LBE,10,IV.6,15.5833,first_order,2,13.849,0.0504026,177.862,True,9.5,78.9523,-0.44801,False,False
LBE,10,IV.6,15.5833,modified_gompertz,3,8.70166,0.0316692,149.619,False,9.5,89.0813,-0.498608,True,True
LBE,10,IV.6,15.5833,logistic,3,9.29989,0.0338464,154.008,False,9.5,15.2459,-0.107695,True,False
LBE,10,IV.6,15.5833,two_pool_first_order,4,11.0765,0.0403124,168.147,True,9.5,40.2832,-0.235929,True,False
LBE,10,IV.6,15.5833,gompertz_plus_linear,4,10.431,0.0379629,164.184,False,9.5,38.2744,-0.224745,False,False
LBE,10,IV.6,15.5833,first_order,2,13.849,0.0504026,177.862,True,12.5,48.1095,-0.230602,False,False
LBE,10,IV.6,15.5833,modified_gompertz,3,8.70166,0.0316692,149.619,False,12.5,17.9574,-0.0897558,True,True
LBE,10,IV.6,15.5833,logistic,3,9.29989,0.0338464,154.008,False,12.5,21.535,-0.111189,True,False
LBE,10,IV.6,15.5833,two_pool_first_order,4,11.0765,0.0403124,168.147,True,12.5,34.4403,-0.163372,True,False
LBE,10,IV.6,15.5833,gompertz_plus_linear,4,10.431,0.0379629,164.184,False,12.5,32.9316,-0.156188,False,False
LBE,10,IV.7,15.5833,first_order,2,13.3286,0.0356714,175.334,True,6.5,128.559,-0.571802,False,False
LBE,10,IV.7,15.5833,modified_gompertz,3,8.27887,0.0221568,146.332,False,6.5,144.22,-0.628377,True,True
LBE,10,IV.7,15.5833,logistic,3,9.56025,0.0255862,155.83,False,6.5,146.014,-0.634509,True,False
LBE,10,IV.7,15.5833,two_pool_first_order,4,13.3286,0.0356714,180.363,True,6.5,52.7486,-0.241529,True,False
LBE,10,IV.7,15.5833,gompertz_plus_linear,4,11.6982,0.031308,171.751,False,6.5,47.9322,-0.219452,False,False
LBE,10,IV.7,15.5833,first_order,2,13.3286,0.0356714,175.334,True,9.5,82.1195,-0.333335,False,False
LBE,10,IV.7,15.5833,modified_gompertz,3,8.27887,0.0221568,146.332,False,9.5,23.8437,-0.105072,True,True
LBE,10,IV.7,15.5833,logistic,3,9.56025,0.0255862,155.83,False,9.5,54.1515,-0.243297,True,False
LBE,10,IV.7,15.5833,two_pool_first_order,4,13.3286,0.0356714,180.363,True,9.5,47.0242,-0.186114,True,False
LBE,10,IV.7,15.5833,gompertz_plus_linear,4,11.6982,0.031308,171.751,False,9.5,43.6334,-0.171679,False,False
LBE,10,IV.7,15.5833,first_order,2,13.3286,0.0356714,175.334,True,12.5,34.2588,-0.113733,False,False
LBE,10,IV.7,15.5833,modified_gompertz,3,8.27887,0.0221568,146.332,False,12.5,19.417,-0.065241,False,True
LBE,10,IV.7,15.5833,logistic,3,9.56025,0.0255862,155.83,False,12.5,29.3106,-0.105859,False,False
LBE,10,IV.7,15.5833,two_pool_first_order,4,13.3286,0.0356714,180.363,True,12.5,36.3316,-0.117478,True,False
LBE,10,IV.7,15.5833,gompertz_plus_linear,4,11.6982,0.031308,171.751,False,12.5,32.3201,-0.103535,False,False
LBE,10,IV.8,15.5833,first_order,2,13.4136,0.0367064,175.754,True,6.5,128.419,-0.580579,False,False
LBE,10,IV.8,15.5833,modified_gompertz,3,8.55952,0.0234232,148.533,False,6.5,141.583,-0.627462,True,True
LBE,10,IV.8,15.5833,logistic,3,9.78746,0.0267834,157.38,False,6.5,143.094,-0.632559,True,False
LBE,10,IV.8,15.5833,two_pool_first_order,4,11.5811,0.0316917,171.087,True,6.5,60.2099,-0.285646,False,False
LBE,10,IV.8,15.5833,gompertz_plus_linear,4,10.1636,0.0278128,162.47,False,6.5,44.2962,-0.209153,False,False
LBE,10,IV.8,15.5833,first_order,2,13.4136,0.0367064,175.754,True,9.5,82.5746,-0.344856,False,False
LBE,10,IV.8,15.5833,modified_gompertz,3,8.55952,0.0234232,148.533,False,9.5,14.8863,-0.0706639,True,True
LBE,10,IV.8,15.5833,logistic,3,9.78746,0.0267834,157.38,False,9.5,33.0747,-0.161545,True,False
LBE,10,IV.8,15.5833,two_pool_first_order,4,11.5811,0.0316917,171.087,True,9.5,42.3888,-0.174312,True,False
LBE,10,IV.8,15.5833,gompertz_plus_linear,4,10.1636,0.0278128,162.47,False,9.5,39.1085,-0.160074,False,False
LBE,10,IV.8,15.5833,first_order,2,13.4136,0.0367064,175.754,True,12.5,36.4682,-0.127804,False,False
LBE,10,IV.8,15.5833,modified_gompertz,3,8.55952,0.0234232,148.533,False,12.5,18.2086,-0.0656155,True,True
LBE,10,IV.8,15.5833,logistic,3,9.78746,0.0267834,157.38,False,12.5,28.8243,-0.108887,False,False
LBE,10,IV.8,15.5833,two_pool_first_order,4,11.5811,0.0316917,171.087,True,12.5,32.548,-0.110421,True,False
LBE,10,IV.8,15.5833,gompertz_plus_linear,4,10.1636,0.0278128,162.47,False,12.5,28.8112,-0.0971485,False,False
LBE,10,IV.9,15.5833,first_order,2,9.48384,0.0238071,152.873,True,6.5,78.5949,-0.272775,False,False
LBE,10,IV.9,15.5833,modified_gompertz,3,5.53753,0.0139007,119.79,False,6.5,60.1322,-0.227141,True,True
LBE,10,IV.9,15.5833,logistic,3,6.51551,0.0163557,130.524,False,6.5,109.276,-0.424953,False,False
LBE,10,IV.9,15.5833,two_pool_first_order,4,9.39869,0.0235933,157.306,True,6.5,48.3317,-0.127153,True,False
LBE,10,IV.9,15.5833,gompertz_plus_linear,4,8.2722,0.0207655,148.88,False,6.5,25.2636,0.153299,True,False
LBE,10,IV.9,15.5833,first_order,2,9.48384,0.0238071,152.873,True,9.5,13.7219,0.00854388,True,False
LBE,10,IV.9,15.5833,modified_gompertz,3,5.53753,0.0139007,119.79,False,9.5,6.64598,0.0372911,False,True
LBE,10,IV.9,15.5833,logistic,3,6.51551,0.0163557,130.524,False,9.5,39.2869,-0.147329,False,False
LBE,10,IV.9,15.5833,two_pool_first_order,4,9.39869,0.0235933,157.306,True,9.5,11.3061,0.0280672,True,False
LBE,10,IV.9,15.5833,gompertz_plus_linear,4,8.2722,0.0207655,148.88,False,9.5,68.0555,0.310837,True,False
LBE,10,IV.9,15.5833,first_order,2,9.48384,0.0238071,152.873,True,12.5,8.94021,0.0374932,True,False
LBE,10,IV.9,15.5833,modified_gompertz,3,5.53753,0.0139007,119.79,False,12.5,10.7132,0.0429329,False,True
LBE,10,IV.9,15.5833,logistic,3,6.51551,0.0163557,130.524,False,12.5,13.2809,-0.0405195,False,False
LBE,10,IV.9,15.5833,two_pool_first_order,4,9.39869,0.0235933,157.306,True,12.5,12.2734,0.0528741,True,False
LBE,10,IV.9,15.5833,gompertz_plus_linear,4,8.2722,0.0207655,148.88,False,12.5,23.297,0.0880146,False,False
LBE,11,IV.1,13.7083,first_order,2,9.66756,0.0343157,136.051,True,6.5,97.2989,-0.497881,False,False
LBE,11,IV.1,13.7083,modified_gompertz,3,7.01991,0.0249177,119.988,False,6.5,21.659,-0.0849534,True,False
LBE,11,IV.1,13.7083,logistic,3,6.67999,0.0237111,117.109,False,6.5,40.5055,-0.225169,True,True
LBE,11,IV.1,13.7083,two_pool_first_order,4,9.55327,0.0339101,140.566,True,6.5,48.87,-0.215363,True,False
LBE,11,IV.1,13.7083,gompertz_plus_linear,4,7.00814,0.0248759,122.597,False,6.5,46.9051,-0.202825,False,False
LBE,11,IV.1,13.7083,first_order,2,9.66756,0.0343157,136.051,True,9.5,10.4576,-0.00835317,True,False
LBE,11,IV.1,13.7083,modified_gompertz,3,7.01991,0.0249177,119.988,False,9.5,23.3669,0.145014,False,False
LBE,11,IV.1,13.7083,logistic,3,6.67999,0.0237111,117.109,False,9.5,7.70297,0.0467732,False,True
LBE,11,IV.1,13.7083,two_pool_first_order,4,9.55327,0.0339101,140.566,True,9.5,20.3043,-0.0569118,True,False
LBE,11,IV.1,13.7083,gompertz_plus_linear,4,7.00814,0.0248759,122.597,False,9.5,31.3928,0.197852,True,False
LBE,11,IV.1,13.7083,first_order,2,9.66756,0.0343157,136.051,True,12.5,3.71878,0.019321,True,False
LBE,11,IV.1,13.7083,modified_gompertz,3,7.01991,0.0249177,119.988,False,12.5,12.9395,0.0548613,False,False
LBE,11,IV.1,13.7083,logistic,3,6.67999,0.0237111,117.109,False,12.5,4.0825,0.017167,False,True
LBE,11,IV.1,13.7083,two_pool_first_order,4,9.55327,0.0339101,140.566,True,12.5,5.62042,0.0273549,True,False
LBE,11,IV.1,13.7083,gompertz_plus_linear,4,7.00814,0.0248759,122.597,False,12.5,17.1186,0.0725203,False,False
LBE,11,IV.10,13.7083,first_order,2,12.7936,0.031169,152.301,False,6.5,21.4872,0.102112,True,False
LBE,11,IV.10,13.7083,modified_gompertz,3,7.04822,0.0171715,120.221,False,6.5,15.5063,-0.0253933,False,True
LBE,11,IV.10,13.7083,logistic,3,7.06919,0.0172226,120.393,False,6.5,68.1955,-0.245777,False,False
LBE,11,IV.10,13.7083,two_pool_first_order,4,12.7936,0.031169,157.506,True,6.5,21.9157,0.0537373,True,False
LBE,11,IV.10,13.7083,gompertz_plus_linear,4,7.04822,0.0171715,122.928,True,6.5,95.9317,0.463411,True,False
LBE,11,IV.10,13.7083,first_order,2,12.7936,0.031169,152.301,False,9.5,35.7688,0.14648,True,False
LBE,11,IV.10,13.7083,modified_gompertz,3,7.04822,0.0171715,120.221,False,9.5,29.603,0.10721,False,True
LBE,11,IV.10,13.7083,logistic,3,7.06919,0.0172226,120.393,False,9.5,7.83183,-0.0320159,False,False
LBE,11,IV.10,13.7083,two_pool_first_order,4,12.7936,0.031169,157.506,True,9.5,42.2352,0.169821,True,False
LBE,11,IV.10,13.7083,gompertz_plus_linear,4,7.04822,0.0171715,122.928,True,9.5,63.6162,0.239398,False,False
LBE,11,IV.10,13.7083,first_order,2,12.7936,0.031169,152.301,False,12.5,33.6389,0.0934495,False,False
LBE,11,IV.10,13.7083,modified_gompertz,3,7.04822,0.0171715,120.221,False,12.5,9.62572,0.0260119,False,True
LBE,11,IV.10,13.7083,logistic,3,7.06919,0.0172226,120.393,False,12.5,5.91557,-0.0168797,False,False
LBE,11,IV.10,13.7083,two_pool_first_order,4,12.7936,0.031169,157.506,True,12.5,33.6389,0.0934495,True,False
LBE,11,IV.10,13.7083,gompertz_plus_linear,4,7.04822,0.0171715,122.928,True,12.5,9.62573,0.0260119,True,False
LBE,11,IV.11,13.7083,first_order,2,11.4597,0.0285996,145.914,True,6.5,90.9722,-0.331388,False,False
LBE,11,IV.11,13.7083,modified_gompertz,3,6.78222,0.0169261,117.99,False,6.5,49.9107,-0.188051,True,True
LBE,11,IV.11,13.7083,logistic,3,7.22927,0.0180418,121.692,False,6.5,99.1797,-0.392047,False,False
LBE,11,IV.11,13.7083,two_pool_first_order,4,11.4597,0.0285996,151.119,True,6.5,58.1695,-0.184043,True,False
LBE,11,IV.11,13.7083,gompertz_plus_linear,4,8.08533,0.0201783,130.89,False,6.5,53.0444,-0.161257,False,False
LBE,11,IV.11,13.7083,first_order,2,11.4597,0.0285996,145.914,True,9.5,18.4802,-0.0361933,True,False
LBE,11,IV.11,13.7083,modified_gompertz,3,6.78222,0.0169261,117.99,False,9.5,18.4585,0.0773974,False,True
LBE,11,IV.11,13.7083,logistic,3,7.22927,0.0180418,121.692,False,9.5,13.9029,-0.0561661,False,False
LBE,11,IV.11,13.7083,two_pool_first_order,4,11.4597,0.0285996,151.119,True,9.5,14.4763,-0.0203352,True,False
LBE,11,IV.11,13.7083,gompertz_plus_linear,4,8.08533,0.0201783,130.89,False,9.5,49.5372,0.209042,True,False
LBE,11,IV.11,13.7083,first_order,2,11.4597,0.0285996,145.914,True,12.5,4.80231,-0.00570749,True,False
LBE,11,IV.11,13.7083,modified_gompertz,3,6.78222,0.0169261,117.99,False,12.5,7.49498,0.0231919,False,True
LBE,11,IV.11,13.7083,logistic,3,7.22927,0.0180418,121.692,False,12.5,6.6655,-0.0185871,False,False
LBE,11,IV.11,13.7083,two_pool_first_order,4,11.4597,0.0285996,151.119,True,12.5,4.80231,-0.00570749,True,False
LBE,11,IV.11,13.7083,gompertz_plus_linear,4,8.08533,0.0201783,130.89,False,12.5,12.1704,0.0369471,False,False
LBE,11,IV.12,13.7083,first_order,2,11.4486,0.0298512,145.858,False,6.5,28.0839,-0.0324749,False,False
LBE,11,IV.12,13.7083,modified_gompertz,3,7.02688,0.0183219,120.045,False,6.5,33.6477,-0.103618,False,False
LBE,11,IV.12,13.7083,logistic,3,6.91037,0.0180181,119.075,False,6.5,75.3662,-0.284728,False,True
LBE,11,IV.12,13.7083,two_pool_first_order,4,11.4486,0.0298512,151.063,False,6.5,23.7397,0.0174138,True,False
LBE,11,IV.12,13.7083,gompertz_plus_linear,4,7.02688,0.0183219,122.752,True,6.5,55.9066,0.309064,True,False
LBE,11,IV.12,13.7083,first_order,2,11.4486,0.0298512,145.858,False,9.5,27.2899,0.126384,True,False
LBE,11,IV.12,13.7083,modified_gompertz,3,7.02688,0.0183219,120.045,False,9.5,25.5464,0.106627,False,False
LBE,11,IV.12,13.7083,logistic,3,6.91037,0.0180181,119.075,False,9.5,8.26418,-0.0295308,False,True
LBE,11,IV.12,13.7083,two_pool_first_order,4,11.4486,0.0298512,151.063,False,9.5,32.4665,0.14721,True,False
LBE,11,IV.12,13.7083,gompertz_plus_linear,4,7.02688,0.0183219,122.752,True,9.5,66.7695,0.281137,False,False
LBE,11,IV.12,13.7083,first_order,2,11.4486,0.0298512,145.858,False,12.5,32.0446,0.0961986,False,False
LBE,11,IV.12,13.7083,modified_gompertz,3,7.02688,0.0183219,120.045,False,12.5,12.8892,0.0381579,False,False
LBE,11,IV.12,13.7083,logistic,3,6.91037,0.0180181,119.075,False,12.5,1.43034,-0.00459342,False,True
LBE,11,IV.12,13.7083,two_pool_first_order,4,11.4486,0.0298512,151.063,False,12.5,32.0446,0.0961986,False,False
LBE,11,IV.12,13.7083,gompertz_plus_linear,4,7.02688,0.0183219,122.752,True,12.5,14.799,0.043947,False,False
LBE,11,IV.13,13.7083,first_order,2,13.0808,0.0304944,153.588,False,6.5,22.428,0.0208337,False,False
LBE,11,IV.13,13.7083,modified_gompertz,3,7.80495,0.0181952,126.136,False,6.5,36.5315,-0.100322,False,True
LBE,11,IV.13,13.7083,logistic,3,7.85922,0.0183217,126.538,False,6.5,83.213,-0.277821,False,False
LBE,11,IV.13,13.7083,two_pool_first_order,4,13.0808,0.0304944,158.793,True,6.5,22.8739,0.0618339,True,False
LBE,11,IV.13,13.7083,gompertz_plus_linear,4,7.80495,0.0181952,128.843,True,6.5,70.1266,0.336151,True,False
LBE,11,IV.13,13.7083,first_order,2,13.0808,0.0304944,153.588,False,9.5,41.1198,0.159828,True,False
LBE,11,IV.13,13.7083,modified_gompertz,3,7.80495,0.0181952,126.136,False,9.5,30.7619,0.108718,False,True
LBE,11,IV.13,13.7083,logistic,3,7.85922,0.0183217,126.538,False,9.5,6.19018,-0.0231719,False,False
LBE,11,IV.13,13.7083,two_pool_first_order,4,13.0808,0.0304944,158.793,True,9.5,48.385,0.184807,True,False
LBE,11,IV.13,13.7083,gompertz_plus_linear,4,7.80495,0.0181952,128.843,True,9.5,75.7046,0.277037,False,False
LBE,11,IV.13,13.7083,first_order,2,13.0808,0.0304944,153.588,False,12.5,34.9172,0.0927468,False,False
LBE,11,IV.13,13.7083,modified_gompertz,3,7.80495,0.0181952,126.136,False,12.5,11.9739,0.0310506,False,True
LBE,11,IV.13,13.7083,logistic,3,7.85922,0.0183217,126.538,False,12.5,3.70235,-0.0103943,False,False
LBE,11,IV.13,13.7083,two_pool_first_order,4,13.0808,0.0304944,158.793,True,12.5,34.9172,0.0927468,True,False
LBE,11,IV.13,13.7083,gompertz_plus_linear,4,7.80495,0.0181952,128.843,True,12.5,12.9346,0.0336496,False,False
LBE,11,IV.14,13.7083,first_order,2,12.4731,0.0298676,150.829,False,6.5,23.2225,0.114187,False,False
LBE,11,IV.14,13.7083,modified_gompertz,3,6.99706,0.0167549,119.798,False,6.5,24.0129,-0.0622544,False,True
LBE,11,IV.14,13.7083,logistic,3,7.76098,0.0185842,125.808,False,6.5,73.088,-0.25072,False,False
LBE,11,IV.14,13.7083,two_pool_first_order,4,12.4731,0.0298676,156.034,True,6.5,26.7762,0.131458,True,False
LBE,11,IV.14,13.7083,gompertz_plus_linear,4,6.99706,0.0167549,122.505,True,6.5,91.0926,0.42774,True,False
LBE,11,IV.14,13.7083,first_order,2,12.4731,0.0298676,150.829,False,9.5,54.5155,0.206358,True,False
LBE,11,IV.14,13.7083,modified_gompertz,3,6.99706,0.0167549,119.798,False,9.5,23.6874,0.0834629,False,True
LBE,11,IV.14,13.7083,logistic,3,7.76098,0.0185842,125.808,False,9.5,10.2695,-0.0378364,False,False
LBE,11,IV.14,13.7083,two_pool_first_order,4,12.4731,0.0298676,156.034,True,9.5,61.7381,0.231358,True,False
LBE,11,IV.14,13.7083,gompertz_plus_linear,4,6.99706,0.0167549,122.505,True,9.5,62.3294,0.229483,False,False
LBE,11,IV.14,13.7083,first_order,2,12.4731,0.0298676,150.829,False,12.5,31.9165,0.0869965,False,False
LBE,11,IV.14,13.7083,modified_gompertz,3,6.99706,0.0167549,119.798,False,12.5,8.48896,0.0228546,False,True
LBE,11,IV.14,13.7083,logistic,3,7.76098,0.0185842,125.808,False,12.5,6.18681,-0.0166179,False,False
LBE,11,IV.14,13.7083,two_pool_first_order,4,12.4731,0.0298676,156.034,True,12.5,31.9165,0.0869965,True,False
LBE,11,IV.14,13.7083,gompertz_plus_linear,4,6.99706,0.0167549,122.505,True,12.5,9.09797,0.0245423,False,False
LBE,11,IV.15,13.7083,first_order,2,1.96275,0.226534,43.5736,False,6.5,2.24321,0.0434876,True,False
LBE,11,IV.15,13.7083,modified_gompertz,3,0.338596,0.0390798,-55.8509,False,6.5,6.45774e-06,7.45334e-07,False,False
LBE,11,IV.15,13.7083,logistic,3,0.338048,0.0390164,-55.945,False,6.5,0.100317,0.0115784,False,False
LBE,11,IV.15,13.7083,two_pool_first_order,4,1.96275,0.226534,48.7787,False,6.5,2.24346,0.0433834,True,False
LBE,11,IV.15,13.7083,gompertz_plus_linear,4,0.254007,0.0293167,-69.8163,False,6.5,0.82956,0.150769,False,True
LBE,11,IV.15,13.7083,first_order,2,1.96275,0.226534,43.5736,False,9.5,2.52649,0.443673,True,False
LBE,11,IV.15,13.7083,modified_gompertz,3,0.338596,0.0390798,-55.8509,False,9.5,1.29807e-06,1.49819e-07,False,False
LBE,11,IV.15,13.7083,logistic,3,0.338048,0.0390164,-55.945,False,9.5,0.0142754,0.00164762,False,False
LBE,11,IV.15,13.7083,two_pool_first_order,4,1.96275,0.226534,48.7787,False,9.5,2.52649,0.443673,True,False
LBE,11,IV.15,13.7083,gompertz_plus_linear,4,0.254007,0.0293167,-69.8163,False,9.5,0.695267,0.10874,False,True
LBE,11,IV.15,13.7083,first_order,2,1.96275,0.226534,43.5736,False,12.5,2.4903,0.315273,True,False
LBE,11,IV.15,13.7083,modified_gompertz,3,0.338596,0.0390798,-55.8509,False,12.5,6.81764e-07,7.86872e-08,False,False
LBE,11,IV.15,13.7083,logistic,3,0.338048,0.0390164,-55.945,False,12.5,0.00768916,0.000887461,False,False
LBE,11,IV.15,13.7083,two_pool_first_order,4,1.96275,0.226534,48.7787,False,12.5,2.48799,0.314982,False,False
LBE,11,IV.15,13.7083,gompertz_plus_linear,4,0.254007,0.0293167,-69.8163,False,12.5,0.458951,0.0567231,False,True
LBE,11,IV.2,13.7083,first_order,2,0.728496,0.0119199,-13.9113,False,6.5,0.0759231,-0.00115689,False,False
LBE,11,IV.2,13.7083,modified_gompertz,3,2.05273,0.0335875,48.6719,True,6.5,1.26715,-0.0207332,True,False
LBE,11,IV.2,13.7083,logistic,3,2.63221,0.0430692,63.0939,True,6.5,1.5562,-0.0254631,True,False
LBE,11,IV.2,13.7083,two_pool_first_order,4,0.358725,0.00586958,-49.7949,True,6.5,0.623051,0.010488,True,True
LBE,11,IV.2,13.7083,gompertz_plus_linear,4,1.92833,0.031552,47.7527,True,6.5,9.72069,0.239047,True,False
LBE,11,IV.2,13.7083,first_order,2,0.728496,0.0119199,-13.9113,False,9.5,0.0315243,-0.000511031,False,False
LBE,11,IV.2,13.7083,modified_gompertz,3,2.05273,0.0335875,48.6719,True,9.5,0.726149,-0.0118815,True,False
LBE,11,IV.2,13.7083,logistic,3,2.63221,0.0430692,63.0939,True,9.5,0.907492,-0.0148487,True,False
LBE,11,IV.2,13.7083,two_pool_first_order,4,0.358725,0.00586958,-49.7949,True,9.5,0.298188,0.00490203,True,True
LBE,11,IV.2,13.7083,gompertz_plus_linear,4,1.92833,0.031552,47.7527,True,9.5,3.02613,0.0658112,True,False
LBE,11,IV.2,13.7083,first_order,2,0.728496,0.0119199,-13.9113,False,12.5,0.0209257,-0.000342231,False,False
LBE,11,IV.2,13.7083,modified_gompertz,3,2.05273,0.0335875,48.6719,True,12.5,0.507634,-0.00830608,True,False
LBE,11,IV.2,13.7083,logistic,3,2.63221,0.0430692,63.0939,True,12.5,0.638949,-0.0104547,True,False
LBE,11,IV.2,13.7083,two_pool_first_order,4,0.358725,0.00586958,-49.7949,True,12.5,0.191273,0.00313064,True,True
LBE,11,IV.2,13.7083,gompertz_plus_linear,4,1.92833,0.031552,47.7527,True,12.5,1.27167,0.022317,True,False
LBE,11,IV.3,13.7083,first_order,2,0.0467525,0.00621251,-173.186,False,6.5,0.0357244,0.00474764,False,True
LBE,11,IV.3,13.7083,modified_gompertz,3,0.1319,0.0175269,-110.531,False,6.5,0.0384951,-0.00511526,False,False
LBE,11,IV.3,13.7083,logistic,3,0.218128,0.0289851,-81.3549,False,6.5,0.0864553,-0.0114883,False,False
LBE,11,IV.3,13.7083,two_pool_first_order,4,0.0467525,0.00621251,-167.981,True,6.5,0.0357244,0.00474765,True,False
LBE,11,IV.3,13.7083,gompertz_plus_linear,4,0.129165,0.0171635,-109.04,False,6.5,0.306226,0.060096,False,False
LBE,11,IV.3,13.7083,first_order,2,0.0467525,0.00621251,-173.186,False,9.5,0.0216867,0.00288175,False,True
LBE,11,IV.3,13.7083,modified_gompertz,3,0.1319,0.0175269,-110.531,False,9.5,0.0241599,-0.00321039,False,False
LBE,11,IV.3,13.7083,logistic,3,0.218128,0.0289851,-81.3549,False,9.5,0.0539458,-0.00716837,False,False
LBE,11,IV.3,13.7083,two_pool_first_order,4,0.0467525,0.00621251,-167.981,True,9.5,0.0216867,0.00288175,True,False
LBE,11,IV.3,13.7083,gompertz_plus_linear,4,0.129165,0.0171635,-109.04,False,9.5,0.102173,0.0177389,False,False
LBE,11,IV.3,13.7083,first_order,2,0.0467525,0.00621251,-173.186,False,12.5,0.0155737,0.00206945,False,True
LBE,11,IV.3,13.7083,modified_gompertz,3,0.1319,0.0175269,-110.531,False,12.5,0.0175981,-0.00233846,False,False
LBE,11,IV.3,13.7083,logistic,3,0.218128,0.0289851,-81.3549,False,12.5,0.0391704,-0.005205,False,False
LBE,11,IV.3,13.7083,two_pool_first_order,4,0.0467525,0.00621251,-167.981,True,12.5,0.0155737,0.00206945,True,False
LBE,11,IV.3,13.7083,gompertz_plus_linear,4,0.129165,0.0171635,-109.04,False,12.5,0.045922,0.00650494,False,False
LBE,11,IV.4,13.7083,first_order,2,16.455,0.0404634,166.898,True,6.5,45.6223,-0.0764412,True,False
LBE,11,IV.4,13.7083,modified_gompertz,3,10.0263,0.0246549,140.662,False,6.5,76.0739,0.367179,False,False
LBE,11,IV.4,13.7083,logistic,3,7.67908,0.0188831,125.193,False,6.5,13.5504,0.0465578,False,True
LBE,11,IV.4,13.7083,two_pool_first_order,4,16.2903,0.0400583,171.52,True,6.5,41.7566,-0.0568756,True,False
LBE,11,IV.4,13.7083,gompertz_plus_linear,4,9.38483,0.0230776,139.534,False,6.5,86.0273,0.43496,True,False
LBE,11,IV.4,13.7083,first_order,2,16.455,0.0404634,166.898,True,9.5,11.7159,0.0404553,True,False
LBE,11,IV.4,13.7083,modified_gompertz,3,10.0263,0.0246549,140.662,False,9.5,72.0813,0.265469,False,False
LBE,11,IV.4,13.7083,logistic,3,7.67908,0.0188831,125.193,False,9.5,19.3053,0.0496284,False,True
LBE,11,IV.4,13.7083,two_pool_first_order,4,16.2903,0.0400583,171.52,True,9.5,11.7159,0.0404553,True,False
LBE,11,IV.4,13.7083,gompertz_plus_linear,4,9.38483,0.0230776,139.534,False,9.5,85.7089,0.321095,False,False
LBE,11,IV.4,13.7083,first_order,2,16.455,0.0404634,166.898,True,12.5,17.7741,0.0532997,True,False
LBE,11,IV.4,13.7083,modified_gompertz,3,10.0263,0.0246549,140.662,False,12.5,12.2179,0.0337465,False,False
LBE,11,IV.4,13.7083,logistic,3,7.67908,0.0188831,125.193,False,12.5,6.85017,-0.0199669,False,True
LBE,11,IV.4,13.7083,two_pool_first_order,4,16.2903,0.0400583,171.52,True,12.5,22.5749,0.0662713,True,False
LBE,11,IV.4,13.7083,gompertz_plus_linear,4,9.38483,0.0230776,139.534,False,12.5,12.2179,0.0337465,True,False
LBE,11,IV.5,13.7083,first_order,2,17.4991,0.0416228,170.466,False,6.5,31.4055,0.13525,True,False
LBE,11,IV.5,13.7083,modified_gompertz,3,8.86447,0.0210848,133.519,False,6.5,121.882,0.486637,False,False
LBE,11,IV.5,13.7083,logistic,3,7.94678,0.018902,127.18,False,6.5,13.7524,0.0133624,False,True
LBE,11,IV.5,13.7083,two_pool_first_order,4,17.4991,0.0416228,175.671,True,6.5,36.7609,0.16679,True,False
LBE,11,IV.5,13.7083,gompertz_plus_linear,4,8.86447,0.0210848,136.226,True,6.5,218.75,0.946636,True,False
LBE,11,IV.5,13.7083,first_order,2,17.4991,0.0416228,170.466,False,9.5,54.674,0.197138,True,False
LBE,11,IV.5,13.7083,modified_gompertz,3,8.86447,0.0210848,133.519,False,9.5,33.9482,0.0994887,False,False
LBE,11,IV.5,13.7083,logistic,3,7.94678,0.018902,127.18,False,9.5,10.5824,-0.0465994,False,True
LBE,11,IV.5,13.7083,two_pool_first_order,4,17.4991,0.0416228,175.671,True,9.5,62.4341,0.223539,True,False
LBE,11,IV.5,13.7083,gompertz_plus_linear,4,8.86447,0.0210848,136.226,True,9.5,34.005,0.0997078,False,False
LBE,11,IV.5,13.7083,first_order,2,17.4991,0.0416228,170.466,False,12.5,33.9008,0.089484,False,False
LBE,11,IV.5,13.7083,modified_gompertz,3,8.86447,0.0210848,133.519,False,12.5,1.52234,0.00105464,False,False
LBE,11,IV.5,13.7083,logistic,3,7.94678,0.018902,127.18,False,12.5,15.7095,-0.0432758,False,True
LBE,11,IV.5,13.7083,two_pool_first_order,4,17.4991,0.0416228,175.671,True,12.5,33.9008,0.089484,True,False
LBE,11,IV.5,13.7083,gompertz_plus_linear,4,8.86447,0.0210848,136.226,True,12.5,1.52234,0.00105464,True,False
LBE,11,IV.6,13.7083,first_order,2,16.6445,0.0384642,167.562,True,6.5,55.0221,-0.125568,True,False
LBE,11,IV.6,13.7083,modified_gompertz,3,8.82145,0.0203857,133.237,False,6.5,51.1512,0.23698,False,False
LBE,11,IV.6,13.7083,logistic,3,7.28723,0.0168403,122.155,False,6.5,19.6939,-0.0750968,False,True
LBE,11,IV.6,13.7083,two_pool_first_order,4,15.7862,0.0364808,169.697,True,6.5,50.6516,-0.106889,True,False
LBE,11,IV.6,13.7083,gompertz_plus_linear,4,7.51162,0.0173588,126.621,False,6.5,74.174,0.357925,True,False
LBE,11,IV.6,13.7083,first_order,2,16.6445,0.0384642,167.562,True,9.5,17.7319,-0.0145327,True,False
LBE,11,IV.6,13.7083,modified_gompertz,3,8.82145,0.0203857,133.237,False,9.5,61.9972,0.217038,False,False
LBE,11,IV.6,13.7083,logistic,3,7.28723,0.0168403,122.155,False,9.5,9.50473,0.0103945,False,True
LBE,11,IV.6,13.7083,two_pool_first_order,4,15.7862,0.0364808,169.697,True,9.5,13.7063,0.00406489,True,False
LBE,11,IV.6,13.7083,gompertz_plus_linear,4,7.51162,0.0173588,126.621,False,9.5,78.8978,0.282063,False,False
LBE,11,IV.6,13.7083,first_order,2,16.6445,0.0384642,167.562,True,12.5,4.37131,0.0148119,True,False
LBE,11,IV.6,13.7083,modified_gompertz,3,8.82145,0.0203857,133.237,False,12.5,10.2254,0.0265644,False,False
LBE,11,IV.6,13.7083,logistic,3,7.28723,0.0168403,122.155,False,12.5,9.66649,-0.0266396,False,True
LBE,11,IV.6,13.7083,two_pool_first_order,4,15.7862,0.0364808,169.697,True,12.5,9.13242,0.0278889,True,False
LBE,11,IV.6,13.7083,gompertz_plus_linear,4,7.51162,0.0173588,126.621,False,12.5,9.21091,0.0263425,False,False
LBE,11,IV.7,13.7083,first_order,2,18.65,0.0423331,174.161,False,6.5,31.4866,0.125866,True,False
LBE,11,IV.7,13.7083,modified_gompertz,3,8.88314,0.0201635,133.641,False,6.5,109.689,0.422005,False,False
LBE,11,IV.7,13.7083,logistic,3,7.56857,0.0171796,124.352,False,6.5,5.85794,-0.0267051,False,True
LBE,11,IV.7,13.7083,two_pool_first_order,4,18.65,0.0423331,179.366,True,6.5,36.5217,0.158506,True,False
LBE,11,IV.7,13.7083,gompertz_plus_linear,4,8.88314,0.0201635,136.348,True,6.5,222.085,0.924299,True,False
LBE,11,IV.7,13.7083,first_order,2,18.65,0.0423331,174.161,False,9.5,54.7333,0.193325,True,False
LBE,11,IV.7,13.7083,modified_gompertz,3,8.88314,0.0201635,133.641,False,9.5,37.2234,0.109784,False,False
LBE,11,IV.7,13.7083,logistic,3,7.56857,0.0171796,124.352,False,9.5,9.27904,-0.0393456,False,True
LBE,11,IV.7,13.7083,two_pool_first_order,4,18.65,0.0423331,179.366,True,9.5,63.23,0.221023,True,False
LBE,11,IV.7,13.7083,gompertz_plus_linear,4,8.88314,0.0201635,136.348,True,9.5,39.7101,0.118825,False,False
LBE,11,IV.7,13.7083,first_order,2,18.65,0.0423331,174.161,False,12.5,40.0614,0.100965,False,False
LBE,11,IV.7,13.7083,modified_gompertz,3,8.88314,0.0201635,133.641,False,12.5,4.98371,0.0101665,False,False
LBE,11,IV.7,13.7083,logistic,3,7.56857,0.0171796,124.352,False,12.5,12.9788,-0.0346703,False,True
LBE,11,IV.7,13.7083,two_pool_first_order,4,18.65,0.0423331,179.366,True,12.5,40.0614,0.100965,True,False
LBE,11,IV.7,13.7083,gompertz_plus_linear,4,8.88314,0.0201635,136.348,True,12.5,4.98371,0.0101665,True,False
LBE,11,IV.8,13.7083,first_order,2,18.5839,0.0399492,173.955,False,6.5,34.9663,-0.00290494,True,False
LBE,11,IV.8,13.7083,modified_gompertz,3,9.85387,0.0211825,139.656,False,6.5,158.928,0.613142,False,False
LBE,11,IV.8,13.7083,logistic,3,8.49982,0.0182717,131.083,False,6.5,33.5065,0.0845074,False,True
LBE,11,IV.8,13.7083,two_pool_first_order,4,18.5839,0.0399492,179.16,True,6.5,31.2166,0.0239335,True,False
LBE,11,IV.8,13.7083,gompertz_plus_linear,4,9.85387,0.0211825,142.363,True,6.5,184.116,0.74104,True,False
LBE,11,IV.8,13.7083,first_order,2,18.5839,0.0399492,173.955,False,9.5,25.6804,0.0953146,True,False
LBE,11,IV.8,13.7083,modified_gompertz,3,9.85387,0.0211825,139.656,False,9.5,48.447,0.140909,False,False
LBE,11,IV.8,13.7083,logistic,3,8.49982,0.0182717,131.083,False,9.5,9.76876,-0.0389178,False,True
LBE,11,IV.8,13.7083,two_pool_first_order,4,18.5839,0.0399492,179.16,True,9.5,33.3825,0.120227,True,False
LBE,11,IV.8,13.7083,gompertz_plus_linear,4,9.85387,0.0211825,142.363,True,9.5,49.404,0.144229,False,False
LBE,11,IV.8,13.7083,first_order,2,18.5839,0.0399492,173.955,False,12.5,33.6166,0.0820235,True,False
LBE,11,IV.8,13.7083,modified_gompertz,3,9.85387,0.0211825,139.656,False,12.5,4.17559,0.00809882,False,False
LBE,11,IV.8,13.7083,logistic,3,8.49982,0.0182717,131.083,False,12.5,16.5179,-0.0416714,False,True
LBE,11,IV.8,13.7083,two_pool_first_order,4,18.5839,0.0399492,179.16,True,12.5,40.0611,0.0971746,True,False
LBE,11,IV.8,13.7083,gompertz_plus_linear,4,9.85387,0.0211825,142.363,True,12.5,4.17559,0.00809882,True,False
LBE,11,IV.9,13.7083,first_order,2,14.7835,0.0354242,160.685,False,6.5,61.3765,0.261549,True,False
LBE,11,IV.9,13.7083,modified_gompertz,3,7.52098,0.0180217,123.986,False,6.5,85.9338,0.299983,False,True
LBE,11,IV.9,13.7083,logistic,3,9.47557,0.0227053,137.386,False,6.5,13.84,-0.0746026,False,False
LBE,11,IV.9,13.7083,two_pool_first_order,4,14.7835,0.0354242,165.891,True,6.5,70.8599,0.300552,True,False
LBE,11,IV.9,13.7083,gompertz_plus_linear,4,7.49635,0.0179627,126.503,False,6.5,251.554,1.05689,True,False
LBE,11,IV.9,13.7083,first_order,2,14.7835,0.0354242,160.685,False,9.5,69.3325,0.232304,False,False
LBE,11,IV.9,13.7083,modified_gompertz,3,7.52098,0.0180217,123.986,False,9.5,8.90294,0.000903897,False,True
LBE,11,IV.9,13.7083,logistic,3,9.47557,0.0227053,137.386,False,9.5,25.7803,-0.102129,False,False
LBE,11,IV.9,13.7083,two_pool_first_order,4,14.7835,0.0354242,165.891,True,9.5,69.3325,0.232304,True,False
LBE,11,IV.9,13.7083,gompertz_plus_linear,4,7.49635,0.0179627,126.503,False,9.5,8.90294,0.000903902,True,False
LBE,11,IV.9,13.7083,first_order,2,14.7835,0.0354242,160.685,False,12.5,20.6847,0.0530103,False,False
LBE,11,IV.9,13.7083,modified_gompertz,3,7.52098,0.0180217,123.986,False,12.5,9.84481,-0.0285773,False,True
LBE,11,IV.9,13.7083,logistic,3,9.47557,0.0227053,137.386,False,12.5,24.3982,-0.0667366,False,False
LBE,11,IV.9,13.7083,two_pool_first_order,4,14.7835,0.0354242,165.891,True,12.5,20.6847,0.0530103,True,False
LBE,11,IV.9,13.7083,gompertz_plus_linear,4,7.49635,0.0179627,126.503,False,12.5,9.84481,-0.0285773,True,False
LBE,12,IV.1,20.7917,first_order,2,7.6989,0.0188924,179.833,False,6.5,59.2092,0.249912,True,False
LBE,12,IV.1,20.7917,modified_gompertz,3,11.4635,0.0281304,216.384,True,6.5,58.3466,0.122201,False,False
LBE,12,IV.1,20.7917,logistic,3,16.2727,0.0399318,246.512,False,6.5,63.6824,-0.323447,False,False
LBE,12,IV.1,20.7917,two_pool_first_order,4,7.65038,0.0187734,184.042,True,6.5,68.7176,0.294069,True,False
LBE,12,IV.1,20.7917,gompertz_plus_linear,4,5.87564,0.0144183,161.343,False,6.5,353.532,1.65232,True,True
LBE,12,IV.1,20.7917,first_order,2,7.6989,0.0188924,179.833,False,9.5,71.832,0.267529,True,False
LBE,12,IV.1,20.7917,modified_gompertz,3,11.4635,0.0281304,216.384,True,9.5,34.5567,-0.184404,False,False
LBE,12,IV.1,20.7917,logistic,3,16.2727,0.0399318,246.512,False,9.5,76.0751,-0.33791,False,False
LBE,12,IV.1,20.7917,two_pool_first_order,4,7.65038,0.0187734,184.042,True,9.5,79.2168,0.299392,False,False
LBE,12,IV.1,20.7917,gompertz_plus_linear,4,5.87564,0.0144183,161.343,False,9.5,22.0699,-0.122785,False,True
LBE,12,IV.1,20.7917,first_order,2,7.6989,0.0188924,179.833,False,12.5,12.5718,0.0154435,False,False
LBE,12,IV.1,20.7917,modified_gompertz,3,11.4635,0.0281304,216.384,True,12.5,50.994,-0.220765,False,False
LBE,12,IV.1,20.7917,logistic,3,16.2727,0.0399318,246.512,False,12.5,73.9819,-0.297866,False,False
LBE,12,IV.1,20.7917,two_pool_first_order,4,7.65038,0.0187734,184.042,True,12.5,12.5718,0.0154436,True,False
LBE,12,IV.1,20.7917,gompertz_plus_linear,4,5.87564,0.0144183,161.343,False,12.5,50.994,-0.220765,True,True
LBE,12,IV.10,20.7917,first_order,2,11.9275,0.0267313,217.481,False,6.5,158.606,0.639105,True,False
LBE,12,IV.10,20.7917,modified_gompertz,3,8.57189,0.0192109,191.385,False,6.5,23.1639,0.0169537,False,False
LBE,12,IV.10,20.7917,logistic,3,14.3117,0.0320747,235.468,False,6.5,75.9472,-0.275529,False,False
LBE,12,IV.10,20.7917,two_pool_first_order,4,11.9275,0.0267313,222.233,True,6.5,179.373,0.726087,True,False
LBE,12,IV.10,20.7917,gompertz_plus_linear,4,4.87188,0.0109186,145.232,False,6.5,480.205,2.03732,True,True
LBE,12,IV.10,20.7917,first_order,2,11.9275,0.0267313,217.481,False,9.5,136.524,0.486642,False,False
LBE,12,IV.10,20.7917,modified_gompertz,3,8.57189,0.0192109,191.385,False,9.5,13.2234,-0.062375,False,False
LBE,12,IV.10,20.7917,logistic,3,14.3117,0.0320747,235.468,False,9.5,53.0107,-0.195375,False,False
LBE,12,IV.10,20.7917,two_pool_first_order,4,11.9275,0.0267313,222.233,True,9.5,136.524,0.486642,True,False
LBE,12,IV.10,20.7917,gompertz_plus_linear,4,4.87188,0.0109186,145.232,False,9.5,27.7436,0.0767297,False,True
LBE,12,IV.10,20.7917,first_order,2,11.9275,0.0267313,217.481,False,12.5,48.2488,0.14583,False,False
LBE,12,IV.10,20.7917,modified_gompertz,3,8.57189,0.0192109,191.385,False,12.5,24.9591,-0.0965642,False,False
LBE,12,IV.10,20.7917,logistic,3,14.3117,0.0320747,235.468,False,12.5,47.1217,-0.16086,False,False
LBE,12,IV.10,20.7917,two_pool_first_order,4,11.9275,0.0267313,222.233,True,12.5,48.2488,0.14583,True,False
LBE,12,IV.10,20.7917,gompertz_plus_linear,4,4.87188,0.0109186,145.232,False,12.5,24.9591,-0.0965642,True,True
LBE,12,IV.11,20.7917,first_order,2,10.8367,0.0207151,209.233,False,6.5,115.101,0.423317,True,False
LBE,12,IV.11,20.7917,modified_gompertz,3,8.37513,0.0160096,189.388,False,6.5,32.0129,-0.121866,False,False
LBE,12,IV.11,20.7917,logistic,3,15.8105,0.0302227,244.033,False,6.5,124.158,-0.368623,False,False
LBE,12,IV.11,20.7917,two_pool_first_order,4,10.8367,0.0207151,213.986,True,6.5,136.585,0.500318,True,False
LBE,12,IV.11,20.7917,gompertz_plus_linear,4,4.27835,0.00817833,134.059,False,6.5,400.354,1.48731,True,True
LBE,12,IV.11,20.7917,first_order,2,10.8367,0.0207151,209.233,False,9.5,131.803,0.429863,True,False
LBE,12,IV.11,20.7917,modified_gompertz,3,8.37513,0.0160096,189.388,False,9.5,24.7086,-0.0915711,False,False
LBE,12,IV.11,20.7917,logistic,3,15.8105,0.0302227,244.033,False,9.5,81.0371,-0.244793,False,False
LBE,12,IV.11,20.7917,two_pool_first_order,4,10.8367,0.0207151,213.986,True,9.5,135.695,0.442736,True,False
LBE,12,IV.11,20.7917,gompertz_plus_linear,4,4.27835,0.00817833,134.059,False,9.5,53.5703,0.168863,False,True
LBE,12,IV.11,20.7917,first_order,2,10.8367,0.0207151,209.233,False,12.5,54.7647,0.161241,False,False
LBE,12,IV.11,20.7917,modified_gompertz,3,8.37513,0.0160096,189.388,False,12.5,33.8301,-0.104221,False,False
LBE,12,IV.11,20.7917,logistic,3,15.8105,0.0302227,244.033,False,12.5,65.8913,-0.186611,False,False
LBE,12,IV.11,20.7917,two_pool_first_order,4,10.8367,0.0207151,213.986,True,12.5,54.7647,0.161241,True,False
LBE,12,IV.11,20.7917,gompertz_plus_linear,4,4.27835,0.00817833,134.059,False,12.5,14.1338,-0.040945,False,True
LBE,12,IV.12,20.7917,first_order,2,13.6888,0.0311737,229.326,False,6.5,107.822,0.476762,True,False
LBE,12,IV.12,20.7917,modified_gompertz,3,6.67971,0.0152118,169.936,False,6.5,17.3402,0.0308847,False,False
LBE,12,IV.12,20.7917,logistic,3,11.4331,0.0260367,216.155,False,6.5,85.4738,-0.302431,False,False
LBE,12,IV.12,20.7917,two_pool_first_order,4,13.6888,0.0311737,234.078,False,6.5,123.628,0.544975,True,False
LBE,12,IV.12,20.7917,gompertz_plus_linear,4,5.52745,0.0125877,156.089,False,6.5,397.404,1.76029,True,True
LBE,12,IV.12,20.7917,first_order,2,13.6888,0.0311737,229.326,False,9.5,133.34,0.514757,True,False
LBE,12,IV.12,20.7917,modified_gompertz,3,6.67971,0.0152118,169.936,False,9.5,28.9032,0.0585179,False,False
LBE,12,IV.12,20.7917,logistic,3,11.4331,0.0260367,216.155,False,9.5,39.5692,-0.157143,False,False
LBE,12,IV.12,20.7917,two_pool_first_order,4,13.6888,0.0311737,234.078,False,9.5,148.966,0.576738,True,False
LBE,12,IV.12,20.7917,gompertz_plus_linear,4,5.52745,0.0125877,156.089,False,9.5,89.8945,0.31519,False,True
LBE,12,IV.12,20.7917,first_order,2,13.6888,0.0311737,229.326,False,12.5,74.6277,0.253408,False,False
LBE,12,IV.12,20.7917,modified_gompertz,3,6.67971,0.0152118,169.936,False,12.5,10.3785,-0.0462157,False,False
LBE,12,IV.12,20.7917,logistic,3,11.4331,0.0260367,216.155,False,12.5,38.8491,-0.138695,False,False
LBE,12,IV.12,20.7917,two_pool_first_order,4,13.6888,0.0311737,234.078,False,12.5,74.6277,0.253408,True,False
LBE,12,IV.12,20.7917,gompertz_plus_linear,4,5.52745,0.0125877,156.089,False,12.5,10.3785,-0.0462157,True,True
LBE,12,IV.13,20.7917,first_order,2,13.9433,0.0297862,230.91,False,6.5,153.931,0.605695,True,False
LBE,12,IV.13,20.7917,modified_gompertz,3,7.44729,0.0159091,179.29,False,6.5,22.6397,0.0331422,False,False
LBE,12,IV.13,20.7917,logistic,3,12.8393,0.0274277,226.131,False,6.5,81.3511,-0.271554,False,False
LBE,12,IV.13,20.7917,two_pool_first_order,4,13.9433,0.0297862,235.663,False,6.5,175.895,0.693526,True,False
LBE,12,IV.13,20.7917,gompertz_plus_linear,4,5.60609,0.0119759,157.304,False,6.5,457.951,1.86549,True,True
LBE,12,IV.13,20.7917,first_order,2,13.9433,0.0297862,230.91,False,9.5,164.912,0.575859,False,False
LBE,12,IV.13,20.7917,modified_gompertz,3,7.44729,0.0159091,179.29,False,9.5,15.2846,0.000763051,False,False
LBE,12,IV.13,20.7917,logistic,3,12.8393,0.0274277,226.131,False,9.5,45.2002,-0.162368,False,False
LBE,12,IV.13,20.7917,two_pool_first_order,4,13.9433,0.0297862,235.663,False,9.5,164.912,0.575859,True,False
LBE,12,IV.13,20.7917,gompertz_plus_linear,4,5.60609,0.0119759,157.304,False,9.5,64.2434,0.2032,False,True
LBE,12,IV.13,20.7917,first_order,2,13.9433,0.0297862,230.91,False,12.5,64.1758,0.193701,False,False
LBE,12,IV.13,20.7917,modified_gompertz,3,7.44729,0.0159091,179.29,False,12.5,15.8636,-0.0636711,False,False
LBE,12,IV.13,20.7917,logistic,3,12.8393,0.0274277,226.131,False,12.5,41.8434,-0.137606,False,False
LBE,12,IV.13,20.7917,two_pool_first_order,4,13.9433,0.0297862,235.663,False,12.5,64.1758,0.193701,True,False
LBE,12,IV.13,20.7917,gompertz_plus_linear,4,5.60609,0.0119759,157.304,False,12.5,15.8636,-0.0636711,True,True
LBE,12,IV.14,20.7917,first_order,2,12.7646,0.0282075,223.314,False,6.5,206.552,0.779395,True,False
LBE,12,IV.14,20.7917,modified_gompertz,3,9.22915,0.0203949,197.739,False,6.5,13.1678,-0.0365179,False,False
LBE,12,IV.14,20.7917,logistic,3,14.2545,0.0315001,235.124,False,6.5,71.4004,-0.262595,False,False
LBE,12,IV.14,20.7917,two_pool_first_order,4,12.7646,0.0282075,228.067,True,6.5,232.098,0.884745,True,False
LBE,12,IV.14,20.7917,gompertz_plus_linear,4,5.726,0.0126535,159.124,False,6.5,417.367,1.70828,True,True
LBE,12,IV.14,20.7917,first_order,2,12.7646,0.0282075,223.314,False,9.5,124.926,0.400316,False,False
LBE,12,IV.14,20.7917,modified_gompertz,3,9.22915,0.0203949,197.739,False,9.5,12.1887,-0.0639611,False,False
LBE,12,IV.14,20.7917,logistic,3,14.2545,0.0315001,235.124,False,9.5,43.1149,-0.173659,False,False
LBE,12,IV.14,20.7917,two_pool_first_order,4,12.7646,0.0282075,228.067,True,9.5,124.926,0.400316,True,False
LBE,12,IV.14,20.7917,gompertz_plus_linear,4,5.726,0.0126535,159.124,False,9.5,35.9651,0.0897081,False,True
LBE,12,IV.14,20.7917,first_order,2,12.7646,0.0282075,223.314,False,12.5,43.3874,0.103386,False,False
LBE,12,IV.14,20.7917,modified_gompertz,3,9.22915,0.0203949,197.739,False,12.5,21.8308,-0.0980817,False,False
LBE,12,IV.14,20.7917,logistic,3,14.2545,0.0315001,235.124,False,12.5,40.0881,-0.150106,False,False
LBE,12,IV.14,20.7917,two_pool_first_order,4,12.7646,0.0282075,228.067,True,12.5,43.3874,0.103386,True,False
LBE,12,IV.14,20.7917,gompertz_plus_linear,4,5.726,0.0126535,159.124,False,12.5,21.8308,-0.0980817,True,True
LBE,12,IV.15,20.7917,first_order,2,12.4856,0.0276195,221.414,False,6.5,196.848,0.73781,True,False
LBE,12,IV.15,20.7917,modified_gompertz,3,12.2849,0.0271754,222.335,False,6.5,24.1366,-0.0204326,False,False
LBE,12,IV.15,20.7917,logistic,3,17.5893,0.0389093,253.202,False,6.5,68.7917,-0.267361,False,False
LBE,12,IV.15,20.7917,two_pool_first_order,4,12.4856,0.0276195,226.166,False,6.5,221.086,0.837961,True,False
LBE,12,IV.15,20.7917,gompertz_plus_linear,4,6.22519,0.0137708,166.313,False,6.5,343.488,1.29163,False,True
LBE,12,IV.15,20.7917,first_order,2,12.4856,0.0276195,221.414,False,9.5,114.731,0.361568,False,False
LBE,12,IV.15,20.7917,modified_gompertz,3,12.2849,0.0271754,222.335,False,9.5,22.1183,-0.107795,False,False
LBE,12,IV.15,20.7917,logistic,3,17.5893,0.0389093,253.202,False,9.5,53.1833,-0.207741,False,False
LBE,12,IV.15,20.7917,two_pool_first_order,4,12.4856,0.0276195,226.166,False,9.5,114.731,0.361568,True,False
LBE,12,IV.15,20.7917,gompertz_plus_linear,4,6.22519,0.0137708,166.313,False,9.5,14.649,-0.0688588,False,True
LBE,12,IV.15,20.7917,first_order,2,12.4856,0.0276195,221.414,False,12.5,32.1983,0.0659999,False,False
LBE,12,IV.15,20.7917,modified_gompertz,3,12.2849,0.0271754,222.335,False,12.5,33.8675,-0.133865,False,False
LBE,12,IV.15,20.7917,logistic,3,17.5893,0.0389093,253.202,False,12.5,51.065,-0.182277,False,False
LBE,12,IV.15,20.7917,two_pool_first_order,4,12.4856,0.0276195,226.166,False,12.5,32.1983,0.0659999,True,False
LBE,12,IV.15,20.7917,gompertz_plus_linear,4,6.22519,0.0137708,166.313,False,12.5,33.8675,-0.133865,True,True
LBE,12,IV.2,20.7917,first_order,2,1.32839,0.0386454,28.7214,False,6.5,0.291226,-0.00797842,False,False
LBE,12,IV.2,20.7917,modified_gompertz,3,0.761353,0.0221492,-16.8332,False,6.5,1.8983,-0.0554433,False,False
LBE,12,IV.2,20.7917,logistic,3,0.907057,0.026388,-1.77394,False,6.5,2.15963,-0.0630476,False,False
LBE,12,IV.2,20.7917,two_pool_first_order,4,1.32839,0.0386454,33.474,True,6.5,0.291226,-0.00797843,False,False
LBE,12,IV.2,20.7917,gompertz_plus_linear,4,0.559351,0.0162726,-40.9115,False,6.5,0.824096,0.0381797,False,True
LBE,12,IV.2,20.7917,first_order,2,1.32839,0.0386454,28.7214,False,9.5,0.082473,-0.00228596,False,False
LBE,12,IV.2,20.7917,modified_gompertz,3,0.761353,0.0221492,-16.8332,False,9.5,1.08633,-0.0316033,False,False
LBE,12,IV.2,20.7917,logistic,3,0.907057,0.026388,-1.77394,False,9.5,1.28673,-0.0374333,False,False
LBE,12,IV.2,20.7917,two_pool_first_order,4,1.32839,0.0386454,33.474,True,9.5,0.0824731,-0.00228596,True,False
LBE,12,IV.2,20.7917,gompertz_plus_linear,4,0.559351,0.0162726,-40.9115,False,9.5,3.17692,0.148627,False,True
LBE,12,IV.2,20.7917,first_order,2,1.32839,0.0386454,28.7214,False,12.5,0.0443344,-0.00127285,False,False
LBE,12,IV.2,20.7917,modified_gompertz,3,0.761353,0.0221492,-16.8332,False,12.5,0.747246,-0.0217388,False,False
LBE,12,IV.2,20.7917,logistic,3,0.907057,0.026388,-1.77394,False,12.5,0.90427,-0.0263069,False,False
LBE,12,IV.2,20.7917,two_pool_first_order,4,1.32839,0.0386454,33.474,True,12.5,0.0443342,-0.00127284,True,False
LBE,12,IV.2,20.7917,gompertz_plus_linear,4,0.559351,0.0162726,-40.9115,False,12.5,2.01639,0.08691,False,True
LBE,12,IV.3,20.7917,first_order,2,0.486071,0.0336018,-57.7405,False,6.5,1.31592,0.190717,False,False
LBE,12,IV.3,20.7917,modified_gompertz,3,0.35238,0.0243599,-83.0864,True,6.5,3.60509,-0.291889,False,True
LBE,12,IV.3,20.7917,logistic,3,0.469171,0.0324335,-58.4684,False,6.5,4.52373,-0.364734,False,False
LBE,12,IV.3,20.7917,two_pool_first_order,4,0.486071,0.0336018,-52.9878,True,6.5,1.31592,0.190717,True,False
LBE,12,IV.3,20.7917,gompertz_plus_linear,4,0.35238,0.0243599,-80.6492,True,6.5,4.53013,0.637004,False,False
LBE,12,IV.3,20.7917,first_order,2,0.486071,0.0336018,-57.7405,False,9.5,1.40666,0.18237,False,False
LBE,12,IV.3,20.7917,modified_gompertz,3,0.35238,0.0243599,-83.0864,True,9.5,1.7079,-0.117817,False,True
LBE,12,IV.3,20.7917,logistic,3,0.469171,0.0324335,-58.4684,False,9.5,2.52679,-0.188454,False,False
LBE,12,IV.3,20.7917,two_pool_first_order,4,0.486071,0.0336018,-52.9878,True,9.5,1.40666,0.18237,True,False
LBE,12,IV.3,20.7917,gompertz_plus_linear,4,0.35238,0.0243599,-80.6492,True,9.5,3.68231,0.481957,False,False
LBE,12,IV.3,20.7917,first_order,2,0.486071,0.0336018,-57.7405,False,12.5,1.9931,0.217876,False,False
LBE,12,IV.3,20.7917,modified_gompertz,3,0.35238,0.0243599,-83.0864,True,12.5,0.312535,0.0176589,True,True
LBE,12,IV.3,20.7917,logistic,3,0.469171,0.0324335,-58.4684,False,12.5,0.718031,-0.0411663,False,False
LBE,12,IV.3,20.7917,two_pool_first_order,4,0.486071,0.0336018,-52.9878,True,12.5,2.76034,0.310585,True,False
LBE,12,IV.3,20.7917,gompertz_plus_linear,4,0.35238,0.0243599,-80.6492,True,12.5,3.88703,0.44325,False,False
LBE,12,IV.4,20.7917,first_order,2,13.6337,0.0243621,228.979,False,6.5,243.428,0.691881,True,False
LBE,12,IV.4,20.7917,modified_gompertz,3,23.9686,0.0428297,279.815,True,6.5,77.6837,-0.271241,False,False
LBE,12,IV.4,20.7917,logistic,3,30.9208,0.0552527,301.718,True,6.5,126.154,-0.382762,False,False
LBE,12,IV.4,20.7917,two_pool_first_order,4,11.7765,0.0210436,221.138,True,6.5,262.403,0.755038,True,False
LBE,12,IV.4,20.7917,gompertz_plus_linear,4,4.88739,0.00873332,145.505,False,6.5,15.8332,-0.0475668,False,True
LBE,12,IV.4,20.7917,first_order,2,13.6337,0.0243621,228.979,False,9.5,22.1818,-0.00491294,False,False
LBE,12,IV.4,20.7917,modified_gompertz,3,23.9686,0.0428297,279.815,True,9.5,94.9005,-0.287868,False,False
LBE,12,IV.4,20.7917,logistic,3,30.9208,0.0552527,301.718,True,9.5,116.749,-0.334856,False,False
LBE,12,IV.4,20.7917,two_pool_first_order,4,11.7765,0.0210436,221.138,True,9.5,22.1819,-0.00491292,True,False
LBE,12,IV.4,20.7917,gompertz_plus_linear,4,4.88739,0.00873332,145.505,False,9.5,72.2402,-0.219693,False,True
LBE,12,IV.4,20.7917,first_order,2,13.6337,0.0243621,228.979,False,12.5,25.9978,-0.0897936,False,False
LBE,12,IV.4,20.7917,modified_gompertz,3,23.9686,0.0428297,279.815,True,12.5,85.1844,-0.239455,False,False
LBE,12,IV.4,20.7917,logistic,3,30.9208,0.0552527,301.718,True,12.5,101.357,-0.273617,False,False
LBE,12,IV.4,20.7917,two_pool_first_order,4,11.7765,0.0210436,221.138,True,12.5,25.9978,-0.0897936,True,False
LBE,12,IV.4,20.7917,gompertz_plus_linear,4,4.88739,0.00873332,145.505,False,12.5,21.0847,-0.0592626,False,True
LBE,12,IV.5,20.7917,first_order,2,24.7685,0.0396319,280.323,False,6.5,162.717,0.310097,False,False
LBE,12,IV.5,20.7917,modified_gompertz,3,37.3782,0.0598085,318.029,True,6.5,107.474,-0.361257,False,False
LBE,12,IV.5,20.7917,logistic,3,43.3677,0.0693922,330.811,True,6.5,145.717,-0.442053,False,False
LBE,12,IV.5,20.7917,two_pool_first_order,4,16.8759,0.027003,252.079,True,6.5,162.717,0.310098,True,False
LBE,12,IV.5,20.7917,gompertz_plus_linear,4,11.8353,0.0189375,221.566,False,6.5,37.6568,-0.147221,False,True
LBE,12,IV.5,20.7917,first_order,2,24.7685,0.0396319,280.323,False,9.5,46.1188,-0.170429,False,False
LBE,12,IV.5,20.7917,modified_gompertz,3,37.3782,0.0598085,318.029,True,9.5,124.046,-0.367945,False,False
LBE,12,IV.5,20.7917,logistic,3,43.3677,0.0693922,330.811,True,9.5,141.663,-0.402724,False,False
LBE,12,IV.5,20.7917,two_pool_first_order,4,16.8759,0.027003,252.079,True,9.5,46.1188,-0.170429,True,False
LBE,12,IV.5,20.7917,gompertz_plus_linear,4,11.8353,0.0189375,221.566,False,9.5,100.325,-0.304206,False,True
LBE,12,IV.5,20.7917,first_order,2,24.7685,0.0396319,280.323,False,12.5,74.3543,-0.222909,False,False
LBE,12,IV.5,20.7917,modified_gompertz,3,37.3782,0.0598085,318.029,True,12.5,122.986,-0.330416,False,False
LBE,12,IV.5,20.7917,logistic,3,43.3677,0.0693922,330.811,True,12.5,136.411,-0.35593,False,False
LBE,12,IV.5,20.7917,two_pool_first_order,4,16.8759,0.027003,252.079,True,12.5,74.3543,-0.222909,True,False
LBE,12,IV.5,20.7917,gompertz_plus_linear,4,11.8353,0.0189375,221.566,False,12.5,61.63,-0.176909,False,True
LBE,12,IV.6,20.7917,first_order,2,11.9414,0.0220097,217.581,False,6.5,178.139,0.485217,False,False
LBE,12,IV.6,20.7917,modified_gompertz,3,19.2591,0.0354972,261.002,True,6.5,67.7895,-0.2072,False,False
LBE,12,IV.6,20.7917,logistic,3,26.3582,0.0485819,287.988,True,6.5,106.043,-0.291143,False,False
LBE,12,IV.6,20.7917,two_pool_first_order,4,11.579,0.0213417,219.683,True,6.5,178.139,0.485217,False,False
LBE,12,IV.6,20.7917,gompertz_plus_linear,4,4.42623,0.00815816,136.982,False,6.5,16.0034,0.0580429,False,True
LBE,12,IV.6,20.7917,first_order,2,11.9414,0.0220097,217.581,False,9.5,27.205,0.0404997,False,False
LBE,12,IV.6,20.7917,modified_gompertz,3,19.2591,0.0354972,261.002,True,9.5,66.6635,-0.187672,False,False
LBE,12,IV.6,20.7917,logistic,3,26.3582,0.0485819,287.988,True,9.5,85.961,-0.228733,False,False
LBE,12,IV.6,20.7917,two_pool_first_order,4,11.579,0.0213417,219.683,True,9.5,27.205,0.0404997,True,False
LBE,12,IV.6,20.7917,gompertz_plus_linear,4,4.42623,0.00815816,136.982,False,9.5,10.9521,-0.0162039,False,True
LBE,12,IV.6,20.7917,first_order,2,11.9414,0.0220097,217.581,False,12.5,10.6795,-0.0259292,False,False
LBE,12,IV.6,20.7917,modified_gompertz,3,19.2591,0.0354972,261.002,True,12.5,56.1762,-0.147433,False,False
LBE,12,IV.6,20.7917,logistic,3,26.3582,0.0485819,287.988,True,12.5,69.8026,-0.175971,False,False
LBE,12,IV.6,20.7917,two_pool_first_order,4,11.579,0.0213417,219.683,True,12.5,10.6795,-0.0259292,True,False
LBE,12,IV.6,20.7917,gompertz_plus_linear,4,4.42623,0.00815816,136.982,False,12.5,8.32278,0.0324433,False,True
LBE,12,IV.7,20.7917,first_order,2,12.6476,0.02496,222.522,False,6.5,205.965,0.600545,False,False
LBE,12,IV.7,20.7917,modified_gompertz,3,15.1034,0.0298066,240.098,True,6.5,47.1382,-0.157493,False,False
LBE,12,IV.7,20.7917,logistic,3,21.854,0.0431289,271.872,True,6.5,83.2376,-0.241392,False,False
LBE,12,IV.7,20.7917,two_pool_first_order,4,12.6476,0.02496,227.275,True,6.5,205.965,0.600545,True,False
LBE,12,IV.7,20.7917,gompertz_plus_linear,4,5.2797,0.0104195,152.145,False,6.5,47.1382,-0.157493,True,True
LBE,12,IV.7,20.7917,first_order,2,12.6476,0.02496,222.522,False,9.5,33.2967,0.0657378,False,False
LBE,12,IV.7,20.7917,modified_gompertz,3,15.1034,0.0298066,240.098,True,9.5,52.1233,-0.155784,False,False
LBE,12,IV.7,20.7917,logistic,3,21.854,0.0431289,271.872,True,9.5,69.0324,-0.192994,False,False
LBE,12,IV.7,20.7917,two_pool_first_order,4,12.6476,0.02496,227.275,True,9.5,33.2967,0.0657378,True,False
LBE,12,IV.7,20.7917,gompertz_plus_linear,4,5.2797,0.0104195,152.145,False,9.5,27.1453,-0.0739959,False,True
LBE,12,IV.7,20.7917,first_order,2,12.6476,0.02496,222.522,False,12.5,6.26209,-0.00554819,False,False
LBE,12,IV.7,20.7917,modified_gompertz,3,15.1034,0.0298066,240.098,True,12.5,42.9311,-0.122079,False,False
LBE,12,IV.7,20.7917,logistic,3,21.854,0.0431289,271.872,True,12.5,55.035,-0.147945,False,False
LBE,12,IV.7,20.7917,two_pool_first_order,4,12.6476,0.02496,227.275,True,12.5,6.26209,-0.00554819,False,False
LBE,12,IV.7,20.7917,gompertz_plus_linear,4,5.2797,0.0104195,152.145,False,12.5,12.2739,0.0409392,False,True
LBE,12,IV.8,20.7917,first_order,2,27.7575,0.0403928,290.122,False,6.5,189.841,0.330749,False,False
LBE,12,IV.8,20.7917,modified_gompertz,3,41.1535,0.0598867,326.304,True,6.5,113.077,-0.340859,False,False
LBE,12,IV.8,20.7917,logistic,3,48.3685,0.070386,340.196,True,6.5,152.361,-0.414447,False,False
LBE,12,IV.8,20.7917,two_pool_first_order,4,20.0373,0.0291584,266.846,True,6.5,189.841,0.33075,True,False
LBE,12,IV.8,20.7917,gompertz_plus_linear,4,13.0082,0.0189296,229.693,False,6.5,90.3053,-0.28161,False,True
LBE,12,IV.8,20.7917,first_order,2,27.7575,0.0403928,290.122,False,9.5,42.6543,-0.141471,False,False
LBE,12,IV.8,20.7917,modified_gompertz,3,41.1535,0.0598867,326.304,True,9.5,125.527,-0.338291,False,False
LBE,12,IV.8,20.7917,logistic,3,48.3685,0.070386,340.196,True,9.5,144.106,-0.37123,False,False
LBE,12,IV.8,20.7917,two_pool_first_order,4,20.0373,0.0291584,266.846,True,9.5,42.6543,-0.141471,True,False
LBE,12,IV.8,20.7917,gompertz_plus_linear,4,13.0082,0.0189296,229.693,False,9.5,94.3062,-0.262309,False,True
LBE,12,IV.8,20.7917,first_order,2,27.7575,0.0403928,290.122,False,12.5,69.5133,-0.193955,False,False
LBE,12,IV.8,20.7917,modified_gompertz,3,41.1535,0.0598867,326.304,True,12.5,122.475,-0.301023,False,False
LBE,12,IV.8,20.7917,logistic,3,48.3685,0.070386,340.196,True,12.5,136.643,-0.325378,False,False
LBE,12,IV.8,20.7917,two_pool_first_order,4,20.0373,0.0291584,266.846,True,12.5,69.5133,-0.193955,True,False
LBE,12,IV.8,20.7917,gompertz_plus_linear,4,13.0082,0.0189296,229.693,False,12.5,50.4079,-0.136504,False,True
LBE,12,IV.9,20.7917,first_order,2,19.7409,0.0312293,260.812,False,6.5,179.736,0.395376,True,False
LBE,12,IV.9,20.7917,modified_gompertz,3,30.3914,0.0480778,300.233,True,6.5,79.4327,-0.304683,False,False
LBE,12,IV.9,20.7917,logistic,3,36.4712,0.0576957,315.916,True,6.5,143.702,-0.45138,False,False
LBE,12,IV.9,20.7917,two_pool_first_order,4,15.8192,0.0250253,246.518,True,6.5,210.64,0.487655,True,False
LBE,12,IV.9,20.7917,gompertz_plus_linear,4,11.2865,0.0178548,217.483,False,6.5,48.5628,-0.00714564,False,True
LBE,12,IV.9,20.7917,first_order,2,19.7409,0.0312293,260.812,False,9.5,30.5099,-0.0583864,False,False
LBE,12,IV.9,20.7917,modified_gompertz,3,30.3914,0.0480778,300.233,True,9.5,117.307,-0.366184,False,False
LBE,12,IV.9,20.7917,logistic,3,36.4712,0.0576957,315.916,True,9.5,143.622,-0.419371,False,False
LBE,12,IV.9,20.7917,two_pool_first_order,4,15.8192,0.0250253,246.518,True,9.5,30.5099,-0.0583864,True,False
LBE,12,IV.9,20.7917,gompertz_plus_linear,4,11.2865,0.0178548,217.483,False,9.5,117.307,-0.366184,True,True
LBE,12,IV.9,20.7917,first_order,2,19.7409,0.0312293,260.812,False,12.5,47.5089,-0.167118,False,False
LBE,12,IV.9,20.7917,modified_gompertz,3,30.3914,0.0480778,300.233,True,12.5,113.72,-0.324722,False,False
LBE,12,IV.9,20.7917,logistic,3,36.4712,0.0576957,315.916,True,12.5,132.483,-0.361807,False,False
LBE,12,IV.9,20.7917,two_pool_first_order,4,15.8192,0.0250253,246.518,True,12.5,47.5089,-0.167118,True,False
LBE,12,IV.9,20.7917,gompertz_plus_linear,4,11.2865,0.0178548,217.483,False,12.5,59.7399,-0.186703,False,True
